school_number,school,year,meet,sport,event,division,rank,source,club,is_individual_event
401010,一橋,令和6年度,全国大会（定時制通信制）,第59回陸上競技大会,,女,2位,https://www.tokyo-kotairen.gr.jp/wp-content/uploads/2025/04/teiji_tsushin_tokyo_result.pdf,陸上部,0
401040,三田,令和5年度,関東大会,卓球,学校対抗,男,1回戦,https://www.tokyo-kotairen.gr.jp/wp-content/uploads/2024/04/R5_kanto_results.pdf,卓球部,0
401210,大崎,令和7年度,関東大会,ﾊﾞｽｹｯﾄﾎﾞｰﾙ,学校対抗,男,1回戦,https://www.tokyo-kotairen.gr.jp/wp-content/uploads/2026/04/R7-kantou-result.pdf,男子バスケットボール部,0
401230,小山台,令和5年度,全国大会（インターハイ）,自転車競技,,男,出場,https://www.tokyo-kotairen.gr.jp/wp-content/uploads/2024/04/R5_alljapan_results.pdf,,0
401230,小山台,令和5年度,関東大会,,スクラッチ,男,8位,https://www.tokyo-kotairen.gr.jp/wp-content/uploads/2024/04/R5_kanto_results.pdf,,0
401230,小山台,令和5年度,関東大会,,個人 ロード・レース,男,30位,https://www.tokyo-kotairen.gr.jp/wp-content/uploads/2024/04/R5_kanto_results.pdf,,1
401230,小山台,令和7年度,関東大会,,やり投,女,決勝9位,https://www.tokyo-kotairen.gr.jp/wp-content/uploads/2026/04/R7-kantou-result.pdf,陸上競技班,0
401240,雪谷,令和5年度,東京都大会,（３層・Layer３）,団体,女,4位,https://www.tokyo-kotairen.gr.jp/wp-content/uploads/2024/04/R5_tokyo_results.pdf,,0
401240,雪谷,令和6年度,全国大会（インターハイ）,水泳（競泳）,,男,44位,https://www.tokyo-kotairen.gr.jp/wp-content/uploads/2025/04/ih_result.pdf,水泳部,0
401240,雪谷,令和6年度,関東大会,,100ｍ バタフライ,男,14位,https://www.tokyo-kotairen.gr.jp/wp-content/uploads/2025/04/kt_result.pdf,水泳部,0
401240,雪谷,令和7年度,全国大会（インターハイ）,陸上競技,やり投,男,決勝出場,https://www.tokyo-kotairen.gr.jp/wp-content/uploads/2026/04/R7-IH-result.pdf,陸上競技部,0
401240,雪谷,令和7年度,全国大会（インターハイ）,水泳(競泳),100m自由形,男,54位,https://www.tokyo-kotairen.gr.jp/wp-content/uploads/2026/04/R7-IH-result.pdf,水泳部,0
401240,雪谷,令和7年度,全国大会（インターハイ）,,ﾊﾞﾀﾌﾗｲ,男,20位,https://www.tokyo-kotairen.gr.jp/wp-content/uploads/2026/04/R7-IH-result.pdf,,0
401240,雪谷,令和7年度,全国大会（インターハイ）,,ﾊﾞﾀﾌﾗｲ,男,43位,https://www.tokyo-kotairen.gr.jp/wp-content/uploads/2026/04/R7-IH-result.pdf,,0
401240,雪谷,令和7年度,関東大会,,やり投,男,決勝6位,https://www.tokyo-kotairen.gr.jp/wp-content/uploads/2026/04/R7-kantou-result.pdf,陸上競技部,0
401240,雪谷,令和7年度,関東大会,,,男,予選11位,https://www.tokyo-kotairen.gr.jp/wp-content/uploads/2026/04/R7-kantou-result.pdf,,0
401240,雪谷,令和7年度,関東大会,,100m ﾊﾞﾀﾌﾗｲ,男,決勝5位,https://www.tokyo-kotairen.gr.jp/wp-content/uploads/2026/04/R7-kantou-result.pdf,陸上競技部,0
401240,雪谷,令和7年度,関東大会,,100m ﾊﾞﾀﾌﾗｲ,男,予選11位,https://www.tokyo-kotairen.gr.jp/wp-content/uploads/2026/04/R7-kantou-result.pdf,陸上競技部,0
401240,雪谷,令和7年度,関東大会,,4×200m ﾌﾘｰﾘﾚｰ,男,予選27位,https://www.tokyo-kotairen.gr.jp/wp-content/uploads/2026/04/R7-kantou-result.pdf,陸上競技部,0
401240,雪谷,令和7年度,東京都大会,（３層・Layer３）,団体,女,4位,https://www.tokyo-kotairen.gr.jp/wp-content/uploads/2026/04/R7-tosoutai-result.pdf,,0
401520,美原,令和5年度,東京都大会,弓道,団体,男,3位,https://www.tokyo-kotairen.gr.jp/wp-content/uploads/2024/04/R5_tokyo_results.pdf,弓道部,0
401520,美原,令和6年度,関東大会,ソフトボール,学校対抗,男,1回戦,https://www.tokyo-kotairen.gr.jp/wp-content/uploads/2025/04/kt_result.pdf,男子ソフトボール部,0
401520,美原,令和6年度,関東大会,弓道,団体,男,出場,https://www.tokyo-kotairen.gr.jp/wp-content/uploads/2025/04/kt_result.pdf,弓道部,0
402010,戸山,令和5年度,全国大会（インターハイ）,,,女,3位,https://www.tokyo-kotairen.gr.jp/wp-content/uploads/2024/04/R5_alljapan_results.pdf,,0
402010,戸山,令和5年度,全国大会（インターハイ）,,,女,4位,https://www.tokyo-kotairen.gr.jp/wp-content/uploads/2024/04/R5_alljapan_results.pdf,,0
402010,戸山,令和5年度,関東大会,水泳 (競泳),学校対抗,女,13位,https://www.tokyo-kotairen.gr.jp/wp-content/uploads/2024/04/R5_kanto_results.pdf,水泳部,0
402010,戸山,令和5年度,関東大会,,100ｍ平泳ぎ,女,26位,https://www.tokyo-kotairen.gr.jp/wp-content/uploads/2024/04/R5_kanto_results.pdf,水泳部,0
402010,戸山,令和5年度,関東大会,,200ｍ 個人メドレー,女,優勝,https://www.tokyo-kotairen.gr.jp/wp-content/uploads/2024/04/R5_kanto_results.pdf,水泳部,1
402010,戸山,令和5年度,関東大会,,400m 個人メドレー,女,優勝,https://www.tokyo-kotairen.gr.jp/wp-content/uploads/2024/04/R5_kanto_results.pdf,水泳部,1
402010,戸山,令和6年度,全国大会（インターハイ）,カヌー,,男,1回戦,https://www.tokyo-kotairen.gr.jp/wp-content/uploads/2025/04/ih_result.pdf,,0
402010,戸山,令和6年度,関東大会,,200ｍ バタフライ,女,優勝,https://www.tokyo-kotairen.gr.jp/wp-content/uploads/2025/04/kt_result.pdf,水泳部,0
402010,戸山,令和6年度,関東大会,,400m,女,準優勝,https://www.tokyo-kotairen.gr.jp/wp-content/uploads/2025/04/kt_result.pdf,陸上競技部,0
402010,戸山,令和7年度,関東大会,ｶﾇｰ,男子カヤック シングル500m,男,8位,https://www.tokyo-kotairen.gr.jp/wp-content/uploads/2026/04/R7-kantou-result.pdf,,0
402030,駒場,令和5年度,全国大会（インターハイ）,陸上競技,,男,予選6位,https://www.tokyo-kotairen.gr.jp/wp-content/uploads/2024/04/R5_alljapan_results.pdf,陸上競技部,0
402030,駒場,令和5年度,全国大会（インターハイ）,陸上競技,,女,決勝12位,https://www.tokyo-kotairen.gr.jp/wp-content/uploads/2024/04/R5_alljapan_results.pdf,陸上競技部,0
402030,駒場,令和5年度,全国大会（インターハイ）,水泳(競泳),,男,26位,https://www.tokyo-kotairen.gr.jp/wp-content/uploads/2024/04/R5_alljapan_results.pdf,水泳部,0
402030,駒場,令和5年度,全国大会（インターハイ）,水泳(競泳),,男,48位,https://www.tokyo-kotairen.gr.jp/wp-content/uploads/2024/04/R5_alljapan_results.pdf,水泳部,0
402030,駒場,令和5年度,全国大会（インターハイ）,水泳(競泳),,男,18位,https://www.tokyo-kotairen.gr.jp/wp-content/uploads/2024/04/R5_alljapan_results.pdf,水泳部,0
402030,駒場,令和5年度,全国大会（インターハイ）,水泳(競泳),,男,42位,https://www.tokyo-kotairen.gr.jp/wp-content/uploads/2024/04/R5_alljapan_results.pdf,水泳部,0
402030,駒場,令和5年度,全国大会（インターハイ）,,,男,23位,https://www.tokyo-kotairen.gr.jp/wp-content/uploads/2024/04/R5_alljapan_results.pdf,,0
402030,駒場,令和5年度,全国大会（インターハイ）,,,男,21位,https://www.tokyo-kotairen.gr.jp/wp-content/uploads/2024/04/R5_alljapan_results.pdf,,0
402030,駒場,令和5年度,全国大会（インターハイ）,,,男,42位,https://www.tokyo-kotairen.gr.jp/wp-content/uploads/2024/04/R5_alljapan_results.pdf,,0
402030,駒場,令和5年度,全国大会（インターハイ）,自転車競技,,女,9位,https://www.tokyo-kotairen.gr.jp/wp-content/uploads/2024/04/R5_alljapan_results.pdf,,0
402030,駒場,令和5年度,関東大会,陸上競技,４００ｍ,男,予選7位,https://www.tokyo-kotairen.gr.jp/wp-content/uploads/2024/04/R5_kanto_results.pdf,陸上競技部,0
402030,駒場,令和5年度,関東大会,陸上競技,４×１００ｍ リレー,女,予選6位,https://www.tokyo-kotairen.gr.jp/wp-content/uploads/2024/04/R5_kanto_results.pdf,陸上競技部,0
402030,駒場,令和5年度,関東大会,陸上競技,４×4００ｍ リレー,女,予選6位,https://www.tokyo-kotairen.gr.jp/wp-content/uploads/2024/04/R5_kanto_results.pdf,陸上競技部,0
402030,駒場,令和5年度,関東大会,陸上競技,走高跳,男,決勝4位,https://www.tokyo-kotairen.gr.jp/wp-content/uploads/2024/04/R5_kanto_results.pdf,陸上競技部,0
402030,駒場,令和5年度,関東大会,,走幅跳,女,決勝14位,https://www.tokyo-kotairen.gr.jp/wp-content/uploads/2024/04/R5_kanto_results.pdf,陸上競技部,0
402030,駒場,令和5年度,関東大会,,やり投,女,決勝17位,https://www.tokyo-kotairen.gr.jp/wp-content/uploads/2024/04/R5_kanto_results.pdf,陸上競技部,0
402030,駒場,令和5年度,関東大会,,七種競技,女,準優勝,https://www.tokyo-kotairen.gr.jp/wp-content/uploads/2024/04/R5_kanto_results.pdf,,0
402030,駒場,令和5年度,関東大会,体操 (機械体操),団体総合,女,10位,https://www.tokyo-kotairen.gr.jp/wp-content/uploads/2024/04/R5_kanto_results.pdf,,0
402030,駒場,令和5年度,関東大会,体操 (機械体操),団体総合,男,17位,https://www.tokyo-kotairen.gr.jp/wp-content/uploads/2024/04/R5_kanto_results.pdf,,0
402030,駒場,令和5年度,関東大会,体操 (機械体操),個人総合,女,46位,https://www.tokyo-kotairen.gr.jp/wp-content/uploads/2024/04/R5_kanto_results.pdf,,1
402030,駒場,令和5年度,関東大会,体操 (機械体操),個人総合,女,51位,https://www.tokyo-kotairen.gr.jp/wp-content/uploads/2024/04/R5_kanto_results.pdf,,1
402030,駒場,令和5年度,関東大会,体操 (機械体操),個人総合,女,61位,https://www.tokyo-kotairen.gr.jp/wp-content/uploads/2024/04/R5_kanto_results.pdf,,1
402030,駒場,令和5年度,関東大会,体操 (機械体操),個人総合,女,69位,https://www.tokyo-kotairen.gr.jp/wp-content/uploads/2024/04/R5_kanto_results.pdf,,1
402030,駒場,令和5年度,関東大会,,個人総合,男,56位,https://www.tokyo-kotairen.gr.jp/wp-content/uploads/2024/04/R5_kanto_results.pdf,,1
402030,駒場,令和5年度,関東大会,,個人総合,男,89位,https://www.tokyo-kotairen.gr.jp/wp-content/uploads/2024/04/R5_kanto_results.pdf,,1
402030,駒場,令和5年度,関東大会,,個人総合,男,91位,https://www.tokyo-kotairen.gr.jp/wp-content/uploads/2024/04/R5_kanto_results.pdf,,1
402030,駒場,令和5年度,関東大会,,ゆか,女,44位,https://www.tokyo-kotairen.gr.jp/wp-content/uploads/2024/04/R5_kanto_results.pdf,,0
402030,駒場,令和5年度,関東大会,,ゆか,女,46位,https://www.tokyo-kotairen.gr.jp/wp-content/uploads/2024/04/R5_kanto_results.pdf,,0
402030,駒場,令和5年度,関東大会,,ゆか,男,75位,https://www.tokyo-kotairen.gr.jp/wp-content/uploads/2024/04/R5_kanto_results.pdf,,0
402030,駒場,令和5年度,関東大会,,ゆか,女,57位,https://www.tokyo-kotairen.gr.jp/wp-content/uploads/2024/04/R5_kanto_results.pdf,,0
402030,駒場,令和5年度,関東大会,,ゆか,男,93位,https://www.tokyo-kotairen.gr.jp/wp-content/uploads/2024/04/R5_kanto_results.pdf,,0
402030,駒場,令和5年度,関東大会,,ゆか,女,71位,https://www.tokyo-kotairen.gr.jp/wp-content/uploads/2024/04/R5_kanto_results.pdf,,0
402030,駒場,令和5年度,関東大会,,跳馬,男,24位,https://www.tokyo-kotairen.gr.jp/wp-content/uploads/2024/04/R5_kanto_results.pdf,体操競技部,0
402030,駒場,令和5年度,関東大会,,跳馬,女,38位,https://www.tokyo-kotairen.gr.jp/wp-content/uploads/2024/04/R5_kanto_results.pdf,体操競技部,0
402030,駒場,令和5年度,関東大会,,跳馬,女,42位,https://www.tokyo-kotairen.gr.jp/wp-content/uploads/2024/04/R5_kanto_results.pdf,体操競技部,0
402030,駒場,令和5年度,関東大会,,跳馬,女,50位,https://www.tokyo-kotairen.gr.jp/wp-content/uploads/2024/04/R5_kanto_results.pdf,体操競技部,0
402030,駒場,令和5年度,関東大会,,跳馬,女,52位,https://www.tokyo-kotairen.gr.jp/wp-content/uploads/2024/04/R5_kanto_results.pdf,体操競技部,0
402030,駒場,令和5年度,関東大会,,跳馬,男,94位,https://www.tokyo-kotairen.gr.jp/wp-content/uploads/2024/04/R5_kanto_results.pdf,体操競技部,0
402030,駒場,令和5年度,関東大会,,段違い平行棒,女,38位,https://www.tokyo-kotairen.gr.jp/wp-content/uploads/2024/04/R5_kanto_results.pdf,,0
402030,駒場,令和5年度,関東大会,,段違い平行棒,女,42位,https://www.tokyo-kotairen.gr.jp/wp-content/uploads/2024/04/R5_kanto_results.pdf,,0
402030,駒場,令和5年度,関東大会,,平行棒,男,57位,https://www.tokyo-kotairen.gr.jp/wp-content/uploads/2024/04/R5_kanto_results.pdf,,0
402030,駒場,令和5年度,関東大会,,平行棒,男,60位,https://www.tokyo-kotairen.gr.jp/wp-content/uploads/2024/04/R5_kanto_results.pdf,,0
402030,駒場,令和5年度,関東大会,,段違い平行棒,女,59位,https://www.tokyo-kotairen.gr.jp/wp-content/uploads/2024/04/R5_kanto_results.pdf,,0
402030,駒場,令和5年度,関東大会,,段違い平行棒,女,65位,https://www.tokyo-kotairen.gr.jp/wp-content/uploads/2024/04/R5_kanto_results.pdf,,0
402030,駒場,令和5年度,関東大会,,平均台,女,40位,https://www.tokyo-kotairen.gr.jp/wp-content/uploads/2024/04/R5_kanto_results.pdf,体操競技部,0
402030,駒場,令和5年度,関東大会,,あん馬,男,50位,https://www.tokyo-kotairen.gr.jp/wp-content/uploads/2024/04/R5_kanto_results.pdf,体操競技部,0
402030,駒場,令和5年度,関東大会,,平均台,女,60位,https://www.tokyo-kotairen.gr.jp/wp-content/uploads/2024/04/R5_kanto_results.pdf,体操競技部,0
402030,駒場,令和5年度,関東大会,,平均台,女,79位,https://www.tokyo-kotairen.gr.jp/wp-content/uploads/2024/04/R5_kanto_results.pdf,体操競技部,0
402030,駒場,令和5年度,関東大会,,あん馬,男,92位,https://www.tokyo-kotairen.gr.jp/wp-content/uploads/2024/04/R5_kanto_results.pdf,体操競技部,0
402030,駒場,令和5年度,関東大会,,平均台,女,80位,https://www.tokyo-kotairen.gr.jp/wp-content/uploads/2024/04/R5_kanto_results.pdf,体操競技部,0
402030,駒場,令和5年度,関東大会,,,男,57位,https://www.tokyo-kotairen.gr.jp/wp-content/uploads/2024/04/R5_kanto_results.pdf,,0
402030,駒場,令和5年度,関東大会,,,男,66位,https://www.tokyo-kotairen.gr.jp/wp-content/uploads/2024/04/R5_kanto_results.pdf,,0
402030,駒場,令和5年度,関東大会,,,男,93位,https://www.tokyo-kotairen.gr.jp/wp-content/uploads/2024/04/R5_kanto_results.pdf,,0
402030,駒場,令和5年度,関東大会,,鉄棒,男,35位,https://www.tokyo-kotairen.gr.jp/wp-content/uploads/2024/04/R5_kanto_results.pdf,体操競技部,0
402030,駒場,令和5年度,関東大会,,鉄棒,男,78位,https://www.tokyo-kotairen.gr.jp/wp-content/uploads/2024/04/R5_kanto_results.pdf,体操競技部,0
402030,駒場,令和5年度,関東大会,,鉄棒,男,90位,https://www.tokyo-kotairen.gr.jp/wp-content/uploads/2024/04/R5_kanto_results.pdf,体操競技部,0
402030,駒場,令和5年度,関東大会,バスケットボール,学校対抗,女,1回戦,https://www.tokyo-kotairen.gr.jp/wp-content/uploads/2024/04/R5_kanto_results.pdf,女子バスケットボール部,0
402030,駒場,令和5年度,関東大会,バレーボール,学校対抗,女,2回戦,https://www.tokyo-kotairen.gr.jp/wp-content/uploads/2024/04/R5_kanto_results.pdf,女子バレーボール部,0
402030,駒場,令和5年度,関東大会,水泳 (競泳),学校対抗,男,18位,https://www.tokyo-kotairen.gr.jp/wp-content/uploads/2024/04/R5_kanto_results.pdf,水泳部,0
402030,駒場,令和5年度,関東大会,水泳 (競泳),50m自由形,男,10位,https://www.tokyo-kotairen.gr.jp/wp-content/uploads/2024/04/R5_kanto_results.pdf,水泳部,0
402030,駒場,令和5年度,関東大会,水泳 (競泳),100m自由形,男,16位,https://www.tokyo-kotairen.gr.jp/wp-content/uploads/2024/04/R5_kanto_results.pdf,水泳部,0
402030,駒場,令和5年度,関東大会,水泳 (競泳),100m背泳ぎ,男,4位,https://www.tokyo-kotairen.gr.jp/wp-content/uploads/2024/04/R5_kanto_results.pdf,水泳部,0
402030,駒場,令和5年度,関東大会,,,男,16位,https://www.tokyo-kotairen.gr.jp/wp-content/uploads/2024/04/R5_kanto_results.pdf,,0
402030,駒場,令和5年度,関東大会,,100ｍ バタフライ,男,8位,https://www.tokyo-kotairen.gr.jp/wp-content/uploads/2024/04/R5_kanto_results.pdf,水泳部,0
402030,駒場,令和5年度,関東大会,,100ｍ バタフライ,男,33位,https://www.tokyo-kotairen.gr.jp/wp-content/uploads/2024/04/R5_kanto_results.pdf,水泳部,0
402030,駒場,令和5年度,関東大会,,4×100m フリーリレー,男,9位,https://www.tokyo-kotairen.gr.jp/wp-content/uploads/2024/04/R5_kanto_results.pdf,陸上競技部,0
402030,駒場,令和5年度,関東大会,,,女,28位,https://www.tokyo-kotairen.gr.jp/wp-content/uploads/2024/04/R5_kanto_results.pdf,,0
402030,駒場,令和5年度,関東大会,,4×200ｍ フリーリレー,男,20位,https://www.tokyo-kotairen.gr.jp/wp-content/uploads/2024/04/R5_kanto_results.pdf,陸上競技部,0
402030,駒場,令和5年度,関東大会,,4×100m メドレーリレー,男,9位,https://www.tokyo-kotairen.gr.jp/wp-content/uploads/2024/04/R5_kanto_results.pdf,水泳部,0
402030,駒場,令和5年度,関東大会,,500m タイム・トライアル,女,8位,https://www.tokyo-kotairen.gr.jp/wp-content/uploads/2024/04/R5_kanto_results.pdf,陸上競技部,0
402030,駒場,令和5年度,関東大会,,2km インディヴィデュア ル・パシュート,女,5位,https://www.tokyo-kotairen.gr.jp/wp-content/uploads/2024/04/R5_kanto_results.pdf,,0
402030,駒場,令和5年度,東京都大会,体操,団体,男,4位,https://www.tokyo-kotairen.gr.jp/wp-content/uploads/2024/04/R5_tokyo_results.pdf,体操競技部,0
402030,駒場,令和5年度,東京都大会,体操,団体,女,4位,https://www.tokyo-kotairen.gr.jp/wp-content/uploads/2024/04/R5_tokyo_results.pdf,体操競技部,0
402030,駒場,令和5年度,東京都大会,自転車競技,団体,女,1位,https://www.tokyo-kotairen.gr.jp/wp-content/uploads/2024/04/R5_tokyo_results.pdf,,0
402030,駒場,令和6年度,全国大会（インターハイ）,陸上競技,,男,出場,https://www.tokyo-kotairen.gr.jp/wp-content/uploads/2025/04/ih_result.pdf,陸上競技部,0
402030,駒場,令和6年度,全国大会（インターハイ）,水泳（競泳）,,男,20位,https://www.tokyo-kotairen.gr.jp/wp-content/uploads/2025/04/ih_result.pdf,水泳部,0
402030,駒場,令和6年度,全国大会（インターハイ）,水泳（競泳）,,男,41位,https://www.tokyo-kotairen.gr.jp/wp-content/uploads/2025/04/ih_result.pdf,水泳部,0
402030,駒場,令和6年度,全国大会（インターハイ）,,,男,30位,https://www.tokyo-kotairen.gr.jp/wp-content/uploads/2025/04/ih_result.pdf,,0
402030,駒場,令和6年度,全国大会（インターハイ）,,,女,46位,https://www.tokyo-kotairen.gr.jp/wp-content/uploads/2025/04/ih_result.pdf,,0
402030,駒場,令和6年度,全国大会（インターハイ）,,,男,54位,https://www.tokyo-kotairen.gr.jp/wp-content/uploads/2025/04/ih_result.pdf,,0
402030,駒場,令和6年度,関東大会,陸上競技,４×４００ｍ,男,準優勝,https://www.tokyo-kotairen.gr.jp/wp-content/uploads/2025/04/kt_result.pdf,陸上競技部,0
402030,駒場,令和6年度,関東大会,,砲丸投,男,決勝14位,https://www.tokyo-kotairen.gr.jp/wp-content/uploads/2025/04/kt_result.pdf,陸上競技部,0
402030,駒場,令和6年度,関東大会,,円盤投,男,決勝9位,https://www.tokyo-kotairen.gr.jp/wp-content/uploads/2025/04/kt_result.pdf,陸上競技部,0
402030,駒場,令和6年度,関東大会,体操（器械体操）,団体総合,女,15位,https://www.tokyo-kotairen.gr.jp/wp-content/uploads/2025/04/kt_result.pdf,,0
402030,駒場,令和6年度,関東大会,体操（器械体操）,個人総合,女,59位,https://www.tokyo-kotairen.gr.jp/wp-content/uploads/2025/04/kt_result.pdf,,1
402030,駒場,令和6年度,関東大会,,,男,55位,https://www.tokyo-kotairen.gr.jp/wp-content/uploads/2025/04/kt_result.pdf,,0
402030,駒場,令和6年度,関東大会,,,女,63位,https://www.tokyo-kotairen.gr.jp/wp-content/uploads/2025/04/kt_result.pdf,,0
402030,駒場,令和6年度,関東大会,,,女,65位,https://www.tokyo-kotairen.gr.jp/wp-content/uploads/2025/04/kt_result.pdf,,0
402030,駒場,令和6年度,関東大会,,,男,80位,https://www.tokyo-kotairen.gr.jp/wp-content/uploads/2025/04/kt_result.pdf,,0
402030,駒場,令和6年度,関東大会,,,女,67位,https://www.tokyo-kotairen.gr.jp/wp-content/uploads/2025/04/kt_result.pdf,,0
402030,駒場,令和6年度,関東大会,,跳馬,女,44位,https://www.tokyo-kotairen.gr.jp/wp-content/uploads/2025/04/kt_result.pdf,体操競技部,0
402030,駒場,令和6年度,関東大会,,ゆか,男,63位,https://www.tokyo-kotairen.gr.jp/wp-content/uploads/2025/04/kt_result.pdf,,0
402030,駒場,令和6年度,関東大会,,跳馬,女,48位,https://www.tokyo-kotairen.gr.jp/wp-content/uploads/2025/04/kt_result.pdf,体操競技部,0
402030,駒場,令和6年度,関東大会,,跳馬,女,57位,https://www.tokyo-kotairen.gr.jp/wp-content/uploads/2025/04/kt_result.pdf,体操競技部,0
402030,駒場,令和6年度,関東大会,,ゆか,男,89位,https://www.tokyo-kotairen.gr.jp/wp-content/uploads/2025/04/kt_result.pdf,,0
402030,駒場,令和6年度,関東大会,,段違い平行棒,女,53位,https://www.tokyo-kotairen.gr.jp/wp-content/uploads/2025/04/kt_result.pdf,,0
402030,駒場,令和6年度,関東大会,,あん馬,男,51位,https://www.tokyo-kotairen.gr.jp/wp-content/uploads/2025/04/kt_result.pdf,体操競技部,0
402030,駒場,令和6年度,関東大会,,段違い平行棒,女,61位,https://www.tokyo-kotairen.gr.jp/wp-content/uploads/2025/04/kt_result.pdf,,0
402030,駒場,令和6年度,関東大会,,あん馬,男,53位,https://www.tokyo-kotairen.gr.jp/wp-content/uploads/2025/04/kt_result.pdf,体操競技部,0
402030,駒場,令和6年度,関東大会,,段違い平行棒,女,69位,https://www.tokyo-kotairen.gr.jp/wp-content/uploads/2025/04/kt_result.pdf,,0
402030,駒場,令和6年度,関東大会,,平均台,女,52位,https://www.tokyo-kotairen.gr.jp/wp-content/uploads/2025/04/kt_result.pdf,体操競技部,0
402030,駒場,令和6年度,関東大会,,つり輪,男,59位,https://www.tokyo-kotairen.gr.jp/wp-content/uploads/2025/04/kt_result.pdf,,0
402030,駒場,令和6年度,関東大会,,平均台,女,58位,https://www.tokyo-kotairen.gr.jp/wp-content/uploads/2025/04/kt_result.pdf,体操競技部,0
402030,駒場,令和6年度,関東大会,,つり輪,男,86位,https://www.tokyo-kotairen.gr.jp/wp-content/uploads/2025/04/kt_result.pdf,,0
402030,駒場,令和6年度,関東大会,,平均台,女,78位,https://www.tokyo-kotairen.gr.jp/wp-content/uploads/2025/04/kt_result.pdf,体操競技部,0
402030,駒場,令和6年度,関東大会,,平均台,女,81位,https://www.tokyo-kotairen.gr.jp/wp-content/uploads/2025/04/kt_result.pdf,体操競技部,0
402030,駒場,令和6年度,関東大会,,跳馬,男,21位,https://www.tokyo-kotairen.gr.jp/wp-content/uploads/2025/04/kt_result.pdf,体操競技部,0
402030,駒場,令和6年度,関東大会,,ゆか,女,51位,https://www.tokyo-kotairen.gr.jp/wp-content/uploads/2025/04/kt_result.pdf,,0
402030,駒場,令和6年度,関東大会,,ゆか,女,56位,https://www.tokyo-kotairen.gr.jp/wp-content/uploads/2025/04/kt_result.pdf,,0
402030,駒場,令和6年度,関東大会,,ゆか,女,65位,https://www.tokyo-kotairen.gr.jp/wp-content/uploads/2025/04/kt_result.pdf,,0
402030,駒場,令和6年度,関東大会,,ゆか,女,66位,https://www.tokyo-kotairen.gr.jp/wp-content/uploads/2025/04/kt_result.pdf,,0
402030,駒場,令和6年度,関東大会,,跳馬,男,84位,https://www.tokyo-kotairen.gr.jp/wp-content/uploads/2025/04/kt_result.pdf,体操競技部,0
402030,駒場,令和6年度,関東大会,,,男,59位,https://www.tokyo-kotairen.gr.jp/wp-content/uploads/2025/04/kt_result.pdf,,0
402030,駒場,令和6年度,関東大会,,,男,64位,https://www.tokyo-kotairen.gr.jp/wp-content/uploads/2025/04/kt_result.pdf,,0
402030,駒場,令和6年度,関東大会,,鉄棒,男,61位,https://www.tokyo-kotairen.gr.jp/wp-content/uploads/2025/04/kt_result.pdf,体操競技部,0
402030,駒場,令和6年度,関東大会,,鉄棒,男,78位,https://www.tokyo-kotairen.gr.jp/wp-content/uploads/2025/04/kt_result.pdf,体操競技部,0
402030,駒場,令和6年度,関東大会,バスケットボール,学校対抗,男,1回戦,https://www.tokyo-kotairen.gr.jp/wp-content/uploads/2025/04/kt_result.pdf,女子バスケットボール部,0
402030,駒場,令和6年度,関東大会,バレーボール,学校対抗,女,1回戦,https://www.tokyo-kotairen.gr.jp/wp-content/uploads/2025/04/kt_result.pdf,女子バレーボール部,0
402030,駒場,令和6年度,関東大会,水泳（競泳）,50m自由形,男,6位,https://www.tokyo-kotairen.gr.jp/wp-content/uploads/2025/04/kt_result.pdf,水泳部,0
402030,駒場,令和6年度,関東大会,水泳（競泳）,100m自由形,男,20位,https://www.tokyo-kotairen.gr.jp/wp-content/uploads/2025/04/kt_result.pdf,水泳部,0
402030,駒場,令和6年度,関東大会,水泳（競泳）,100m自由形,男,26位,https://www.tokyo-kotairen.gr.jp/wp-content/uploads/2025/04/kt_result.pdf,水泳部,0
402030,駒場,令和6年度,関東大会,水泳（競泳）,100m自由形,男,36位,https://www.tokyo-kotairen.gr.jp/wp-content/uploads/2025/04/kt_result.pdf,水泳部,0
402030,駒場,令和6年度,関東大会,水泳（競泳）,200m自由形,男,18位,https://www.tokyo-kotairen.gr.jp/wp-content/uploads/2025/04/kt_result.pdf,水泳部,0
402030,駒場,令和6年度,関東大会,水泳（競泳）,200m自由形,女,24位,https://www.tokyo-kotairen.gr.jp/wp-content/uploads/2025/04/kt_result.pdf,水泳部,0
402030,駒場,令和6年度,関東大会,,フリーリレー,男,7位,https://www.tokyo-kotairen.gr.jp/wp-content/uploads/2025/04/kt_result.pdf,陸上競技部,0
402030,駒場,令和6年度,関東大会,,フリーリレー,女,22位,https://www.tokyo-kotairen.gr.jp/wp-content/uploads/2025/04/kt_result.pdf,陸上競技部,0
402030,駒場,令和6年度,関東大会,,メドレーリレー,男,21位,https://www.tokyo-kotairen.gr.jp/wp-content/uploads/2025/04/kt_result.pdf,水泳部,0
402030,駒場,令和6年度,関東大会,,メドレーリレー,女,25位,https://www.tokyo-kotairen.gr.jp/wp-content/uploads/2025/04/kt_result.pdf,水泳部,0
402030,駒場,令和6年度,関東大会,,,男,22位,https://www.tokyo-kotairen.gr.jp/wp-content/uploads/2025/04/kt_result.pdf,,0
402030,駒場,令和6年度,関東大会,,,女,26位,https://www.tokyo-kotairen.gr.jp/wp-content/uploads/2025/04/kt_result.pdf,,0
402030,駒場,令和6年度,東京都大会,体操,団体,男,4位,https://www.tokyo-kotairen.gr.jp/wp-content/uploads/2025/04/tokyo_result.pdf,体操競技部,0
402030,駒場,令和6年度,東京都大会,体操,団体,女,3位,https://www.tokyo-kotairen.gr.jp/wp-content/uploads/2025/04/tokyo_result.pdf,体操競技部,0
402030,駒場,令和7年度,全国大会（インターハイ）,陸上競技,砲丸投,男,予選8位,https://www.tokyo-kotairen.gr.jp/wp-content/uploads/2026/04/R7-IH-result.pdf,陸上競技部,0
402030,駒場,令和7年度,全国大会（インターハイ）,陸上競技,やり投,男,決勝8位,https://www.tokyo-kotairen.gr.jp/wp-content/uploads/2026/04/R7-IH-result.pdf,陸上競技部,0
402030,駒場,令和7年度,全国大会（インターハイ）,水泳(競泳),50m自由形,男,8位,https://www.tokyo-kotairen.gr.jp/wp-content/uploads/2026/04/R7-IH-result.pdf,水泳部,0
402030,駒場,令和7年度,全国大会（インターハイ）,水泳(競泳),50m自由形,男,40位,https://www.tokyo-kotairen.gr.jp/wp-content/uploads/2026/04/R7-IH-result.pdf,水泳部,0
402030,駒場,令和7年度,全国大会（インターハイ）,,4×100m ﾌﾘｰﾘﾚｰ,男,15位,https://www.tokyo-kotairen.gr.jp/wp-content/uploads/2026/04/R7-IH-result.pdf,陸上競技部,0
402030,駒場,令和7年度,全国大会（インターハイ）,,,女,36位,https://www.tokyo-kotairen.gr.jp/wp-content/uploads/2026/04/R7-IH-result.pdf,,0
402030,駒場,令和7年度,全国大会（インターハイ）,,4×200m ﾌﾘｰﾘﾚｰ,男,38位,https://www.tokyo-kotairen.gr.jp/wp-content/uploads/2026/04/R7-IH-result.pdf,陸上競技部,0
402030,駒場,令和7年度,関東大会,陸上競技,200m,女,予選4位,https://www.tokyo-kotairen.gr.jp/wp-content/uploads/2026/04/R7-kantou-result.pdf,陸上競技部,0
402030,駒場,令和7年度,関東大会,陸上競技,400m,女,予選7位,https://www.tokyo-kotairen.gr.jp/wp-content/uploads/2026/04/R7-kantou-result.pdf,陸上競技部,0
402030,駒場,令和7年度,関東大会,陸上競技,4×400m,女,予選6位,https://www.tokyo-kotairen.gr.jp/wp-content/uploads/2026/04/R7-kantou-result.pdf,陸上競技部,0
402030,駒場,令和7年度,関東大会,陸上競技,棒高跳,女,決勝7位,https://www.tokyo-kotairen.gr.jp/wp-content/uploads/2026/04/R7-kantou-result.pdf,陸上競技部,0
402030,駒場,令和7年度,関東大会,,砲丸投,男,決勝4位,https://www.tokyo-kotairen.gr.jp/wp-content/uploads/2026/04/R7-kantou-result.pdf,陸上競技部,0
402030,駒場,令和7年度,関東大会,,円盤投,男,決勝15位,https://www.tokyo-kotairen.gr.jp/wp-content/uploads/2026/04/R7-kantou-result.pdf,陸上競技部,0
402030,駒場,令和7年度,関東大会,,やり投,男,決勝4位,https://www.tokyo-kotairen.gr.jp/wp-content/uploads/2026/04/R7-kantou-result.pdf,陸上競技部,0
402030,駒場,令和7年度,関東大会,,やり投,女,決勝17位,https://www.tokyo-kotairen.gr.jp/wp-content/uploads/2026/04/R7-kantou-result.pdf,陸上競技部,0
402030,駒場,令和7年度,関東大会,体操(器械体操),個人総合,男,75位,https://www.tokyo-kotairen.gr.jp/wp-content/uploads/2026/04/R7-kantou-result.pdf,,1
402030,駒場,令和7年度,関東大会,,,男,70位,https://www.tokyo-kotairen.gr.jp/wp-content/uploads/2026/04/R7-kantou-result.pdf,,0
402030,駒場,令和7年度,関東大会,,跳馬,男,76位,https://www.tokyo-kotairen.gr.jp/wp-content/uploads/2026/04/R7-kantou-result.pdf,体操競技部,0
402030,駒場,令和7年度,関東大会,,あん馬,男,72位,https://www.tokyo-kotairen.gr.jp/wp-content/uploads/2026/04/R7-kantou-result.pdf,体操競技部,0
402030,駒場,令和7年度,関東大会,,つり輪,男,87位,https://www.tokyo-kotairen.gr.jp/wp-content/uploads/2026/04/R7-kantou-result.pdf,,0
402030,駒場,令和7年度,関東大会,,平行棒,男,63位,https://www.tokyo-kotairen.gr.jp/wp-content/uploads/2026/04/R7-kantou-result.pdf,,0
402030,駒場,令和7年度,関東大会,,,男,84位,https://www.tokyo-kotairen.gr.jp/wp-content/uploads/2026/04/R7-kantou-result.pdf,,0
402030,駒場,令和7年度,関東大会,ﾊﾞﾚｰﾎﾞｰﾙ,学校対抗,女,1回戦,https://www.tokyo-kotairen.gr.jp/wp-content/uploads/2026/04/R7-kantou-result.pdf,女子バレーボール部,0
402030,駒場,令和7年度,関東大会,水泳(競泳),50m自由形,男,決勝3位,https://www.tokyo-kotairen.gr.jp/wp-content/uploads/2026/04/R7-kantou-result.pdf,水泳部,0
402030,駒場,令和7年度,関東大会,水泳(競泳),50m自由形,男,決勝6位,https://www.tokyo-kotairen.gr.jp/wp-content/uploads/2026/04/R7-kantou-result.pdf,水泳部,0
402030,駒場,令和7年度,関東大会,,200m自由形,男,予選19位,https://www.tokyo-kotairen.gr.jp/wp-content/uploads/2026/04/R7-kantou-result.pdf,水泳部,0
402030,駒場,令和7年度,関東大会,,100m平泳ぎ,男,予選24位,https://www.tokyo-kotairen.gr.jp/wp-content/uploads/2026/04/R7-kantou-result.pdf,水泳部,0
402030,駒場,令和7年度,関東大会,,4×100m ﾌﾘｰﾘﾚｰ,男,決勝5位,https://www.tokyo-kotairen.gr.jp/wp-content/uploads/2026/04/R7-kantou-result.pdf,陸上競技部,0
402030,駒場,令和7年度,関東大会,,4×100m ﾌﾘｰﾘﾚｰ,女,予選21位,https://www.tokyo-kotairen.gr.jp/wp-content/uploads/2026/04/R7-kantou-result.pdf,陸上競技部,0
402030,駒場,令和7年度,関東大会,,,男,予選23位,https://www.tokyo-kotairen.gr.jp/wp-content/uploads/2026/04/R7-kantou-result.pdf,,0
402030,駒場,令和7年度,関東大会,,4×200m ﾌﾘｰﾘﾚｰ,男,予選19位,https://www.tokyo-kotairen.gr.jp/wp-content/uploads/2026/04/R7-kantou-result.pdf,陸上競技部,0
402030,駒場,令和7年度,関東大会,,4×200m ﾌﾘｰﾘﾚｰ,女,予選24位,https://www.tokyo-kotairen.gr.jp/wp-content/uploads/2026/04/R7-kantou-result.pdf,陸上競技部,0
402030,駒場,令和7年度,東京都大会,陸上,団体,女,4位,https://www.tokyo-kotairen.gr.jp/wp-content/uploads/2026/04/R7-tosoutai-result.pdf,陸上競技部,0
402030,駒場,令和7年度,東京都大会,体操,団体,男,4位,https://www.tokyo-kotairen.gr.jp/wp-content/uploads/2026/04/R7-tosoutai-result.pdf,体操競技部,0
402030,駒場,令和7年度,東京都大会,体操,団体,女,4位,https://www.tokyo-kotairen.gr.jp/wp-content/uploads/2026/04/R7-tosoutai-result.pdf,体操競技部,0
402410,世田谷泉,令和5年度,全国大会（定時制通信制）,第58回陸上競技大会,,男,5位,https://www.tokyo-kotairen.gr.jp/wp-content/uploads/2024/09/R5_teitsu_alljapan_tokyoresult.pdf,陸上競技部,0
402410,世田谷泉,令和5年度,全国大会（定時制通信制）,第58回陸上競技大会,,男,3位,https://www.tokyo-kotairen.gr.jp/wp-content/uploads/2024/09/R5_teitsu_alljapan_tokyoresult.pdf,陸上競技部,0
402410,世田谷泉,令和6年度,全国大会（定時制通信制）,第59回陸上競技大会,,男,3位,https://www.tokyo-kotairen.gr.jp/wp-content/uploads/2025/04/teiji_tsushin_tokyo_result.pdf,陸上競技部,0
402420,世田谷総合,令和5年度,全国大会（インターハイ）,スケート(フィギュア),,女,64位,https://www.tokyo-kotairen.gr.jp/wp-content/uploads/2024/04/R5_alljapan_results.pdf,,0
402420,世田谷総合,令和6年度,全国大会（インターハイ）,スケート（フィギュア）【冬季種目】,,女,25位,https://www.tokyo-kotairen.gr.jp/wp-content/uploads/2025/04/ih_result.pdf,,0
402530,芦花,令和5年度,関東大会,弓道,団体,女,ベスト16,https://www.tokyo-kotairen.gr.jp/wp-content/uploads/2024/04/R5_kanto_results.pdf,弓道部,0
402530,芦花,令和5年度,関東大会,弓道,個人,女,4位,https://www.tokyo-kotairen.gr.jp/wp-content/uploads/2024/04/R5_kanto_results.pdf,弓道部,1
402530,芦花,令和6年度,全国大会（インターハイ）,陸上競技,,女,出場,https://www.tokyo-kotairen.gr.jp/wp-content/uploads/2025/04/ih_result.pdf,陸上競技部,0
402530,芦花,令和6年度,関東大会,陸上競技,４００ｍ,男,予選6位,https://www.tokyo-kotairen.gr.jp/wp-content/uploads/2025/04/kt_result.pdf,陸上競技部,0
402530,芦花,令和6年度,関東大会,陸上競技,４００ｍハードル,男,予選3位,https://www.tokyo-kotairen.gr.jp/wp-content/uploads/2025/04/kt_result.pdf,陸上競技部,0
402530,芦花,令和6年度,関東大会,,走幅跳,女,決勝6位,https://www.tokyo-kotairen.gr.jp/wp-content/uploads/2025/04/kt_result.pdf,陸上競技部,0
402530,芦花,令和6年度,関東大会,弓道,団体,女,ベスト8,https://www.tokyo-kotairen.gr.jp/wp-content/uploads/2025/04/kt_result.pdf,弓道部,0
402530,芦花,令和6年度,関東大会,,,女,出場,https://www.tokyo-kotairen.gr.jp/wp-content/uploads/2025/04/kt_result.pdf,,0
402530,芦花,令和7年度,全国大会（インターハイ）,弓道,個人,女,3位,https://www.tokyo-kotairen.gr.jp/wp-content/uploads/2026/04/R7-IH-result.pdf,弓道部,1
402530,芦花,令和7年度,関東大会,陸上競技,400m,女,予選4位,https://www.tokyo-kotairen.gr.jp/wp-content/uploads/2026/04/R7-kantou-result.pdf,陸上競技部,0
402530,芦花,令和7年度,関東大会,,やり投,男,決勝15位,https://www.tokyo-kotairen.gr.jp/wp-content/uploads/2026/04/R7-kantou-result.pdf,陸上競技部,0
402530,芦花,令和7年度,関東大会,弓道,団体,女,3位,https://www.tokyo-kotairen.gr.jp/wp-content/uploads/2026/04/R7-kantou-result.pdf,弓道部,0
402530,芦花,令和7年度,関東大会,弓道,個人,女,1位,https://www.tokyo-kotairen.gr.jp/wp-content/uploads/2026/04/R7-kantou-result.pdf,弓道部,1
402530,芦花,令和7年度,関東大会,弓道,個人,女,4位,https://www.tokyo-kotairen.gr.jp/wp-content/uploads/2026/04/R7-kantou-result.pdf,弓道部,1
402530,芦花,令和7年度,関東大会,ﾗｲﾌﾙ射撃,個人 エア・ライフル,男,7位,https://www.tokyo-kotairen.gr.jp/wp-content/uploads/2026/04/R7-kantou-result.pdf,,1
402530,芦花,令和7年度,東京都大会,弓道,団体,男,2位,https://www.tokyo-kotairen.gr.jp/wp-content/uploads/2026/04/R7-tosoutai-result.pdf,弓道部,0
402530,芦花,令和7年度,東京都大会,弓道,団体,女,3位,https://www.tokyo-kotairen.gr.jp/wp-content/uploads/2026/04/R7-tosoutai-result.pdf,弓道部,0
402750,総合工科,令和5年度,全国大会（インターハイ）,自転車競技,,男,出場,https://www.tokyo-kotairen.gr.jp/wp-content/uploads/2024/04/R5_alljapan_results.pdf,自転車競技同好会,0
402750,総合工科,令和5年度,関東大会,,,男,10位,https://www.tokyo-kotairen.gr.jp/wp-content/uploads/2024/04/R5_kanto_results.pdf,,0
402750,総合工科,令和5年度,関東大会,,スプリント,男,予選23位,https://www.tokyo-kotairen.gr.jp/wp-content/uploads/2024/04/R5_kanto_results.pdf,,0
402750,総合工科,令和5年度,関東大会,,スプリント,男,予選30位,https://www.tokyo-kotairen.gr.jp/wp-content/uploads/2024/04/R5_kanto_results.pdf,,0
402750,総合工科,令和5年度,関東大会,,ケイリン,男,2回戦,https://www.tokyo-kotairen.gr.jp/wp-content/uploads/2024/04/R5_kanto_results.pdf,,0
402750,総合工科,令和5年度,関東大会,,ケイリン,男,1回戦,https://www.tokyo-kotairen.gr.jp/wp-content/uploads/2024/04/R5_kanto_results.pdf,,0
402750,総合工科,令和5年度,関東大会,,4km速度競走,男,9位,https://www.tokyo-kotairen.gr.jp/wp-content/uploads/2024/04/R5_kanto_results.pdf,,0
402750,総合工科,令和5年度,関東大会,,ポイント・レース,男,12位,https://www.tokyo-kotairen.gr.jp/wp-content/uploads/2024/04/R5_kanto_results.pdf,,0
402750,総合工科,令和5年度,関東大会,,個人 ロード・レース,男,52位,https://www.tokyo-kotairen.gr.jp/wp-content/uploads/2024/04/R5_kanto_results.pdf,自転車競技同好会,1
402750,総合工科,令和5年度,東京都大会,自転車競技,団体,男,2位,https://www.tokyo-kotairen.gr.jp/wp-content/uploads/2024/04/R5_tokyo_results.pdf,自転車競技同好会,0
402750,総合工科,令和6年度,全国大会（インターハイ）,自転車競技,,男,出場,https://www.tokyo-kotairen.gr.jp/wp-content/uploads/2025/04/ih_result.pdf,自転車競技同好会,0
402750,総合工科,令和6年度,全国大会（インターハイ）,自転車競技,,男,20位,https://www.tokyo-kotairen.gr.jp/wp-content/uploads/2025/04/ih_result.pdf,自転車競技同好会,0
402750,総合工科,令和6年度,関東大会,,パーシュート,男,4位,https://www.tokyo-kotairen.gr.jp/wp-content/uploads/2025/04/kt_result.pdf,,0
402750,総合工科,令和6年度,関東大会,,スプリント,男,出場,https://www.tokyo-kotairen.gr.jp/wp-content/uploads/2025/04/kt_result.pdf,,0
402750,総合工科,令和6年度,関東大会,,インディヴィデュア ル・パーシュート,男,12位,https://www.tokyo-kotairen.gr.jp/wp-content/uploads/2025/04/kt_result.pdf,,0
402750,総合工科,令和6年度,関東大会,,4km速度競走,男,11位,https://www.tokyo-kotairen.gr.jp/wp-content/uploads/2025/04/kt_result.pdf,,0
402750,総合工科,令和6年度,関東大会,,スクラッチ,男,11位,https://www.tokyo-kotairen.gr.jp/wp-content/uploads/2025/04/kt_result.pdf,,0
402750,総合工科,令和6年度,関東大会,,ポイント・レース,男,6位,https://www.tokyo-kotairen.gr.jp/wp-content/uploads/2025/04/kt_result.pdf,,0
402750,総合工科,令和6年度,関東大会,,ロード・レース,男,50位,https://www.tokyo-kotairen.gr.jp/wp-content/uploads/2025/04/kt_result.pdf,自転車競技同好会,0
402750,総合工科,令和6年度,東京都大会,自転車競技,団体,男,2位,https://www.tokyo-kotairen.gr.jp/wp-content/uploads/2025/04/tokyo_result.pdf,自転車競技同好会,0
402750,総合工科,令和7年度,全国大会（インターハイ）,自転車競技,4km速度競走,男,8位,https://www.tokyo-kotairen.gr.jp/wp-content/uploads/2026/04/R7-IH-result.pdf,自転車競技同好会,0
402750,総合工科,令和7年度,関東大会,自転車競技,ﾁｰﾑ･スプリント,男,13位,https://www.tokyo-kotairen.gr.jp/wp-content/uploads/2026/04/R7-kantou-result.pdf,自転車競技同好会,0
402750,総合工科,令和7年度,関東大会,,ｽﾌﾟﾘﾝﾄ,男,予選17位,https://www.tokyo-kotairen.gr.jp/wp-content/uploads/2026/04/R7-kantou-result.pdf,,0
402750,総合工科,令和7年度,関東大会,,ｽﾌﾟﾘﾝﾄ,男,予選22位,https://www.tokyo-kotairen.gr.jp/wp-content/uploads/2026/04/R7-kantou-result.pdf,,0
402750,総合工科,令和7年度,関東大会,,ｹｲﾘﾝ,男,13位,https://www.tokyo-kotairen.gr.jp/wp-content/uploads/2026/04/R7-kantou-result.pdf,,0
402750,総合工科,令和7年度,関東大会,,ｹｲﾘﾝ,男,1回戦,https://www.tokyo-kotairen.gr.jp/wp-content/uploads/2026/04/R7-kantou-result.pdf,,0
402750,総合工科,令和7年度,関東大会,,4km速度競走,男,10位,https://www.tokyo-kotairen.gr.jp/wp-content/uploads/2026/04/R7-kantou-result.pdf,,0
402750,総合工科,令和7年度,関東大会,,ｽｸﾗｯﾁ,男,12位,https://www.tokyo-kotairen.gr.jp/wp-content/uploads/2026/04/R7-kantou-result.pdf,,0
403020,富士,令和5年度,関東大会,,棒高跳,女,決勝6位,https://www.tokyo-kotairen.gr.jp/wp-content/uploads/2024/04/R5_kanto_results.pdf,,0
403020,富士,令和5年度,関東大会,,棒高跳,女,決勝8位,https://www.tokyo-kotairen.gr.jp/wp-content/uploads/2024/04/R5_kanto_results.pdf,,0
403020,富士,令和5年度,関東大会,,ハンマー投,女,決勝8位,https://www.tokyo-kotairen.gr.jp/wp-content/uploads/2024/04/R5_kanto_results.pdf,,0
403020,富士,令和5年度,関東大会,,,男,1回戦,https://www.tokyo-kotairen.gr.jp/wp-content/uploads/2024/04/R5_kanto_results.pdf,,0
403020,富士,令和5年度,関東大会,なぎなた,個人,女,出場,https://www.tokyo-kotairen.gr.jp/wp-content/uploads/2024/04/R5_kanto_results.pdf,,1
403020,富士,令和5年度,関東大会,なぎなた,演技,女,１回戦,https://www.tokyo-kotairen.gr.jp/wp-content/uploads/2024/04/R5_kanto_results.pdf,,0
403020,富士,令和5年度,東京都大会,なぎなた,団体,女,2位,https://www.tokyo-kotairen.gr.jp/wp-content/uploads/2024/04/R5_tokyo_results.pdf,,0
403020,富士,令和6年度,全国大会（インターハイ）,なぎなた,,女,1回戦,https://www.tokyo-kotairen.gr.jp/wp-content/uploads/2025/04/ih_result.pdf,,0
403020,富士,令和6年度,関東大会,陸上競技,５０００ｍ競歩,男,決勝9位,https://www.tokyo-kotairen.gr.jp/wp-content/uploads/2025/04/kt_result.pdf,,0
403020,富士,令和6年度,関東大会,陸上競技,走高跳,女,決勝8位,https://www.tokyo-kotairen.gr.jp/wp-content/uploads/2025/04/kt_result.pdf,,0
403020,富士,令和6年度,関東大会,,ハンマー投,女,決勝12位,https://www.tokyo-kotairen.gr.jp/wp-content/uploads/2025/04/kt_result.pdf,,0
403020,富士,令和6年度,関東大会,なぎなた,団体,女,優勝,https://www.tokyo-kotairen.gr.jp/wp-content/uploads/2025/04/kt_result.pdf,,0
403020,富士,令和6年度,関東大会,なぎなた,個人,女,２回戦,https://www.tokyo-kotairen.gr.jp/wp-content/uploads/2025/04/kt_result.pdf,,1
403020,富士,令和6年度,関東大会,なぎなた,個人,女,1回戦,https://www.tokyo-kotairen.gr.jp/wp-content/uploads/2025/04/kt_result.pdf,,1
403020,富士,令和6年度,関東大会,なぎなた,個人,女,出場,https://www.tokyo-kotairen.gr.jp/wp-content/uploads/2025/04/kt_result.pdf,,1
403020,富士,令和6年度,関東大会,なぎなた,演技,女,3回戦,https://www.tokyo-kotairen.gr.jp/wp-content/uploads/2025/04/kt_result.pdf,,0
403020,富士,令和6年度,関東大会,なぎなた,演技,女,2回戦,https://www.tokyo-kotairen.gr.jp/wp-content/uploads/2025/04/kt_result.pdf,,0
403020,富士,令和6年度,東京都大会,なぎなた,団体,女,1位,https://www.tokyo-kotairen.gr.jp/wp-content/uploads/2025/04/tokyo_result.pdf,,0
403020,富士,令和7年度,全国大会（インターハイ）,陸上競技,5000m競歩,男,決勝13位,https://www.tokyo-kotairen.gr.jp/wp-content/uploads/2026/04/R7-IH-result.pdf,,0
403020,富士,令和7年度,全国大会（インターハイ）,なぎなた,団体,女,出場,https://www.tokyo-kotairen.gr.jp/wp-content/uploads/2026/04/R7-IH-result.pdf,,0
403020,富士,令和7年度,全国大会（インターハイ）,なぎなた,演技,女,3位,https://www.tokyo-kotairen.gr.jp/wp-content/uploads/2026/04/R7-IH-result.pdf,,0
403020,富士,令和7年度,全国大会（インターハイ）,なぎなた,個人,女,優勝,https://www.tokyo-kotairen.gr.jp/wp-content/uploads/2026/04/R7-IH-result.pdf,,1
403020,富士,令和7年度,関東大会,陸上競技,5000mW,男,決勝3位,https://www.tokyo-kotairen.gr.jp/wp-content/uploads/2026/04/R7-kantou-result.pdf,,0
403020,富士,令和7年度,関東大会,,,男,決勝出場,https://www.tokyo-kotairen.gr.jp/wp-content/uploads/2026/04/R7-kantou-result.pdf,,0
403020,富士,令和7年度,関東大会,剣道,団体,男,出場,https://www.tokyo-kotairen.gr.jp/wp-content/uploads/2026/04/R7-kantou-result.pdf,,0
403020,富士,令和7年度,関東大会,なぎなた,団体,女,3位,https://www.tokyo-kotairen.gr.jp/wp-content/uploads/2026/04/R7-kantou-result.pdf,,0
403020,富士,令和7年度,関東大会,なぎなた,個人,女,準優勝,https://www.tokyo-kotairen.gr.jp/wp-content/uploads/2026/04/R7-kantou-result.pdf,,1
403020,富士,令和7年度,関東大会,なぎなた,個人,女,3位,https://www.tokyo-kotairen.gr.jp/wp-content/uploads/2026/04/R7-kantou-result.pdf,,1
403020,富士,令和7年度,関東大会,なぎなた,演技,女,3回戦,https://www.tokyo-kotairen.gr.jp/wp-content/uploads/2026/04/R7-kantou-result.pdf,,0
403020,富士,令和7年度,東京都大会,なぎなた,団体,女,1位,https://www.tokyo-kotairen.gr.jp/wp-content/uploads/2026/04/R7-tosoutai-result.pdf,,0
403030,武蔵丘,令和5年度,関東大会,,,女,21位,https://www.tokyo-kotairen.gr.jp/wp-content/uploads/2024/04/R5_kanto_results.pdf,,0
403030,武蔵丘,令和6年度,関東大会,,200m背泳ぎ,女,29位,https://www.tokyo-kotairen.gr.jp/wp-content/uploads/2025/04/kt_result.pdf,水泳部,0
403050,西,令和5年度,全国大会（インターハイ）,水泳(競泳),,女,28位,https://www.tokyo-kotairen.gr.jp/wp-content/uploads/2024/04/R5_alljapan_results.pdf,水泳部,0
403050,西,令和5年度,関東大会,陸上競技,３０００ｍ,女,決勝18位,https://www.tokyo-kotairen.gr.jp/wp-content/uploads/2024/04/R5_kanto_results.pdf,陸上競技部,0
403050,西,令和5年度,関東大会,水泳 (競泳),50m自由形,女,18位,https://www.tokyo-kotairen.gr.jp/wp-content/uploads/2024/04/R5_kanto_results.pdf,水泳部,0
403050,西,令和7年度,関東大会,,1500m自由形,男,決勝16位,https://www.tokyo-kotairen.gr.jp/wp-content/uploads/2026/04/R7-kantou-result.pdf,水泳部,0
403050,西,令和7年度,関東大会,ﾃﾆｽ,ｼﾝｸﾞﾙｽ,男,1回戦,https://www.tokyo-kotairen.gr.jp/wp-content/uploads/2026/04/R7-kantou-result.pdf,ソフトテニス部,0
403060,豊多摩,令和5年度,全国大会（インターハイ）,水泳(競泳),,女,15位,https://www.tokyo-kotairen.gr.jp/wp-content/uploads/2024/04/R5_alljapan_results.pdf,水泳部,0
403060,豊多摩,令和5年度,全国大会（インターハイ）,水泳(競泳),,女,40位,https://www.tokyo-kotairen.gr.jp/wp-content/uploads/2024/04/R5_alljapan_results.pdf,水泳部,0
403060,豊多摩,令和5年度,関東大会,水泳 (競泳),学校対抗,女,25位,https://www.tokyo-kotairen.gr.jp/wp-content/uploads/2024/04/R5_kanto_results.pdf,水泳部,0
403060,豊多摩,令和5年度,関東大会,水泳 (競泳),50m自由形,女,5位,https://www.tokyo-kotairen.gr.jp/wp-content/uploads/2024/04/R5_kanto_results.pdf,水泳部,0
403060,豊多摩,令和5年度,関東大会,水泳 (競泳),100m自由形,女,21位,https://www.tokyo-kotairen.gr.jp/wp-content/uploads/2024/04/R5_kanto_results.pdf,水泳部,0
403060,豊多摩,令和6年度,全国大会（インターハイ）,水泳（競泳）,,女,21位,https://www.tokyo-kotairen.gr.jp/wp-content/uploads/2025/04/ih_result.pdf,水泳部,0
403060,豊多摩,令和6年度,関東大会,水泳（競泳）,50m自由形,女,3位,https://www.tokyo-kotairen.gr.jp/wp-content/uploads/2025/04/kt_result.pdf,水泳部,0
403060,豊多摩,令和6年度,関東大会,水泳（競泳）,100m自由形,女,27位,https://www.tokyo-kotairen.gr.jp/wp-content/uploads/2025/04/kt_result.pdf,水泳部,0
403060,豊多摩,令和7年度,全国大会（インターハイ）,水泳(競泳),50m自由形,女,25位,https://www.tokyo-kotairen.gr.jp/wp-content/uploads/2026/04/R7-IH-result.pdf,水泳部,0
403060,豊多摩,令和7年度,関東大会,水泳(競泳),50m自由形,女,予選14位,https://www.tokyo-kotairen.gr.jp/wp-content/uploads/2026/04/R7-kantou-result.pdf,水泳部,0
403060,豊多摩,令和7年度,関東大会,,,女,予選25位,https://www.tokyo-kotairen.gr.jp/wp-content/uploads/2026/04/R7-kantou-result.pdf,,0
403060,豊多摩,令和7年度,関東大会,,200m ﾊﾞﾀﾌﾗｲ,女,予選29位,https://www.tokyo-kotairen.gr.jp/wp-content/uploads/2026/04/R7-kantou-result.pdf,陸上競技部,0
403060,豊多摩,令和7年度,関東大会,,400m 個人ﾒﾄﾞﾚｰ,女,予選18位,https://www.tokyo-kotairen.gr.jp/wp-content/uploads/2026/04/R7-kantou-result.pdf,陸上競技部,1
403070,杉並,令和5年度,全国大会（インターハイ）,水泳(競泳),,女,50位,https://www.tokyo-kotairen.gr.jp/wp-content/uploads/2024/04/R5_alljapan_results.pdf,水泳部,0
403070,杉並,令和5年度,関東大会,水泳 (競泳),50m自由形,女,17位,https://www.tokyo-kotairen.gr.jp/wp-content/uploads/2024/04/R5_kanto_results.pdf,水泳部,0
403070,杉並,令和6年度,全国大会（インターハイ）,水泳（競泳）,,女,28位,https://www.tokyo-kotairen.gr.jp/wp-content/uploads/2025/04/ih_result.pdf,水泳部,0
403070,杉並,令和6年度,全国大会（インターハイ）,水泳（競泳）,,女,48位,https://www.tokyo-kotairen.gr.jp/wp-content/uploads/2025/04/ih_result.pdf,水泳部,0
403070,杉並,令和6年度,関東大会,水泳（競泳）,50m自由形,女,9位,https://www.tokyo-kotairen.gr.jp/wp-content/uploads/2025/04/kt_result.pdf,水泳部,0
403070,杉並,令和6年度,関東大会,水泳（競泳）,50m自由形,女,19位,https://www.tokyo-kotairen.gr.jp/wp-content/uploads/2025/04/kt_result.pdf,水泳部,0
403070,杉並,令和6年度,関東大会,水泳（競泳）,100m自由形,女,21位,https://www.tokyo-kotairen.gr.jp/wp-content/uploads/2025/04/kt_result.pdf,水泳部,0
403070,杉並,令和6年度,関東大会,,個人メドレー,女,14位,https://www.tokyo-kotairen.gr.jp/wp-content/uploads/2025/04/kt_result.pdf,水泳部,1
403070,杉並,令和6年度,関東大会,,メドレーリレー,男,26位,https://www.tokyo-kotairen.gr.jp/wp-content/uploads/2025/04/kt_result.pdf,水泳部,0
403070,杉並,令和7年度,全国大会（インターハイ）,水泳(競泳),50m自由形,女,13位,https://www.tokyo-kotairen.gr.jp/wp-content/uploads/2026/04/R7-IH-result.pdf,水泳部,0
403070,杉並,令和7年度,全国大会（インターハイ）,水泳(競泳),50m自由形,女,43位,https://www.tokyo-kotairen.gr.jp/wp-content/uploads/2026/04/R7-IH-result.pdf,水泳部,0
403070,杉並,令和7年度,全国大会（インターハイ）,,4×100m ﾌﾘｰﾘﾚｰ,女,27位,https://www.tokyo-kotairen.gr.jp/wp-content/uploads/2026/04/R7-IH-result.pdf,陸上部,0
403070,杉並,令和7年度,関東大会,水泳(競泳),50m自由形,女,決勝10位,https://www.tokyo-kotairen.gr.jp/wp-content/uploads/2026/04/R7-kantou-result.pdf,水泳部,0
403070,杉並,令和7年度,関東大会,水泳(競泳),50m自由形,女,予選28位,https://www.tokyo-kotairen.gr.jp/wp-content/uploads/2026/04/R7-kantou-result.pdf,水泳部,0
403070,杉並,令和7年度,関東大会,,100m背泳ぎ,男,予選33位,https://www.tokyo-kotairen.gr.jp/wp-content/uploads/2026/04/R7-kantou-result.pdf,水泳部,0
403070,杉並,令和7年度,関東大会,,200m平泳ぎ,男,予選18位,https://www.tokyo-kotairen.gr.jp/wp-content/uploads/2026/04/R7-kantou-result.pdf,水泳部,0
403070,杉並,令和7年度,関東大会,,200m 個人ﾒﾄﾞﾚｰ,女,予選15位,https://www.tokyo-kotairen.gr.jp/wp-content/uploads/2026/04/R7-kantou-result.pdf,陸上部,1
403070,杉並,令和7年度,関東大会,,4×100m ﾌﾘｰﾘﾚｰ,女,予選11位,https://www.tokyo-kotairen.gr.jp/wp-content/uploads/2026/04/R7-kantou-result.pdf,陸上部,0
403070,杉並,令和7年度,関東大会,,,女,予選20位,https://www.tokyo-kotairen.gr.jp/wp-content/uploads/2026/04/R7-kantou-result.pdf,,0
403210,石神井,令和7年度,全国大会（インターハイ）,陸上競技,400m,男,予選5位,https://www.tokyo-kotairen.gr.jp/wp-content/uploads/2026/04/R7-IH-result.pdf,陸上競技部,0
403210,石神井,令和7年度,関東大会,陸上競技,400m,男,決勝6位,https://www.tokyo-kotairen.gr.jp/wp-content/uploads/2026/04/R7-kantou-result.pdf,陸上競技部,0
403220,井草,令和5年度,関東大会,弓道,団体,男,出場,https://www.tokyo-kotairen.gr.jp/wp-content/uploads/2024/04/R5_kanto_results.pdf,弓道部,0
403220,井草,令和5年度,関東大会,弓道,団体,女,出場,https://www.tokyo-kotairen.gr.jp/wp-content/uploads/2024/04/R5_kanto_results.pdf,弓道部,0
403220,井草,令和5年度,東京都大会,弓道,団体,女,2位,https://www.tokyo-kotairen.gr.jp/wp-content/uploads/2024/04/R5_tokyo_results.pdf,弓道部,0
403220,井草,令和6年度,全国大会（インターハイ）,弓道,,女,ベスト16,https://www.tokyo-kotairen.gr.jp/wp-content/uploads/2025/04/ih_result.pdf,弓道部,0
403220,井草,令和6年度,関東大会,弓道,団体,女,出場,https://www.tokyo-kotairen.gr.jp/wp-content/uploads/2025/04/kt_result.pdf,弓道部,0
403220,井草,令和6年度,関東大会,,個人,男,出場,https://www.tokyo-kotairen.gr.jp/wp-content/uploads/2025/04/kt_result.pdf,,1
403220,井草,令和6年度,東京都大会,水泳 （水 球),団体,女,1位,https://www.tokyo-kotairen.gr.jp/wp-content/uploads/2025/04/tokyo_result.pdf,水泳部,0
403220,井草,令和6年度,東京都大会,弓道,団体,女,1位,https://www.tokyo-kotairen.gr.jp/wp-content/uploads/2025/04/tokyo_result.pdf,弓道部,0
403220,井草,令和7年度,全国大会（インターハイ）,弓道,団体,男,出場,https://www.tokyo-kotairen.gr.jp/wp-content/uploads/2026/04/R7-IH-result.pdf,弓道部,0
403220,井草,令和7年度,関東大会,弓道,団体,男,出場,https://www.tokyo-kotairen.gr.jp/wp-content/uploads/2026/04/R7-kantou-result.pdf,弓道部,0
403220,井草,令和7年度,関東大会,弓道,団体,女,出場,https://www.tokyo-kotairen.gr.jp/wp-content/uploads/2026/04/R7-kantou-result.pdf,弓道部,0
403220,井草,令和7年度,関東大会,弓道,個人,男,出場,https://www.tokyo-kotairen.gr.jp/wp-content/uploads/2026/04/R7-kantou-result.pdf,弓道部,1
403220,井草,令和7年度,東京都大会,水泳（水 球),団体,女,1位,https://www.tokyo-kotairen.gr.jp/wp-content/uploads/2026/04/R7-tosoutai-result.pdf,水泳部,0
403220,井草,令和7年度,東京都大会,弓道,団体,男,1位,https://www.tokyo-kotairen.gr.jp/wp-content/uploads/2026/04/R7-tosoutai-result.pdf,弓道部,0
403250,光丘,令和6年度,関東大会,,ハンマー投,女,決勝13位,https://www.tokyo-kotairen.gr.jp/wp-content/uploads/2025/04/kt_result.pdf,,0
403250,光丘,令和6年度,関東大会,,ハンマー投,男,決勝15位,https://www.tokyo-kotairen.gr.jp/wp-content/uploads/2025/04/kt_result.pdf,,0
403410,杉並総合,令和5年度,東京都大会,サッカー,団体,女,3位,https://www.tokyo-kotairen.gr.jp/wp-content/uploads/2024/04/R5_tokyo_results.pdf,女子サッカー部,0
403420,稔ヶ丘,令和6年度,全国大会（定時制通信制）,第59回陸上競技大会,,男,5位,https://www.tokyo-kotairen.gr.jp/wp-content/uploads/2025/04/teiji_tsushin_tokyo_result.pdf,陸上競技部,0
403510,大泉桜,令和5年度,関東大会,フェンシング,学校対抗,女,1回戦,https://www.tokyo-kotairen.gr.jp/wp-content/uploads/2024/04/R5_kanto_results.pdf,フェンシング部,0
403510,大泉桜,令和5年度,関東大会,フェンシング,学校対抗,男,1回戦,https://www.tokyo-kotairen.gr.jp/wp-content/uploads/2024/04/R5_kanto_results.pdf,フェンシング部,0
403510,大泉桜,令和5年度,東京都大会,フェンシング,団体,女,3位,https://www.tokyo-kotairen.gr.jp/wp-content/uploads/2024/04/R5_tokyo_results.pdf,フェンシング部,0
403510,大泉桜,令和6年度,関東大会,フェンシング,学校対抗,女,2回戦,https://www.tokyo-kotairen.gr.jp/wp-content/uploads/2025/04/kt_result.pdf,フェンシング部,0
403510,大泉桜,令和6年度,関東大会,フェンシング,学校対抗,男,1回戦,https://www.tokyo-kotairen.gr.jp/wp-content/uploads/2025/04/kt_result.pdf,フェンシング部,0
403510,大泉桜,令和7年度,関東大会,ﾌｪﾝｼﾝｸﾞ,学校対抗,女,3回戦,https://www.tokyo-kotairen.gr.jp/wp-content/uploads/2026/04/R7-kantou-result.pdf,フェンシング部,0
403510,大泉桜,令和7年度,関東大会,ﾌｪﾝｼﾝｸﾞ,学校対抗,男,1回戦,https://www.tokyo-kotairen.gr.jp/wp-content/uploads/2026/04/R7-kantou-result.pdf,フェンシング部,0
403510,大泉桜,令和7年度,関東大会,ﾌｪﾝｼﾝｸﾞ,個人,女,2回戦,https://www.tokyo-kotairen.gr.jp/wp-content/uploads/2026/04/R7-kantou-result.pdf,フェンシング部,1
403510,大泉桜,令和7年度,関東大会,ﾌｪﾝｼﾝｸﾞ,個人,女,1回戦,https://www.tokyo-kotairen.gr.jp/wp-content/uploads/2026/04/R7-kantou-result.pdf,フェンシング部,1
403510,大泉桜,令和7年度,東京都大会,フェンシング,団体,女,3位,https://www.tokyo-kotairen.gr.jp/wp-content/uploads/2026/04/R7-tosoutai-result.pdf,フェンシング部,0
403810,農芸,令和5年度,関東大会,相撲,８０キロ,男,５位,https://www.tokyo-kotairen.gr.jp/wp-content/uploads/2024/04/R5_kanto_results.pdf,,0
403810,農芸,令和6年度,全国大会（インターハイ）,相撲,,男,2回戦,https://www.tokyo-kotairen.gr.jp/wp-content/uploads/2025/04/ih_result.pdf,,0
403810,農芸,令和6年度,関東大会,相撲,80kg級,男,5位,https://www.tokyo-kotairen.gr.jp/wp-content/uploads/2025/04/kt_result.pdf,,0
403810,農芸,令和7年度,関東大会,相撲,80kg級,男,優勝,https://www.tokyo-kotairen.gr.jp/wp-content/uploads/2026/04/R7-kantou-result.pdf,,0
404050,文京,令和5年度,関東大会,,砲丸投,男,決勝20位,https://www.tokyo-kotairen.gr.jp/wp-content/uploads/2024/04/R5_kanto_results.pdf,陸上競技,0
404050,文京,令和5年度,関東大会,,100ｍ バタフライ,女,26位,https://www.tokyo-kotairen.gr.jp/wp-content/uploads/2024/04/R5_kanto_results.pdf,水泳,0
404050,文京,令和6年度,関東大会,陸上競技,４００ｍ,女,予選3位,https://www.tokyo-kotairen.gr.jp/wp-content/uploads/2025/04/kt_result.pdf,陸上競技,0
404050,文京,令和7年度,関東大会,陸上競技,100m,男,準決勝8位,https://www.tokyo-kotairen.gr.jp/wp-content/uploads/2026/04/R7-kantou-result.pdf,陸上競技,0
404050,文京,令和7年度,関東大会,陸上競技,200m,男,予選3位,https://www.tokyo-kotairen.gr.jp/wp-content/uploads/2026/04/R7-kantou-result.pdf,陸上競技,0
404050,文京,令和7年度,関東大会,陸上競技,400mH (0.762m),女,決勝7位,https://www.tokyo-kotairen.gr.jp/wp-content/uploads/2026/04/R7-kantou-result.pdf,陸上競技,0
404050,文京,令和7年度,関東大会,,三段跳,男,決勝9位,https://www.tokyo-kotairen.gr.jp/wp-content/uploads/2026/04/R7-kantou-result.pdf,,0
404210,北園,令和6年度,全国大会（インターハイ）,自転車競技,,男,20位,https://www.tokyo-kotairen.gr.jp/wp-content/uploads/2025/04/ih_result.pdf,,0
404210,北園,令和6年度,関東大会,,1km タイム・トライアル,男,5位,https://www.tokyo-kotairen.gr.jp/wp-content/uploads/2025/04/kt_result.pdf,,0
404220,板橋,令和5年度,全国大会（インターハイ）,陸上競技,,男,決勝４位,https://www.tokyo-kotairen.gr.jp/wp-content/uploads/2024/04/R5_alljapan_results.pdf,陸上競技部,0
404220,板橋,令和5年度,全国大会（インターハイ）,陸上競技,,男,予選5位,https://www.tokyo-kotairen.gr.jp/wp-content/uploads/2024/04/R5_alljapan_results.pdf,陸上競技部,0
404220,板橋,令和5年度,関東大会,陸上競技,１００ｍ,男,優勝,https://www.tokyo-kotairen.gr.jp/wp-content/uploads/2024/04/R5_kanto_results.pdf,陸上競技部,0
404220,板橋,令和5年度,関東大会,陸上競技,８００ｍ,男,決勝3位,https://www.tokyo-kotairen.gr.jp/wp-content/uploads/2024/04/R5_kanto_results.pdf,陸上競技部,0
404220,板橋,令和5年度,関東大会,,,男,決勝13位,https://www.tokyo-kotairen.gr.jp/wp-content/uploads/2024/04/R5_kanto_results.pdf,,0
404220,板橋,令和6年度,全国大会（インターハイ）,陸上競技,,男,準決勝6位,https://www.tokyo-kotairen.gr.jp/wp-content/uploads/2025/04/ih_result.pdf,陸上競技部,0
404220,板橋,令和6年度,全国大会（インターハイ）,陸上競技,,男,出場,https://www.tokyo-kotairen.gr.jp/wp-content/uploads/2025/04/ih_result.pdf,陸上競技部,0
404220,板橋,令和6年度,全国大会（インターハイ）,陸上競技,,男,11位,https://www.tokyo-kotairen.gr.jp/wp-content/uploads/2025/04/ih_result.pdf,陸上競技部,0
404220,板橋,令和6年度,関東大会,陸上競技,２００ｍ,男,決勝3位,https://www.tokyo-kotairen.gr.jp/wp-content/uploads/2025/04/kt_result.pdf,陸上競技部,0
404220,板橋,令和6年度,関東大会,陸上競技,８００ｍ,男,決勝5位,https://www.tokyo-kotairen.gr.jp/wp-content/uploads/2025/04/kt_result.pdf,陸上競技部,0
404220,板橋,令和6年度,関東大会,陸上競技,４×４００ｍ,男,決勝3位,https://www.tokyo-kotairen.gr.jp/wp-content/uploads/2025/04/kt_result.pdf,陸上競技部,0
404220,板橋,令和6年度,関東大会,,円盤投,女,決勝12位,https://www.tokyo-kotairen.gr.jp/wp-content/uploads/2025/04/kt_result.pdf,陸上競技部,0
404220,板橋,令和6年度,関東大会,,八種競技,男,決勝9位,https://www.tokyo-kotairen.gr.jp/wp-content/uploads/2025/04/kt_result.pdf,,0
404220,板橋,令和7年度,全国大会（インターハイ）,陸上競技,走高跳,男,出場,https://www.tokyo-kotairen.gr.jp/wp-content/uploads/2026/04/R7-IH-result.pdf,陸上競技部,0
404220,板橋,令和7年度,関東大会,陸上競技,800m,男,決勝8位,https://www.tokyo-kotairen.gr.jp/wp-content/uploads/2026/04/R7-kantou-result.pdf,陸上競技部,0
404220,板橋,令和7年度,関東大会,陸上競技,走高跳,男,決勝3位,https://www.tokyo-kotairen.gr.jp/wp-content/uploads/2026/04/R7-kantou-result.pdf,陸上競技部,0
404220,板橋,令和7年度,関東大会,,走幅跳,男,決勝15位,https://www.tokyo-kotairen.gr.jp/wp-content/uploads/2026/04/R7-kantou-result.pdf,陸上競技部,0
404220,板橋,令和7年度,関東大会,,八種競技,男,決勝5位,https://www.tokyo-kotairen.gr.jp/wp-content/uploads/2026/04/R7-kantou-result.pdf,,0
404260,高島,令和5年度,関東大会,バレーボール,学校対抗,女,1回戦,https://www.tokyo-kotairen.gr.jp/wp-content/uploads/2024/04/R5_kanto_results.pdf,女子バレーボール部,0
404260,高島,令和6年度,全国大会（インターハイ）,スケート（フィギュア）【冬季種目】,,女,7位,https://www.tokyo-kotairen.gr.jp/wp-content/uploads/2025/04/ih_result.pdf,,0
404260,高島,令和7年度,全国大会（インターハイ）,陸上競技,800m,男,予選6位,https://www.tokyo-kotairen.gr.jp/wp-content/uploads/2026/04/R7-IH-result.pdf,陸上競技部,0
404260,高島,令和7年度,全国大会（インターハイ）,ｽｹｰﾄ(ﾌｨｷﾞｭｱ),学校対抗,女,11位,https://www.tokyo-kotairen.gr.jp/wp-content/uploads/2026/04/R7-IH-result.pdf,,0
404260,高島,令和7年度,全国大会（インターハイ）,ｽｹｰﾄ(ﾌｨｷﾞｭｱ),個人,女,6位,https://www.tokyo-kotairen.gr.jp/wp-content/uploads/2026/04/R7-IH-result.pdf,,1
404260,高島,令和7年度,関東大会,陸上競技,800m,男,決勝3位,https://www.tokyo-kotairen.gr.jp/wp-content/uploads/2026/04/R7-kantou-result.pdf,陸上競技部,0
404260,高島,令和7年度,関東大会,,三段跳,女,決勝11位,https://www.tokyo-kotairen.gr.jp/wp-content/uploads/2026/04/R7-kantou-result.pdf,,0
404510,飛鳥,令和5年度,東京都大会,サッカー,団体,女,4位,https://www.tokyo-kotairen.gr.jp/wp-content/uploads/2024/04/R5_tokyo_results.pdf,女子サッカー部,0
404510,飛鳥,令和7年度,東京都大会,サッカー,団体,女,3位,https://www.tokyo-kotairen.gr.jp/wp-content/uploads/2026/04/R7-tosoutai-result.pdf,女子サッカー部,0
404710,工芸,令和5年度,東京都大会,登山,団体,女,4位,https://www.tokyo-kotairen.gr.jp/wp-content/uploads/2024/04/R5_tokyo_results.pdf,,0
404710,工芸,令和6年度,東京都大会,登山,団体,女,3位,https://www.tokyo-kotairen.gr.jp/wp-content/uploads/2025/04/tokyo_result.pdf,,0
404710,工芸,令和7年度,東京都大会,登山,団体,女,3位,https://www.tokyo-kotairen.gr.jp/wp-content/uploads/2026/04/R7-tosoutai-result.pdf,,0
405060,上野,令和5年度,関東大会,バレーボール,学校対抗,男,1回戦,https://www.tokyo-kotairen.gr.jp/wp-content/uploads/2024/04/R5_kanto_results.pdf,,0
405060,上野,令和5年度,東京都大会,軟式野球,団体,男,3位,https://www.tokyo-kotairen.gr.jp/wp-content/uploads/2024/04/R5_tokyo_results.pdf,,0
405060,上野,令和6年度,関東大会,バレーボール,学校対抗,男,2回戦,https://www.tokyo-kotairen.gr.jp/wp-content/uploads/2025/04/kt_result.pdf,,0
405240,足立西,令和6年度,関東大会,,800m自由形,女,28位,https://www.tokyo-kotairen.gr.jp/wp-content/uploads/2025/04/kt_result.pdf,水泳部,0
405250,足立東,令和5年度,関東大会,ボクシング,ピン級A,男,準優勝,https://www.tokyo-kotairen.gr.jp/wp-content/uploads/2024/04/R5_kanto_results.pdf,ボクシング部,0
405250,足立東,令和5年度,関東大会,ボクシング,ライトフライ級,男,優勝,https://www.tokyo-kotairen.gr.jp/wp-content/uploads/2024/04/R5_kanto_results.pdf,ボクシング部,0
405250,足立東,令和5年度,東京都大会,ボクシング,団体,男,3位,https://www.tokyo-kotairen.gr.jp/wp-content/uploads/2024/04/R5_tokyo_results.pdf,ボクシング部,0
405250,足立東,令和6年度,全国大会（インターハイ）,ボクシング,,男,ベスト16,https://www.tokyo-kotairen.gr.jp/wp-content/uploads/2025/04/ih_result.pdf,ボクシング部,0
405250,足立東,令和6年度,関東大会,ボクシング,バンタム級,男,準優勝,https://www.tokyo-kotairen.gr.jp/wp-content/uploads/2025/04/kt_result.pdf,ボクシング部,0
405250,足立東,令和6年度,東京都大会,ボクシング,団体,男,3位,https://www.tokyo-kotairen.gr.jp/wp-content/uploads/2025/04/tokyo_result.pdf,ボクシング部,0
405270,足立新田,令和5年度,全国大会（インターハイ）,相撲,,男,ベスト16,https://www.tokyo-kotairen.gr.jp/wp-content/uploads/2024/04/R5_alljapan_results.pdf,相撲部,0
405270,足立新田,令和5年度,全国大会（インターハイ）,相撲,,男,出場,https://www.tokyo-kotairen.gr.jp/wp-content/uploads/2024/04/R5_alljapan_results.pdf,相撲部,0
405270,足立新田,令和5年度,全国大会（インターハイ）,アーチェリー,,女,16位,https://www.tokyo-kotairen.gr.jp/wp-content/uploads/2024/04/R5_alljapan_results.pdf,アーチェリー部,0
405270,足立新田,令和5年度,関東大会,陸上競技,３０００ｍ障害,男,決勝9位,https://www.tokyo-kotairen.gr.jp/wp-content/uploads/2024/04/R5_kanto_results.pdf,陸上競技部,0
405270,足立新田,令和5年度,関東大会,,三段跳,男,決勝13位,https://www.tokyo-kotairen.gr.jp/wp-content/uploads/2024/04/R5_kanto_results.pdf,,0
405270,足立新田,令和5年度,関東大会,バレーボール,学校対抗,男,2回戦,https://www.tokyo-kotairen.gr.jp/wp-content/uploads/2024/04/R5_kanto_results.pdf,男子バレーボール部,0
405270,足立新田,令和5年度,関東大会,相撲,団体,男,準優勝,https://www.tokyo-kotairen.gr.jp/wp-content/uploads/2024/04/R5_kanto_results.pdf,相撲部,0
405270,足立新田,令和5年度,関東大会,相撲,８０キロ,男,５位,https://www.tokyo-kotairen.gr.jp/wp-content/uploads/2024/04/R5_kanto_results.pdf,相撲部,0
405270,足立新田,令和5年度,関東大会,相撲,100kg級,男,５位,https://www.tokyo-kotairen.gr.jp/wp-content/uploads/2024/04/R5_kanto_results.pdf,相撲部,0
405270,足立新田,令和5年度,関東大会,相撲,100kg級,男,２回戦,https://www.tokyo-kotairen.gr.jp/wp-content/uploads/2024/04/R5_kanto_results.pdf,相撲部,0
405270,足立新田,令和5年度,関東大会,相撲,100㎏超級,男,１回戦,https://www.tokyo-kotairen.gr.jp/wp-content/uploads/2024/04/R5_kanto_results.pdf,相撲部,0
405270,足立新田,令和5年度,関東大会,相撲,無差別級,男,３回戦,https://www.tokyo-kotairen.gr.jp/wp-content/uploads/2024/04/R5_kanto_results.pdf,相撲部,0
405270,足立新田,令和5年度,関東大会,相撲,無差別級,男,２回戦,https://www.tokyo-kotairen.gr.jp/wp-content/uploads/2024/04/R5_kanto_results.pdf,相撲部,0
405270,足立新田,令和5年度,関東大会,アーチェリー,団体,女,優勝,https://www.tokyo-kotairen.gr.jp/wp-content/uploads/2024/04/R5_kanto_results.pdf,アーチェリー部,0
405270,足立新田,令和5年度,東京都大会,相撲,団体,男,1位,https://www.tokyo-kotairen.gr.jp/wp-content/uploads/2024/04/R5_tokyo_results.pdf,相撲部,0
405270,足立新田,令和5年度,東京都大会,アーチェリー,団体,女,1位,https://www.tokyo-kotairen.gr.jp/wp-content/uploads/2024/04/R5_tokyo_results.pdf,アーチェリー部,0
405270,足立新田,令和6年度,全国大会（インターハイ）,陸上競技,,男,準優勝,https://www.tokyo-kotairen.gr.jp/wp-content/uploads/2025/04/ih_result.pdf,陸上競技部,0
405270,足立新田,令和6年度,全国大会（インターハイ）,相撲,,男,ベスト16,https://www.tokyo-kotairen.gr.jp/wp-content/uploads/2025/04/ih_result.pdf,相撲部,0
405270,足立新田,令和6年度,全国大会（インターハイ）,アーチェリー,,男,42位,https://www.tokyo-kotairen.gr.jp/wp-content/uploads/2025/04/ih_result.pdf,アーチェリー部,0
405270,足立新田,令和6年度,関東大会,,三段跳,男,優勝,https://www.tokyo-kotairen.gr.jp/wp-content/uploads/2025/04/kt_result.pdf,,0
405270,足立新田,令和6年度,関東大会,相撲,団体,男,3位,https://www.tokyo-kotairen.gr.jp/wp-content/uploads/2025/04/kt_result.pdf,相撲部,0
405270,足立新田,令和6年度,関東大会,相撲,80kg級,男,3位,https://www.tokyo-kotairen.gr.jp/wp-content/uploads/2025/04/kt_result.pdf,相撲部,0
405270,足立新田,令和6年度,関東大会,相撲,100kg級,男,優勝,https://www.tokyo-kotairen.gr.jp/wp-content/uploads/2025/04/kt_result.pdf,相撲部,0
405270,足立新田,令和6年度,関東大会,相撲,100kg級,男,3位,https://www.tokyo-kotairen.gr.jp/wp-content/uploads/2025/04/kt_result.pdf,相撲部,0
405270,足立新田,令和6年度,関東大会,相撲,100kg級,男,2回戦,https://www.tokyo-kotairen.gr.jp/wp-content/uploads/2025/04/kt_result.pdf,相撲部,0
405270,足立新田,令和6年度,関東大会,相撲,100kg超級,男,5位,https://www.tokyo-kotairen.gr.jp/wp-content/uploads/2025/04/kt_result.pdf,相撲部,0
405270,足立新田,令和6年度,関東大会,相撲,無差別級,男,3位,https://www.tokyo-kotairen.gr.jp/wp-content/uploads/2025/04/kt_result.pdf,相撲部,0
405270,足立新田,令和6年度,関東大会,相撲,無差別級,男,1回戦,https://www.tokyo-kotairen.gr.jp/wp-content/uploads/2025/04/kt_result.pdf,相撲部,0
405270,足立新田,令和6年度,関東大会,アーチェリー,団体,女,優勝,https://www.tokyo-kotairen.gr.jp/wp-content/uploads/2025/04/kt_result.pdf,アーチェリー部,0
405270,足立新田,令和6年度,関東大会,アーチェリー,個人,男,2回戦,https://www.tokyo-kotairen.gr.jp/wp-content/uploads/2025/04/kt_result.pdf,アーチェリー部,1
405270,足立新田,令和6年度,東京都大会,相撲,団体,男,1位,https://www.tokyo-kotairen.gr.jp/wp-content/uploads/2025/04/tokyo_result.pdf,相撲部,0
405270,足立新田,令和6年度,東京都大会,アーチェリー,団体,女,1位,https://www.tokyo-kotairen.gr.jp/wp-content/uploads/2025/04/tokyo_result.pdf,アーチェリー部,0
405270,足立新田,令和7年度,全国大会（インターハイ）,相撲,無差別級,男,3位,https://www.tokyo-kotairen.gr.jp/wp-content/uploads/2026/04/R7-IH-result.pdf,相撲部,0
405270,足立新田,令和7年度,全国大会（インターハイ）,ｱｰﾁｪﾘｰ,個人,女,優勝,https://www.tokyo-kotairen.gr.jp/wp-content/uploads/2026/04/R7-IH-result.pdf,アーチェリー部,1
405270,足立新田,令和7年度,関東大会,相撲,団体,男,準優勝,https://www.tokyo-kotairen.gr.jp/wp-content/uploads/2026/04/R7-kantou-result.pdf,相撲部,0
405270,足立新田,令和7年度,関東大会,相撲,70kg級,男,1回戦,https://www.tokyo-kotairen.gr.jp/wp-content/uploads/2026/04/R7-kantou-result.pdf,相撲部,0
405270,足立新田,令和7年度,関東大会,相撲,100kg級,男,5位,https://www.tokyo-kotairen.gr.jp/wp-content/uploads/2026/04/R7-kantou-result.pdf,相撲部,0
405270,足立新田,令和7年度,関東大会,相撲,100kg超級,男,準優勝,https://www.tokyo-kotairen.gr.jp/wp-content/uploads/2026/04/R7-kantou-result.pdf,相撲部,0
405270,足立新田,令和7年度,関東大会,相撲,100kg超級,男,3回戦,https://www.tokyo-kotairen.gr.jp/wp-content/uploads/2026/04/R7-kantou-result.pdf,相撲部,0
405270,足立新田,令和7年度,関東大会,相撲,100kg超級,男,2回戦,https://www.tokyo-kotairen.gr.jp/wp-content/uploads/2026/04/R7-kantou-result.pdf,相撲部,0
405270,足立新田,令和7年度,関東大会,相撲,100kg超級,男,1回戦,https://www.tokyo-kotairen.gr.jp/wp-content/uploads/2026/04/R7-kantou-result.pdf,相撲部,0
405270,足立新田,令和7年度,関東大会,,,男,5位,https://www.tokyo-kotairen.gr.jp/wp-content/uploads/2026/04/R7-kantou-result.pdf,,0
405270,足立新田,令和7年度,関東大会,,,男,1回戦,https://www.tokyo-kotairen.gr.jp/wp-content/uploads/2026/04/R7-kantou-result.pdf,,0
405270,足立新田,令和7年度,東京都大会,相撲,団体,男,1位,https://www.tokyo-kotairen.gr.jp/wp-content/uploads/2026/04/R7-tosoutai-result.pdf,相撲部,0
405520,浅草,令和5年度,全国大会（定時制通信制）,第58回陸上競技大会,,女,優勝,https://www.tokyo-kotairen.gr.jp/wp-content/uploads/2024/09/R5_teitsu_alljapan_tokyoresult.pdf,陸上部,0
405520,浅草,令和5年度,全国大会（定時制通信制）,第58回陸上競技大会,,女,3位,https://www.tokyo-kotairen.gr.jp/wp-content/uploads/2024/09/R5_teitsu_alljapan_tokyoresult.pdf,陸上部,0
406010,両国,令和5年度,関東大会,カヌー,男子カヤック シングル500ｍ,男,２位,https://www.tokyo-kotairen.gr.jp/wp-content/uploads/2024/04/R5_kanto_results.pdf,,0
406010,両国,令和7年度,関東大会,,100m背泳ぎ,男,予選25位,https://www.tokyo-kotairen.gr.jp/wp-content/uploads/2026/04/R7-kantou-result.pdf,,0
406020,墨田川,令和5年度,全国大会（インターハイ）,水泳(競泳),,男,11位,https://www.tokyo-kotairen.gr.jp/wp-content/uploads/2024/04/R5_alljapan_results.pdf,水泳部,0
406020,墨田川,令和5年度,全国大会（インターハイ）,水泳(競泳),,男,10位,https://www.tokyo-kotairen.gr.jp/wp-content/uploads/2024/04/R5_alljapan_results.pdf,水泳部,0
406020,墨田川,令和5年度,関東大会,水泳 (競泳),学校対抗,男,16位,https://www.tokyo-kotairen.gr.jp/wp-content/uploads/2024/04/R5_kanto_results.pdf,水泳部,0
406020,墨田川,令和5年度,関東大会,,100ｍ平泳ぎ,男,準優勝,https://www.tokyo-kotairen.gr.jp/wp-content/uploads/2024/04/R5_kanto_results.pdf,水泳部,0
406020,墨田川,令和5年度,関東大会,,200m平泳ぎ,男,8位,https://www.tokyo-kotairen.gr.jp/wp-content/uploads/2024/04/R5_kanto_results.pdf,水泳部,0
406020,墨田川,令和6年度,全国大会（インターハイ）,水泳（競泳）,,女,19位,https://www.tokyo-kotairen.gr.jp/wp-content/uploads/2025/04/ih_result.pdf,水泳部,0
406020,墨田川,令和6年度,全国大会（インターハイ）,水泳（競泳）,,女,16位,https://www.tokyo-kotairen.gr.jp/wp-content/uploads/2025/04/ih_result.pdf,水泳部,0
406020,墨田川,令和6年度,関東大会,,400ｍ自由形,女,13位,https://www.tokyo-kotairen.gr.jp/wp-content/uploads/2025/04/kt_result.pdf,水泳部,0
406020,墨田川,令和6年度,関東大会,,800m自由形,女,11位,https://www.tokyo-kotairen.gr.jp/wp-content/uploads/2025/04/kt_result.pdf,水泳部,0
406020,墨田川,令和6年度,関東大会,,,男,28位,https://www.tokyo-kotairen.gr.jp/wp-content/uploads/2025/04/kt_result.pdf,,0
406020,墨田川,令和7年度,全国大会（インターハイ）,水泳(競泳),400m自由形,女,23位,https://www.tokyo-kotairen.gr.jp/wp-content/uploads/2026/04/R7-IH-result.pdf,水泳部,0
406020,墨田川,令和7年度,全国大会（インターハイ）,,100m平泳ぎ,男,14位,https://www.tokyo-kotairen.gr.jp/wp-content/uploads/2026/04/R7-IH-result.pdf,水泳部,0
406020,墨田川,令和7年度,全国大会（インターハイ）,,200m平泳ぎ,男,13位,https://www.tokyo-kotairen.gr.jp/wp-content/uploads/2026/04/R7-IH-result.pdf,水泳部,0
406020,墨田川,令和7年度,関東大会,,400m自由形,女,予選12位,https://www.tokyo-kotairen.gr.jp/wp-content/uploads/2026/04/R7-kantou-result.pdf,水泳部,0
406020,墨田川,令和7年度,関東大会,,800m自由形,女,決勝11位,https://www.tokyo-kotairen.gr.jp/wp-content/uploads/2026/04/R7-kantou-result.pdf,水泳部,0
406020,墨田川,令和7年度,関東大会,,100m平泳ぎ,男,決勝8位,https://www.tokyo-kotairen.gr.jp/wp-content/uploads/2026/04/R7-kantou-result.pdf,水泳部,0
406020,墨田川,令和7年度,関東大会,,100m平泳ぎ,男,予選29位,https://www.tokyo-kotairen.gr.jp/wp-content/uploads/2026/04/R7-kantou-result.pdf,水泳部,0
406020,墨田川,令和7年度,関東大会,,200m平泳ぎ,男,決勝9位,https://www.tokyo-kotairen.gr.jp/wp-content/uploads/2026/04/R7-kantou-result.pdf,水泳部,0
406020,墨田川,令和7年度,関東大会,,400m 個人ﾒﾄﾞﾚｰ,女,予選22位,https://www.tokyo-kotairen.gr.jp/wp-content/uploads/2026/04/R7-kantou-result.pdf,陸上競技部,1
406020,墨田川,令和7年度,関東大会,,4×100m ﾌﾘｰﾘﾚｰ,男,予選27位,https://www.tokyo-kotairen.gr.jp/wp-content/uploads/2026/04/R7-kantou-result.pdf,陸上競技部,0
406020,墨田川,令和7年度,関東大会,,,女,予選25位,https://www.tokyo-kotairen.gr.jp/wp-content/uploads/2026/04/R7-kantou-result.pdf,,0
406020,墨田川,令和7年度,東京都大会,(舵手つきク ォドルプル),団体,女,4位,https://www.tokyo-kotairen.gr.jp/wp-content/uploads/2026/04/R7-tosoutai-result.pdf,,0
406030,本所,令和5年度,関東大会,相撲,７０キロ,男,５位,https://www.tokyo-kotairen.gr.jp/wp-content/uploads/2024/04/R5_kanto_results.pdf,,0
406030,本所,令和5年度,東京都大会,（ダブルスカル）,団体,男,2位,https://www.tokyo-kotairen.gr.jp/wp-content/uploads/2024/04/R5_tokyo_results.pdf,,0
406030,本所,令和5年度,東京都大会,ボート(舵手付クオドルプル),団体,女,3位,https://www.tokyo-kotairen.gr.jp/wp-content/uploads/2024/04/R5_tokyo_results.pdf,ボート部,0
406030,本所,令和5年度,東京都大会,（ダブルスカル）,団体,女,3位,https://www.tokyo-kotairen.gr.jp/wp-content/uploads/2024/04/R5_tokyo_results.pdf,,0
406030,本所,令和5年度,東京都大会,（シングルスカル）,団体,女,2位,https://www.tokyo-kotairen.gr.jp/wp-content/uploads/2024/04/R5_tokyo_results.pdf,,0
406030,本所,令和6年度,全国大会（インターハイ）,,,女,6位,https://www.tokyo-kotairen.gr.jp/wp-content/uploads/2025/04/ih_result.pdf,,0
406030,本所,令和6年度,関東大会,ローイング,ダブルスカル,女,3位,https://www.tokyo-kotairen.gr.jp/wp-content/uploads/2025/04/kt_result.pdf,ローイング部,1
406030,本所,令和6年度,関東大会,ローイング,シングルスカル,男,優勝,https://www.tokyo-kotairen.gr.jp/wp-content/uploads/2025/04/kt_result.pdf,ローイング部,1
406030,本所,令和6年度,東京都大会,ローイング,団体,男,4位,https://www.tokyo-kotairen.gr.jp/wp-content/uploads/2025/04/tokyo_result.pdf,ローイング部,0
406030,本所,令和6年度,東京都大会,(舵手付クオドルプル),団体,女,1位,https://www.tokyo-kotairen.gr.jp/wp-content/uploads/2025/04/tokyo_result.pdf,,0
406030,本所,令和7年度,全国大会（インターハイ）,ﾛｰｲﾝｸﾞ,舵手つき ｸｫﾄﾞﾙﾌﾟﾙ,女,4位,https://www.tokyo-kotairen.gr.jp/wp-content/uploads/2026/04/R7-IH-result.pdf,ローイング部,0
406030,本所,令和7年度,関東大会,ﾛｰｲﾝｸﾞ,舵手つき ｸｫﾄﾞﾙﾌﾟﾙ,女,優勝,https://www.tokyo-kotairen.gr.jp/wp-content/uploads/2026/04/R7-kantou-result.pdf,ローイング部,0
406030,本所,令和7年度,関東大会,ﾛｰｲﾝｸﾞ,ｼﾝｸﾞﾙｽｶﾙ,男,準優勝,https://www.tokyo-kotairen.gr.jp/wp-content/uploads/2026/04/R7-kantou-result.pdf,ローイング部,0
406030,本所,令和7年度,東京都大会,(舵手つきク ォドルプル),団体,女,1位,https://www.tokyo-kotairen.gr.jp/wp-content/uploads/2026/04/R7-tosoutai-result.pdf,,0
406070,日本橋,令和5年度,関東大会,カヌー,女子カヤック シングル500ｍ,女,７位,https://www.tokyo-kotairen.gr.jp/wp-content/uploads/2024/04/R5_kanto_results.pdf,,0
406070,日本橋,令和5年度,東京都大会,ボート(舵手付クオドルプル),団体,男,4位,https://www.tokyo-kotairen.gr.jp/wp-content/uploads/2024/04/R5_tokyo_results.pdf,ボート,0
406070,日本橋,令和5年度,東京都大会,（ダブルスカル）,団体,女,4位,https://www.tokyo-kotairen.gr.jp/wp-content/uploads/2024/04/R5_tokyo_results.pdf,,0
406070,日本橋,令和6年度,関東大会,ローイング,ダブルスカル,男,出場,https://www.tokyo-kotairen.gr.jp/wp-content/uploads/2025/04/kt_result.pdf,ローイング(ボート)部,1
406210,深川,令和5年度,関東大会,剣道,団体,女,2回戦,https://www.tokyo-kotairen.gr.jp/wp-content/uploads/2024/04/R5_kanto_results.pdf,男子剣道部,0
406210,深川,令和5年度,東京都大会,剣道,団体,女,3位,https://www.tokyo-kotairen.gr.jp/wp-content/uploads/2024/04/R5_tokyo_results.pdf,男子剣道部,0
406210,深川,令和6年度,関東大会,剣道,団体,女,出場,https://www.tokyo-kotairen.gr.jp/wp-content/uploads/2025/04/kt_result.pdf,男子剣道部,0
406210,深川,令和7年度,関東大会,剣道,団体,女,出場,https://www.tokyo-kotairen.gr.jp/wp-content/uploads/2026/04/R7-kantou-result.pdf,男子剣道部,0
406210,深川,令和7年度,関東大会,ｶﾇｰ,女子カヤック シングル500m,女,5位,https://www.tokyo-kotairen.gr.jp/wp-content/uploads/2026/04/R7-kantou-result.pdf,,0
406220,東,令和5年度,全国大会（インターハイ）,弓道,,女,1回戦,https://www.tokyo-kotairen.gr.jp/wp-content/uploads/2024/04/R5_alljapan_results.pdf,弓道部,0
406220,東,令和5年度,全国大会（インターハイ）,弓道,,女,決勝出場,https://www.tokyo-kotairen.gr.jp/wp-content/uploads/2024/04/R5_alljapan_results.pdf,弓道部,0
406220,東,令和5年度,全国大会（インターハイ）,アーチェリー,,男,170位,https://www.tokyo-kotairen.gr.jp/wp-content/uploads/2024/04/R5_alljapan_results.pdf,アーチェリー部,0
406220,東,令和5年度,関東大会,弓道,団体,女,ベスト16,https://www.tokyo-kotairen.gr.jp/wp-content/uploads/2024/04/R5_kanto_results.pdf,弓道部,0
406220,東,令和5年度,関東大会,弓道,団体,男,出場,https://www.tokyo-kotairen.gr.jp/wp-content/uploads/2024/04/R5_kanto_results.pdf,弓道部,0
406220,東,令和5年度,関東大会,弓道,個人,女,3位,https://www.tokyo-kotairen.gr.jp/wp-content/uploads/2024/04/R5_kanto_results.pdf,弓道部,1
406220,東,令和5年度,東京都大会,弓道,団体,男,2位,https://www.tokyo-kotairen.gr.jp/wp-content/uploads/2024/04/R5_tokyo_results.pdf,弓道部,0
406220,東,令和5年度,東京都大会,弓道,団体,女,1位,https://www.tokyo-kotairen.gr.jp/wp-content/uploads/2024/04/R5_tokyo_results.pdf,弓道部,0
406220,東,令和6年度,全国大会（インターハイ）,,,男,72位,https://www.tokyo-kotairen.gr.jp/wp-content/uploads/2025/04/ih_result.pdf,,0
406220,東,令和6年度,全国大会（インターハイ）,弓道,,男,出場,https://www.tokyo-kotairen.gr.jp/wp-content/uploads/2025/04/ih_result.pdf,弓道部,0
406220,東,令和6年度,全国大会（インターハイ）,弓道,,女,出場,https://www.tokyo-kotairen.gr.jp/wp-content/uploads/2025/04/ih_result.pdf,弓道部,0
406220,東,令和6年度,関東大会,,100ｍ バタフライ,男,22位,https://www.tokyo-kotairen.gr.jp/wp-content/uploads/2025/04/kt_result.pdf,水泳部,0
406220,東,令和6年度,関東大会,,フリーリレー,男,21位,https://www.tokyo-kotairen.gr.jp/wp-content/uploads/2025/04/kt_result.pdf,陸上競技部,0
406220,東,令和6年度,関東大会,,,男,33位,https://www.tokyo-kotairen.gr.jp/wp-content/uploads/2025/04/kt_result.pdf,,0
406220,東,令和6年度,関東大会,弓道,団体,女,ベスト8,https://www.tokyo-kotairen.gr.jp/wp-content/uploads/2025/04/kt_result.pdf,弓道部,0
406220,東,令和6年度,関東大会,,,女,出場,https://www.tokyo-kotairen.gr.jp/wp-content/uploads/2025/04/kt_result.pdf,,0
406220,東,令和6年度,東京都大会,弓道,団体,男,1位,https://www.tokyo-kotairen.gr.jp/wp-content/uploads/2025/04/tokyo_result.pdf,弓道部,0
406220,東,令和6年度,東京都大会,弓道,団体,女,3位,https://www.tokyo-kotairen.gr.jp/wp-content/uploads/2025/04/tokyo_result.pdf,弓道部,0
406220,東,令和6年度,東京都大会,アーチェリー,団体,女,4位,https://www.tokyo-kotairen.gr.jp/wp-content/uploads/2025/04/tokyo_result.pdf,アーチェリー部,0
406220,東,令和7年度,全国大会（インターハイ）,ｱｰﾁｪﾘｰ,個人,女,106位,https://www.tokyo-kotairen.gr.jp/wp-content/uploads/2026/04/R7-IH-result.pdf,アーチェリー部,1
406220,東,令和7年度,関東大会,ｱｰﾁｪﾘｰ,団体,女,8位,https://www.tokyo-kotairen.gr.jp/wp-content/uploads/2026/04/R7-kantou-result.pdf,アーチェリー部,0
406220,東,令和7年度,東京都大会,弓道,団体,女,2位,https://www.tokyo-kotairen.gr.jp/wp-content/uploads/2026/04/R7-tosoutai-result.pdf,弓道部,0
406220,東,令和7年度,東京都大会,アーチェリー,団体,男,4位,https://www.tokyo-kotairen.gr.jp/wp-content/uploads/2026/04/R7-tosoutai-result.pdf,アーチェリー部,0
406220,東,令和7年度,東京都大会,アーチェリー,団体,女,1位,https://www.tokyo-kotairen.gr.jp/wp-content/uploads/2026/04/R7-tosoutai-result.pdf,アーチェリー部,0
406230,城東,令和5年度,全国大会（インターハイ）,なぎなた,,女,出場,https://www.tokyo-kotairen.gr.jp/wp-content/uploads/2024/04/R5_alljapan_results.pdf,なぎなた部,0
406230,城東,令和5年度,関東大会,,,女,決勝12位,https://www.tokyo-kotairen.gr.jp/wp-content/uploads/2024/04/R5_kanto_results.pdf,,0
406230,城東,令和5年度,関東大会,,走幅跳,男,決勝13位,https://www.tokyo-kotairen.gr.jp/wp-content/uploads/2024/04/R5_kanto_results.pdf,陸上競技部,0
406230,城東,令和5年度,関東大会,なぎなた,団体,女,3位,https://www.tokyo-kotairen.gr.jp/wp-content/uploads/2024/04/R5_kanto_results.pdf,なぎなた部,0
406230,城東,令和5年度,関東大会,なぎなた,個人,女,出場,https://www.tokyo-kotairen.gr.jp/wp-content/uploads/2024/04/R5_kanto_results.pdf,なぎなた部,1
406230,城東,令和5年度,関東大会,なぎなた,演技,女,3位,https://www.tokyo-kotairen.gr.jp/wp-content/uploads/2024/04/R5_kanto_results.pdf,なぎなた部,0
406230,城東,令和5年度,関東大会,なぎなた,演技,女,2回戦,https://www.tokyo-kotairen.gr.jp/wp-content/uploads/2024/04/R5_kanto_results.pdf,なぎなた部,0
406230,城東,令和5年度,東京都大会,なぎなた,団体,女,1位,https://www.tokyo-kotairen.gr.jp/wp-content/uploads/2024/04/R5_tokyo_results.pdf,なぎなた部,0
406230,城東,令和6年度,全国大会（インターハイ）,陸上競技,,男,準決勝3位,https://www.tokyo-kotairen.gr.jp/wp-content/uploads/2025/04/ih_result.pdf,陸上競技部,0
406230,城東,令和6年度,全国大会（インターハイ）,なぎなた,,女,出場,https://www.tokyo-kotairen.gr.jp/wp-content/uploads/2025/04/ih_result.pdf,なぎなた部,0
406230,城東,令和6年度,全国大会（インターハイ）,なぎなた,,女,5位,https://www.tokyo-kotairen.gr.jp/wp-content/uploads/2025/04/ih_result.pdf,なぎなた部,0
406230,城東,令和6年度,全国大会（インターハイ）,なぎなた,,女,2回戦,https://www.tokyo-kotairen.gr.jp/wp-content/uploads/2025/04/ih_result.pdf,なぎなた部,0
406230,城東,令和6年度,関東大会,陸上競技,２００ｍ,男,予選4位,https://www.tokyo-kotairen.gr.jp/wp-content/uploads/2025/04/kt_result.pdf,陸上競技部,0
406230,城東,令和6年度,関東大会,陸上競技,４００ｍ,男,決勝5位,https://www.tokyo-kotairen.gr.jp/wp-content/uploads/2025/04/kt_result.pdf,陸上競技部,0
406230,城東,令和6年度,関東大会,,走幅跳,男,決勝15位,https://www.tokyo-kotairen.gr.jp/wp-content/uploads/2025/04/kt_result.pdf,陸上競技部,0
406230,城東,令和6年度,関東大会,バスケットボール,学校対抗,女,1回戦,https://www.tokyo-kotairen.gr.jp/wp-content/uploads/2025/04/kt_result.pdf,男子バスケットボール部,0
406230,城東,令和6年度,関東大会,バドミントン,学校対抗,男,ベスト16,https://www.tokyo-kotairen.gr.jp/wp-content/uploads/2025/04/kt_result.pdf,バドミントン部,0
406230,城東,令和6年度,関東大会,バドミントン,学校対抗,女,1回戦,https://www.tokyo-kotairen.gr.jp/wp-content/uploads/2025/04/kt_result.pdf,バドミントン部,0
406230,城東,令和6年度,関東大会,なぎなた,団体,女,出場,https://www.tokyo-kotairen.gr.jp/wp-content/uploads/2025/04/kt_result.pdf,なぎなた部,0
406230,城東,令和6年度,関東大会,なぎなた,個人,女,準優勝,https://www.tokyo-kotairen.gr.jp/wp-content/uploads/2025/04/kt_result.pdf,なぎなた部,1
406230,城東,令和6年度,関東大会,なぎなた,個人,女,3位,https://www.tokyo-kotairen.gr.jp/wp-content/uploads/2025/04/kt_result.pdf,なぎなた部,1
406230,城東,令和6年度,関東大会,なぎなた,個人,女,出場,https://www.tokyo-kotairen.gr.jp/wp-content/uploads/2025/04/kt_result.pdf,なぎなた部,1
406230,城東,令和6年度,関東大会,なぎなた,演技,女,準優勝,https://www.tokyo-kotairen.gr.jp/wp-content/uploads/2025/04/kt_result.pdf,なぎなた部,0
406230,城東,令和6年度,関東大会,なぎなた,演技,女,1回戦,https://www.tokyo-kotairen.gr.jp/wp-content/uploads/2025/04/kt_result.pdf,なぎなた部,0
406230,城東,令和6年度,東京都大会,なぎなた,団体,女,2位,https://www.tokyo-kotairen.gr.jp/wp-content/uploads/2025/04/tokyo_result.pdf,なぎなた部,0
406230,城東,令和7年度,全国大会（インターハイ）,なぎなた,演技,女,準優勝,https://www.tokyo-kotairen.gr.jp/wp-content/uploads/2026/04/R7-IH-result.pdf,なぎなた部,0
406230,城東,令和7年度,全国大会（インターハイ）,なぎなた,個人,女,3位,https://www.tokyo-kotairen.gr.jp/wp-content/uploads/2026/04/R7-IH-result.pdf,なぎなた部,1
406230,城東,令和7年度,関東大会,陸上競技,400mH (0.762m),女,予選6位,https://www.tokyo-kotairen.gr.jp/wp-content/uploads/2026/04/R7-kantou-result.pdf,陸上競技部,0
406230,城東,令和7年度,関東大会,陸上競技,4×100m,女,予選5位,https://www.tokyo-kotairen.gr.jp/wp-content/uploads/2026/04/R7-kantou-result.pdf,陸上競技部,0
406230,城東,令和7年度,関東大会,陸上競技,4×400m,女,予選6位,https://www.tokyo-kotairen.gr.jp/wp-content/uploads/2026/04/R7-kantou-result.pdf,陸上競技部,0
406230,城東,令和7年度,関東大会,,走幅跳,男,決勝14位,https://www.tokyo-kotairen.gr.jp/wp-content/uploads/2026/04/R7-kantou-result.pdf,陸上競技部,0
406230,城東,令和7年度,関東大会,なぎなた,団体,女,優勝,https://www.tokyo-kotairen.gr.jp/wp-content/uploads/2026/04/R7-kantou-result.pdf,なぎなた部,0
406230,城東,令和7年度,関東大会,なぎなた,個人,女,優勝,https://www.tokyo-kotairen.gr.jp/wp-content/uploads/2026/04/R7-kantou-result.pdf,なぎなた部,1
406230,城東,令和7年度,関東大会,なぎなた,個人,女,3位,https://www.tokyo-kotairen.gr.jp/wp-content/uploads/2026/04/R7-kantou-result.pdf,なぎなた部,1
406230,城東,令和7年度,関東大会,なぎなた,個人,女,2回戦,https://www.tokyo-kotairen.gr.jp/wp-content/uploads/2026/04/R7-kantou-result.pdf,なぎなた部,1
406230,城東,令和7年度,関東大会,なぎなた,演技,女,優勝,https://www.tokyo-kotairen.gr.jp/wp-content/uploads/2026/04/R7-kantou-result.pdf,なぎなた部,0
406230,城東,令和7年度,関東大会,なぎなた,演技,女,準優勝,https://www.tokyo-kotairen.gr.jp/wp-content/uploads/2026/04/R7-kantou-result.pdf,なぎなた部,0
406230,城東,令和7年度,関東大会,なぎなた,演技,女,3位,https://www.tokyo-kotairen.gr.jp/wp-content/uploads/2026/04/R7-kantou-result.pdf,なぎなた部,0
406230,城東,令和7年度,関東大会,なぎなた,演技,女,1回戦,https://www.tokyo-kotairen.gr.jp/wp-content/uploads/2026/04/R7-kantou-result.pdf,なぎなた部,0
406240,小松川,令和5年度,関東大会,カヌー,男子カヤック シングル500ｍ,男,５位,https://www.tokyo-kotairen.gr.jp/wp-content/uploads/2024/04/R5_kanto_results.pdf,,0
406240,小松川,令和5年度,東京都大会,ボート(舵手付クオドルプル),団体,男,1位,https://www.tokyo-kotairen.gr.jp/wp-content/uploads/2024/04/R5_tokyo_results.pdf,,0
406240,小松川,令和5年度,東京都大会,（ダブルスカル）,団体,男,4位,https://www.tokyo-kotairen.gr.jp/wp-content/uploads/2024/04/R5_tokyo_results.pdf,,0
406240,小松川,令和5年度,東京都大会,（シングルスカル）,団体,男,2位,https://www.tokyo-kotairen.gr.jp/wp-content/uploads/2024/04/R5_tokyo_results.pdf,,0
406240,小松川,令和5年度,東京都大会,ボート(舵手付クオドルプル),団体,女,1位,https://www.tokyo-kotairen.gr.jp/wp-content/uploads/2024/04/R5_tokyo_results.pdf,,0
406240,小松川,令和5年度,東京都大会,（ダブルスカル）,団体,女,2位,https://www.tokyo-kotairen.gr.jp/wp-content/uploads/2024/04/R5_tokyo_results.pdf,,0
406240,小松川,令和5年度,東京都大会,（シングルスカル）,団体,女,4位,https://www.tokyo-kotairen.gr.jp/wp-content/uploads/2024/04/R5_tokyo_results.pdf,,0
406240,小松川,令和6年度,全国大会（インターハイ）,,,男,6位,https://www.tokyo-kotairen.gr.jp/wp-content/uploads/2025/04/ih_result.pdf,,0
406240,小松川,令和6年度,関東大会,ローイング,舵手付,女,準優勝,https://www.tokyo-kotairen.gr.jp/wp-content/uploads/2025/04/kt_result.pdf,ローイング（ボート）部,0
406240,小松川,令和6年度,東京都大会,ローイング,団体,男,1位,https://www.tokyo-kotairen.gr.jp/wp-content/uploads/2025/04/tokyo_result.pdf,ローイング（ボート）部,0
406240,小松川,令和6年度,東京都大会,(舵手付クオドルプル),団体,女,3位,https://www.tokyo-kotairen.gr.jp/wp-content/uploads/2025/04/tokyo_result.pdf,,0
406240,小松川,令和7年度,関東大会,ﾛｰｲﾝｸﾞ,舵手つき ｸｫﾄﾞﾙﾌﾟﾙ,女,出場,https://www.tokyo-kotairen.gr.jp/wp-content/uploads/2026/04/R7-kantou-result.pdf,ローイング（ボート）部,0
406240,小松川,令和7年度,関東大会,ﾛｰｲﾝｸﾞ,ﾀﾞﾌﾞﾙｽｶﾙ,男,6位,https://www.tokyo-kotairen.gr.jp/wp-content/uploads/2026/04/R7-kantou-result.pdf,ローイング（ボート）部,0
406240,小松川,令和7年度,関東大会,ﾛｰｲﾝｸﾞ,ﾀﾞﾌﾞﾙｽｶﾙ,女,決勝6位,https://www.tokyo-kotairen.gr.jp/wp-content/uploads/2026/04/R7-kantou-result.pdf,ローイング（ボート）部,0
406240,小松川,令和7年度,関東大会,ﾛｰｲﾝｸﾞ,ｼﾝｸﾞﾙｽｶﾙ,男,6位,https://www.tokyo-kotairen.gr.jp/wp-content/uploads/2026/04/R7-kantou-result.pdf,ローイング（ボート）部,0
406240,小松川,令和7年度,関東大会,ﾛｰｲﾝｸﾞ,ｼﾝｸﾞﾙｽｶﾙ,女,出場,https://www.tokyo-kotairen.gr.jp/wp-content/uploads/2026/04/R7-kantou-result.pdf,ローイング（ボート）部,0
406240,小松川,令和7年度,東京都大会,ローイング,団体,男,3位,https://www.tokyo-kotairen.gr.jp/wp-content/uploads/2026/04/R7-tosoutai-result.pdf,ローイング（ボート）部,0
406240,小松川,令和7年度,東京都大会,(舵手つきク ォドルプル),団体,女,3位,https://www.tokyo-kotairen.gr.jp/wp-content/uploads/2026/04/R7-tosoutai-result.pdf,,0
406250,江戸川,令和7年度,関東大会,ｶﾇｰ,男子カヤック ペア500m,男,出場,https://www.tokyo-kotairen.gr.jp/wp-content/uploads/2026/04/R7-kantou-result.pdf,,0
406260,小岩,令和5年度,関東大会,バドミントン,学校対抗,女,２回戦,https://www.tokyo-kotairen.gr.jp/wp-content/uploads/2024/04/R5_kanto_results.pdf,バドミントン部,0
406260,小岩,令和6年度,全国大会（インターハイ）,バドミントン,,女,1回戦,https://www.tokyo-kotairen.gr.jp/wp-content/uploads/2025/04/ih_result.pdf,バドミントン部,0
406260,小岩,令和6年度,関東大会,バドミントン,学校対抗,女,2回戦,https://www.tokyo-kotairen.gr.jp/wp-content/uploads/2025/04/kt_result.pdf,バドミントン部,0
406260,小岩,令和7年度,全国大会（インターハイ）,弓道,個人,女,出場,https://www.tokyo-kotairen.gr.jp/wp-content/uploads/2026/04/R7-IH-result.pdf,弓道部,1
406260,小岩,令和7年度,関東大会,ﾊﾞﾄﾞﾐﾝﾄﾝ,学校対抗,男,2回戦,https://www.tokyo-kotairen.gr.jp/wp-content/uploads/2026/04/R7-kantou-result.pdf,バドミントン部,0
406260,小岩,令和7年度,関東大会,弓道,団体,女,出場,https://www.tokyo-kotairen.gr.jp/wp-content/uploads/2026/04/R7-kantou-result.pdf,弓道部,0
406260,小岩,令和7年度,関東大会,弓道,個人,女,出場,https://www.tokyo-kotairen.gr.jp/wp-content/uploads/2026/04/R7-kantou-result.pdf,弓道部,1
406270,葛西南,令和6年度,全国大会（定時制通信制）,第59回陸上競技大会,,男,7位,https://www.tokyo-kotairen.gr.jp/wp-content/uploads/2025/04/teiji_tsushin_tokyo_result.pdf,陸上,0
406280,篠崎,令和5年度,関東大会,剣道,団体,女,1回戦,https://www.tokyo-kotairen.gr.jp/wp-content/uploads/2024/04/R5_kanto_results.pdf,剣道部,0
406280,篠崎,令和7年度,関東大会,,円盤投,女,決勝13位,https://www.tokyo-kotairen.gr.jp/wp-content/uploads/2026/04/R7-kantou-result.pdf,陸上競技部,0
406760,葛西工科,令和5年度,関東大会,,,男,16位,https://www.tokyo-kotairen.gr.jp/wp-content/uploads/2024/04/R5_kanto_results.pdf,,0
406760,葛西工科,令和5年度,関東大会,,スプリント,男,予選34位,https://www.tokyo-kotairen.gr.jp/wp-content/uploads/2024/04/R5_kanto_results.pdf,,0
406760,葛西工科,令和5年度,関東大会,,ケイリン,男,1回戦,https://www.tokyo-kotairen.gr.jp/wp-content/uploads/2024/04/R5_kanto_results.pdf,,0
406760,葛西工科,令和6年度,関東大会,,ケイリン,男,1回戦,https://www.tokyo-kotairen.gr.jp/wp-content/uploads/2025/04/kt_result.pdf,,0
407020,富士森,令和5年度,関東大会,空手道,団体組手,女,１回戦,https://www.tokyo-kotairen.gr.jp/wp-content/uploads/2024/04/R5_kanto_results.pdf,空手道部,0
407020,富士森,令和5年度,東京都大会,空手道,団体,,4位,https://www.tokyo-kotairen.gr.jp/wp-content/uploads/2024/04/R5_tokyo_results.pdf,空手道部,0
407020,富士森,令和6年度,関東大会,空手道,団体組手,男,2回戦,https://www.tokyo-kotairen.gr.jp/wp-content/uploads/2025/04/kt_result.pdf,空手道部,0
407020,富士森,令和6年度,関東大会,空手道,団体組手,女,2回戦,https://www.tokyo-kotairen.gr.jp/wp-content/uploads/2025/04/kt_result.pdf,空手道部,0
407020,富士森,令和6年度,東京都大会,空手道,団体,,4位,https://www.tokyo-kotairen.gr.jp/wp-content/uploads/2025/04/tokyo_result.pdf,空手道部,0
407020,富士森,令和7年度,関東大会,空手道,団体形,女,出場,https://www.tokyo-kotairen.gr.jp/wp-content/uploads/2026/04/R7-kantou-result.pdf,空手道部,0
407020,富士森,令和7年度,関東大会,空手道,団体組手,女,1回戦,https://www.tokyo-kotairen.gr.jp/wp-content/uploads/2026/04/R7-kantou-result.pdf,空手道部,0
407020,富士森,令和7年度,関東大会,空手道,団体組手,男,2回戦,https://www.tokyo-kotairen.gr.jp/wp-content/uploads/2026/04/R7-kantou-result.pdf,空手道部,0
407020,富士森,令和7年度,東京都大会,空手道,団体,,4位,https://www.tokyo-kotairen.gr.jp/wp-content/uploads/2026/04/R7-tosoutai-result.pdf,空手道部,0
407020,富士森,令和7年度,東京都大会,空手道,団体,,2位,https://www.tokyo-kotairen.gr.jp/wp-content/uploads/2026/04/R7-tosoutai-result.pdf,空手道部,0
407030,片倉,令和5年度,全国大会（インターハイ）,陸上競技,,男,予選11位,https://www.tokyo-kotairen.gr.jp/wp-content/uploads/2024/04/R5_alljapan_results.pdf,陸上競技部,0
407030,片倉,令和5年度,関東大会,陸上競技,走高跳,男,決勝5位,https://www.tokyo-kotairen.gr.jp/wp-content/uploads/2024/04/R5_kanto_results.pdf,陸上競技部,0
407030,片倉,令和5年度,関東大会,,円盤投,男,決勝18位,https://www.tokyo-kotairen.gr.jp/wp-content/uploads/2024/04/R5_kanto_results.pdf,陸上競技部,0
407030,片倉,令和5年度,関東大会,,やり投,男,優勝,https://www.tokyo-kotairen.gr.jp/wp-content/uploads/2024/04/R5_kanto_results.pdf,陸上競技部,0
407030,片倉,令和6年度,関東大会,,やり投,男,決勝9位,https://www.tokyo-kotairen.gr.jp/wp-content/uploads/2025/04/kt_result.pdf,陸上競技部,0
407040,八王子東,令和6年度,全国大会（インターハイ）,陸上競技,,男,出場,https://www.tokyo-kotairen.gr.jp/wp-content/uploads/2025/04/ih_result.pdf,陸上競技部,0
407040,八王子東,令和6年度,関東大会,,,男,決勝4位,https://www.tokyo-kotairen.gr.jp/wp-content/uploads/2025/04/kt_result.pdf,,0
407040,八王子東,令和7年度,全国大会（インターハイ）,陸上競技,走高跳,男,予選8位,https://www.tokyo-kotairen.gr.jp/wp-content/uploads/2026/04/R7-IH-result.pdf,陸上競技部,0
407040,八王子東,令和7年度,関東大会,陸上競技,走高跳,男,準優勝,https://www.tokyo-kotairen.gr.jp/wp-content/uploads/2026/04/R7-kantou-result.pdf,陸上競技部,0
407040,八王子東,令和7年度,関東大会,,200m自由形,女,予選28位,https://www.tokyo-kotairen.gr.jp/wp-content/uploads/2026/04/R7-kantou-result.pdf,水泳部,0
407070,松が谷,令和5年度,関東大会,陸上競技,４×4００ｍ リレー,男,予選5位,https://www.tokyo-kotairen.gr.jp/wp-content/uploads/2024/04/R5_kanto_results.pdf,陸上競技部,0
407070,松が谷,令和5年度,関東大会,,円盤投,女,決勝16位,https://www.tokyo-kotairen.gr.jp/wp-content/uploads/2024/04/R5_kanto_results.pdf,陸上競技部,0
407070,松が谷,令和5年度,関東大会,,円盤投,女,決勝10位,https://www.tokyo-kotairen.gr.jp/wp-content/uploads/2024/04/R5_kanto_results.pdf,陸上競技部,0
407070,松が谷,令和5年度,関東大会,アーチェリー,個人,男,49位,https://www.tokyo-kotairen.gr.jp/wp-content/uploads/2024/04/R5_kanto_results.pdf,アーチェリー部,1
407070,松が谷,令和6年度,関東大会,陸上競技,５０００ｍ競歩,女,決勝10位,https://www.tokyo-kotairen.gr.jp/wp-content/uploads/2025/04/kt_result.pdf,陸上競技部,0
407070,松が谷,令和6年度,関東大会,陸上競技,走高跳,女,決勝6位,https://www.tokyo-kotairen.gr.jp/wp-content/uploads/2025/04/kt_result.pdf,陸上競技部,0
407070,松が谷,令和6年度,関東大会,,棒高跳,男,決勝10位,https://www.tokyo-kotairen.gr.jp/wp-content/uploads/2025/04/kt_result.pdf,,0
407070,松が谷,令和6年度,関東大会,,砲丸投,女,決勝10位,https://www.tokyo-kotairen.gr.jp/wp-content/uploads/2025/04/kt_result.pdf,陸上競技部,0
407070,松が谷,令和6年度,関東大会,アーチェリー,団体,女,5位,https://www.tokyo-kotairen.gr.jp/wp-content/uploads/2025/04/kt_result.pdf,アーチェリー部,0
407070,松が谷,令和6年度,東京都大会,アーチェリー,団体,女,2位,https://www.tokyo-kotairen.gr.jp/wp-content/uploads/2025/04/tokyo_result.pdf,アーチェリー部,0
407070,松が谷,令和7年度,全国大会（インターハイ）,陸上競技,棒高跳,女,決勝出場,https://www.tokyo-kotairen.gr.jp/wp-content/uploads/2026/04/R7-IH-result.pdf,陸上競技部,0
407070,松が谷,令和7年度,全国大会（インターハイ）,陸上競技,砲丸投,女,予選17位,https://www.tokyo-kotairen.gr.jp/wp-content/uploads/2026/04/R7-IH-result.pdf,陸上競技部,0
407070,松が谷,令和7年度,関東大会,陸上競技,5000mW,女,決勝6位,https://www.tokyo-kotairen.gr.jp/wp-content/uploads/2026/04/R7-kantou-result.pdf,陸上競技部,0
407070,松が谷,令和7年度,関東大会,陸上競技,5000mW,女,決勝16位,https://www.tokyo-kotairen.gr.jp/wp-content/uploads/2026/04/R7-kantou-result.pdf,陸上競技部,0
407070,松が谷,令和7年度,関東大会,陸上競技,棒高跳,女,決勝3位,https://www.tokyo-kotairen.gr.jp/wp-content/uploads/2026/04/R7-kantou-result.pdf,陸上競技部,0
407070,松が谷,令和7年度,関東大会,,,男,決勝12位,https://www.tokyo-kotairen.gr.jp/wp-content/uploads/2026/04/R7-kantou-result.pdf,,0
407070,松が谷,令和7年度,関東大会,,,男,決勝16位,https://www.tokyo-kotairen.gr.jp/wp-content/uploads/2026/04/R7-kantou-result.pdf,,0
407070,松が谷,令和7年度,関東大会,,砲丸投,女,決勝6位,https://www.tokyo-kotairen.gr.jp/wp-content/uploads/2026/04/R7-kantou-result.pdf,陸上競技部,0
407080,日野,令和5年度,関東大会,,ハンマー投,男,決勝11位,https://www.tokyo-kotairen.gr.jp/wp-content/uploads/2024/04/R5_kanto_results.pdf,,0
407080,日野,令和7年度,関東大会,陸上競技,100m,女,準決勝8位,https://www.tokyo-kotairen.gr.jp/wp-content/uploads/2026/04/R7-kantou-result.pdf,陸上競技部,0
407090,日野台,令和5年度,関東大会,,,男,決勝14位,https://www.tokyo-kotairen.gr.jp/wp-content/uploads/2024/04/R5_kanto_results.pdf,,0
407090,日野台,令和5年度,関東大会,卓球,学校対抗,女,１回戦,https://www.tokyo-kotairen.gr.jp/wp-content/uploads/2024/04/R5_kanto_results.pdf,卓球部,0
407090,日野台,令和6年度,関東大会,陸上競技,３０００ｍ障害,男,予選10位,https://www.tokyo-kotairen.gr.jp/wp-content/uploads/2025/04/kt_result.pdf,陸上競技部,0
407090,日野台,令和7年度,関東大会,陸上競技,400m,男,予選4位,https://www.tokyo-kotairen.gr.jp/wp-content/uploads/2026/04/R7-kantou-result.pdf,陸上競技部,0
407100,南平,令和5年度,関東大会,,100ｍ平泳ぎ,男,19位,https://www.tokyo-kotairen.gr.jp/wp-content/uploads/2024/04/R5_kanto_results.pdf,水泳部,0
407100,南平,令和5年度,関東大会,,200m平泳ぎ,男,22位,https://www.tokyo-kotairen.gr.jp/wp-content/uploads/2024/04/R5_kanto_results.pdf,水泳部,0
407230,野津田,令和5年度,全国大会（インターハイ）,陸上競技,,女,決勝12位,https://www.tokyo-kotairen.gr.jp/wp-content/uploads/2024/04/R5_alljapan_results.pdf,陸上競技部,0
407230,野津田,令和5年度,全国大会（インターハイ）,陸上競技,,女,予選22位,https://www.tokyo-kotairen.gr.jp/wp-content/uploads/2024/04/R5_alljapan_results.pdf,陸上競技部,0
407230,野津田,令和5年度,関東大会,,円盤投,女,準優勝,https://www.tokyo-kotairen.gr.jp/wp-content/uploads/2024/04/R5_kanto_results.pdf,陸上競技部,0
407230,野津田,令和5年度,関東大会,,やり投,女,優勝,https://www.tokyo-kotairen.gr.jp/wp-content/uploads/2024/04/R5_kanto_results.pdf,陸上競技部,0
407240,成瀬,令和7年度,関東大会,,200m 個人ﾒﾄﾞﾚｰ,女,予選27位,https://www.tokyo-kotairen.gr.jp/wp-content/uploads/2026/04/R7-kantou-result.pdf,陸上競技部,1
407250,小川,令和5年度,関東大会,,200ｍ バタフライ,女,18位,https://www.tokyo-kotairen.gr.jp/wp-content/uploads/2024/04/R5_kanto_results.pdf,,0
407250,小川,令和6年度,全国大会（インターハイ）,スキー【冬季種目】,,女,93位,https://www.tokyo-kotairen.gr.jp/wp-content/uploads/2025/04/ih_result.pdf,,0
407250,小川,令和6年度,全国大会（インターハイ）,スキー【冬季種目】,,女,107位,https://www.tokyo-kotairen.gr.jp/wp-content/uploads/2025/04/ih_result.pdf,,0
407250,小川,令和6年度,関東大会,,200ｍ バタフライ,女,32位,https://www.tokyo-kotairen.gr.jp/wp-content/uploads/2025/04/kt_result.pdf,,0
407250,小川,令和7年度,全国大会（インターハイ）,,,女,85位,https://www.tokyo-kotairen.gr.jp/wp-content/uploads/2026/04/R7-IH-result.pdf,,0
407250,小川,令和7年度,全国大会（インターハイ）,,回転,女,94位,https://www.tokyo-kotairen.gr.jp/wp-content/uploads/2026/04/R7-IH-result.pdf,,0
407260,山崎,令和5年度,関東大会,アーチェリー,団体,女,９位,https://www.tokyo-kotairen.gr.jp/wp-content/uploads/2024/04/R5_kanto_results.pdf,アーチェリー部,0
407520,八王子拓真,令和5年度,関東大会,ボクシング,ウェルター級B,男,準優勝,https://www.tokyo-kotairen.gr.jp/wp-content/uploads/2024/04/R5_kanto_results.pdf,,0
407520,八王子拓真,令和5年度,全国大会（定時制通信制）,第58回陸上競技大会,,男,6位,https://www.tokyo-kotairen.gr.jp/wp-content/uploads/2024/09/R5_teitsu_alljapan_tokyoresult.pdf,陸上競技部,0
407520,八王子拓真,令和5年度,全国大会（定時制通信制）,第58回陸上競技大会,,女,7位,https://www.tokyo-kotairen.gr.jp/wp-content/uploads/2024/09/R5_teitsu_alljapan_tokyoresult.pdf,陸上競技部,0
407520,八王子拓真,令和6年度,全国大会（定時制通信制）,第59回陸上競技大会,,女,3位,https://www.tokyo-kotairen.gr.jp/wp-content/uploads/2025/04/teiji_tsushin_tokyo_result.pdf,陸上競技部,0
408010,立川,令和6年度,全国大会（インターハイ）,卓球,,男,1回戦,https://www.tokyo-kotairen.gr.jp/wp-content/uploads/2025/04/ih_result.pdf,卓球部,0
408010,立川,令和6年度,関東大会,卓球,シングルス,男,2回戦,https://www.tokyo-kotairen.gr.jp/wp-content/uploads/2025/04/kt_result.pdf,卓球部,1
408010,立川,令和7年度,全国大会（インターハイ）,,回転,女,95位,https://www.tokyo-kotairen.gr.jp/wp-content/uploads/2026/04/R7-IH-result.pdf,,0
408030,砂川,令和5年度,関東大会,,単独演武,男,優勝,https://www.tokyo-kotairen.gr.jp/wp-content/uploads/2024/04/R5_kanto_results.pdf,,1
408030,砂川,令和6年度,全国大会（インターハイ）,少林寺拳法,,男,15位,https://www.tokyo-kotairen.gr.jp/wp-content/uploads/2025/04/ih_result.pdf,少林寺拳法部,0
408040,昭和,令和5年度,全国大会（インターハイ）,少林寺拳法,,女,出場,https://www.tokyo-kotairen.gr.jp/wp-content/uploads/2024/04/R5_alljapan_results.pdf,,0
408040,昭和,令和5年度,関東大会,,,男,2回戦,https://www.tokyo-kotairen.gr.jp/wp-content/uploads/2024/04/R5_kanto_results.pdf,,0
408040,昭和,令和5年度,関東大会,,,女,11位,https://www.tokyo-kotairen.gr.jp/wp-content/uploads/2024/04/R5_kanto_results.pdf,,0
408040,昭和,令和5年度,関東大会,,,女,13位,https://www.tokyo-kotairen.gr.jp/wp-content/uploads/2024/04/R5_kanto_results.pdf,,0
408040,昭和,令和5年度,関東大会,,,男,出場,https://www.tokyo-kotairen.gr.jp/wp-content/uploads/2024/04/R5_kanto_results.pdf,,0
408040,昭和,令和5年度,東京都大会,登山,団体,男,4位,https://www.tokyo-kotairen.gr.jp/wp-content/uploads/2024/04/R5_tokyo_results.pdf,,0
408040,昭和,令和6年度,東京都大会,登山,団体,男,3位,https://www.tokyo-kotairen.gr.jp/wp-content/uploads/2025/04/tokyo_result.pdf,,0
408040,昭和,令和7年度,全国大会（インターハイ）,登山,団体,男,37位,https://www.tokyo-kotairen.gr.jp/wp-content/uploads/2026/04/R7-IH-result.pdf,,0
408040,昭和,令和7年度,東京都大会,登山,団体,男,1位,https://www.tokyo-kotairen.gr.jp/wp-content/uploads/2026/04/R7-tosoutai-result.pdf,,0
408040,昭和,令和7年度,東京都大会,登山,団体,男,4位,https://www.tokyo-kotairen.gr.jp/wp-content/uploads/2026/04/R7-tosoutai-result.pdf,,0
408060,東大和,令和5年度,関東大会,,走幅跳,男,決勝14位,https://www.tokyo-kotairen.gr.jp/wp-content/uploads/2024/04/R5_kanto_results.pdf,陸上競技部,0
408060,東大和,令和5年度,関東大会,,やり投,女,決勝10位,https://www.tokyo-kotairen.gr.jp/wp-content/uploads/2024/04/R5_kanto_results.pdf,陸上競技部,0
408060,東大和,令和5年度,関東大会,ハンドボール,学校対抗,男,1回戦,https://www.tokyo-kotairen.gr.jp/wp-content/uploads/2024/04/R5_kanto_results.pdf,男子ハンドボール部,0
408060,東大和,令和6年度,関東大会,陸上競技,４００ｍ,男,予選5位,https://www.tokyo-kotairen.gr.jp/wp-content/uploads/2025/04/kt_result.pdf,陸上競技部,0
408060,東大和,令和6年度,関東大会,陸上競技,８００ｍ,男,予選7位,https://www.tokyo-kotairen.gr.jp/wp-content/uploads/2025/04/kt_result.pdf,陸上競技部,0
408060,東大和,令和6年度,関東大会,陸上競技,１５００ｍ,男,予選10位,https://www.tokyo-kotairen.gr.jp/wp-content/uploads/2025/04/kt_result.pdf,陸上競技部,0
408060,東大和,令和6年度,関東大会,陸上競技,４×４００ｍ,男,予選6位,https://www.tokyo-kotairen.gr.jp/wp-content/uploads/2025/04/kt_result.pdf,陸上競技部,0
408060,東大和,令和6年度,関東大会,ハンドボール,学校対抗,男,1回戦,https://www.tokyo-kotairen.gr.jp/wp-content/uploads/2025/04/kt_result.pdf,男子ハンドボール部,0
408060,東大和,令和7年度,関東大会,陸上競技,800m,男,予選6位,https://www.tokyo-kotairen.gr.jp/wp-content/uploads/2026/04/R7-kantou-result.pdf,陸上競技部,0
408060,東大和,令和7年度,東京都大会,サッカー,団体,女,4位,https://www.tokyo-kotairen.gr.jp/wp-content/uploads/2026/04/R7-tosoutai-result.pdf,サッカー部,0
408070,武蔵村山,令和5年度,関東大会,,砲丸投,男,決勝17位,https://www.tokyo-kotairen.gr.jp/wp-content/uploads/2024/04/R5_kanto_results.pdf,陸上競技部,0
408090,東大和南,令和5年度,全国大会（インターハイ）,水泳(競泳),,女,34位,https://www.tokyo-kotairen.gr.jp/wp-content/uploads/2024/04/R5_alljapan_results.pdf,水泳部,0
408090,東大和南,令和5年度,全国大会（インターハイ）,水泳(競泳),,女,15位,https://www.tokyo-kotairen.gr.jp/wp-content/uploads/2024/04/R5_alljapan_results.pdf,水泳部,0
408090,東大和南,令和5年度,全国大会（インターハイ）,水泳(競泳),,女,26位,https://www.tokyo-kotairen.gr.jp/wp-content/uploads/2024/04/R5_alljapan_results.pdf,水泳部,0
408090,東大和南,令和5年度,全国大会（インターハイ）,,,女,41位,https://www.tokyo-kotairen.gr.jp/wp-content/uploads/2024/04/R5_alljapan_results.pdf,,0
408090,東大和南,令和5年度,関東大会,バスケットボール,学校対抗,女,1回戦,https://www.tokyo-kotairen.gr.jp/wp-content/uploads/2024/04/R5_kanto_results.pdf,女子バスケットボール部,0
408090,東大和南,令和5年度,関東大会,水泳 (競泳),学校対抗,女,26位,https://www.tokyo-kotairen.gr.jp/wp-content/uploads/2024/04/R5_kanto_results.pdf,水泳部,0
408090,東大和南,令和5年度,関東大会,水泳 (競泳),400ｍ自由形,女,12位,https://www.tokyo-kotairen.gr.jp/wp-content/uploads/2024/04/R5_kanto_results.pdf,水泳部,0
408090,東大和南,令和5年度,関東大会,水泳 (競泳),800m自由形,女,6位,https://www.tokyo-kotairen.gr.jp/wp-content/uploads/2024/04/R5_kanto_results.pdf,水泳部,0
408090,東大和南,令和5年度,関東大会,,200m平泳ぎ,女,14位,https://www.tokyo-kotairen.gr.jp/wp-content/uploads/2024/04/R5_kanto_results.pdf,水泳部,0
408090,東大和南,令和5年度,関東大会,,400m 個人メドレー,女,13位,https://www.tokyo-kotairen.gr.jp/wp-content/uploads/2024/04/R5_kanto_results.pdf,水泳部,1
408090,東大和南,令和5年度,関東大会,,4×200ｍ フリーリレー,女,26位,https://www.tokyo-kotairen.gr.jp/wp-content/uploads/2024/04/R5_kanto_results.pdf,陸上競技部,0
408090,東大和南,令和5年度,関東大会,,4×100m メドレーリレー,女,26位,https://www.tokyo-kotairen.gr.jp/wp-content/uploads/2024/04/R5_kanto_results.pdf,水泳部,0
408090,東大和南,令和5年度,東京都大会,（２層・Layer２）,団体,女,4位,https://www.tokyo-kotairen.gr.jp/wp-content/uploads/2024/04/R5_tokyo_results.pdf,,0
408090,東大和南,令和6年度,東京都大会,（２層・Layer２）,団体,女,3位,https://www.tokyo-kotairen.gr.jp/wp-content/uploads/2025/04/tokyo_result.pdf,,0
408090,東大和南,令和7年度,関東大会,,100m背泳ぎ,女,予選25位,https://www.tokyo-kotairen.gr.jp/wp-content/uploads/2026/04/R7-kantou-result.pdf,水泳部,0
408090,東大和南,令和7年度,東京都大会,（２層・Layer２）,団体,女,2位,https://www.tokyo-kotairen.gr.jp/wp-content/uploads/2026/04/R7-tosoutai-result.pdf,,0
408210,多摩,令和5年度,関東大会,,スプリント,男,予選19位,https://www.tokyo-kotairen.gr.jp/wp-content/uploads/2024/04/R5_kanto_results.pdf,,0
408210,多摩,令和5年度,関東大会,,スクラッチ,男,出場,https://www.tokyo-kotairen.gr.jp/wp-content/uploads/2024/04/R5_kanto_results.pdf,,0
408210,多摩,令和6年度,関東大会,,スプリント,男,出場,https://www.tokyo-kotairen.gr.jp/wp-content/uploads/2025/04/kt_result.pdf,,0
408210,多摩,令和7年度,全国大会（インターハイ）,自転車競技,ｽｸﾗｯﾁ,男,14位,https://www.tokyo-kotairen.gr.jp/wp-content/uploads/2026/04/R7-IH-result.pdf,自転車部,0
408210,多摩,令和7年度,関東大会,,,男,14位,https://www.tokyo-kotairen.gr.jp/wp-content/uploads/2026/04/R7-kantou-result.pdf,,0
408210,多摩,令和7年度,関東大会,,ｽﾌﾟﾘﾝﾄ,男,予選31位,https://www.tokyo-kotairen.gr.jp/wp-content/uploads/2026/04/R7-kantou-result.pdf,,0
408210,多摩,令和7年度,関東大会,,ｹｲﾘﾝ,男,1回戦,https://www.tokyo-kotairen.gr.jp/wp-content/uploads/2026/04/R7-kantou-result.pdf,,0
408210,多摩,令和7年度,関東大会,,ｽｸﾗｯﾁ,男,9位,https://www.tokyo-kotairen.gr.jp/wp-content/uploads/2026/04/R7-kantou-result.pdf,,0
408210,多摩,令和7年度,関東大会,,ﾎﾟｲﾝﾄ･ﾚｰｽ,男,15位,https://www.tokyo-kotairen.gr.jp/wp-content/uploads/2026/04/R7-kantou-result.pdf,,0
408210,多摩,令和7年度,関東大会,,個人ﾛｰﾄﾞ･ﾚｰｽ,男,9位,https://www.tokyo-kotairen.gr.jp/wp-content/uploads/2026/04/R7-kantou-result.pdf,,1
408210,多摩,令和7年度,東京都大会,自転車競技,団体,男,3位,https://www.tokyo-kotairen.gr.jp/wp-content/uploads/2026/04/R7-tosoutai-result.pdf,自転車部,0
408230,福生,令和5年度,関東大会,駅伝 【11月】,七種競技,女,35位,https://www.tokyo-kotairen.gr.jp/wp-content/uploads/2024/04/R5_kanto_results.pdf,,0
408230,福生,令和5年度,関東大会,カヌー,女子カヤック シングル500ｍ,女,４位,https://www.tokyo-kotairen.gr.jp/wp-content/uploads/2024/04/R5_kanto_results.pdf,,0
408420,青梅総合,令和7年度,関東大会,剣道,団体,女,出場,https://www.tokyo-kotairen.gr.jp/wp-content/uploads/2026/04/R7-kantou-result.pdf,剣道部,0
408510,上水,令和5年度,関東大会,陸上競技,８００ｍ,男,予選4位,https://www.tokyo-kotairen.gr.jp/wp-content/uploads/2024/04/R5_kanto_results.pdf,陸上競技部,0
408510,上水,令和5年度,関東大会,陸上競技,１５００ｍ,女,予選8位,https://www.tokyo-kotairen.gr.jp/wp-content/uploads/2024/04/R5_kanto_results.pdf,陸上競技部,0
408510,上水,令和5年度,関東大会,陸上競技,３０００ｍ,女,決勝11位,https://www.tokyo-kotairen.gr.jp/wp-content/uploads/2024/04/R5_kanto_results.pdf,陸上競技部,0
408510,上水,令和5年度,関東大会,駅伝 【11月】,七種競技,女,33位,https://www.tokyo-kotairen.gr.jp/wp-content/uploads/2024/04/R5_kanto_results.pdf,,0
408510,上水,令和5年度,関東大会,卓球,学校対抗,女,１回戦,https://www.tokyo-kotairen.gr.jp/wp-content/uploads/2024/04/R5_kanto_results.pdf,卓球部,0
408510,上水,令和6年度,全国大会（インターハイ）,陸上競技,,女,予選9位,https://www.tokyo-kotairen.gr.jp/wp-content/uploads/2025/04/ih_result.pdf,陸上競技部,0
408510,上水,令和6年度,関東大会,陸上競技,１５００ｍ,女,決勝12位,https://www.tokyo-kotairen.gr.jp/wp-content/uploads/2025/04/kt_result.pdf,陸上競技部,0
408510,上水,令和6年度,関東大会,陸上競技,３０００ｍ,女,準優勝,https://www.tokyo-kotairen.gr.jp/wp-content/uploads/2025/04/kt_result.pdf,陸上競技部,0
408510,上水,令和6年度,関東大会,陸上競技（駅伝）,三段跳,女,18位,https://www.tokyo-kotairen.gr.jp/wp-content/uploads/2025/04/kt_result.pdf,陸上競技部,0
408510,上水,令和7年度,関東大会,陸上競技,1500m,女,予選6位,https://www.tokyo-kotairen.gr.jp/wp-content/uploads/2026/04/R7-kantou-result.pdf,陸上競技部,0
408510,上水,令和7年度,関東大会,陸上競技,3000m,女,決勝7位,https://www.tokyo-kotairen.gr.jp/wp-content/uploads/2026/04/R7-kantou-result.pdf,陸上競技部,0
408510,上水,令和7年度,関東大会,陸上競技(駅伝),駅伝,女,28位,https://www.tokyo-kotairen.gr.jp/wp-content/uploads/2026/04/R7-kantou-result.pdf,陸上競技部,0
408710,多摩工科,令和7年度,関東大会,空手道,団体形,男,出場,https://www.tokyo-kotairen.gr.jp/wp-content/uploads/2026/04/R7-kantou-result.pdf,空手道部,0
409010,武蔵,令和6年度,関東大会,アーチェリー,個人,男,1回戦,https://www.tokyo-kotairen.gr.jp/wp-content/uploads/2025/04/kt_result.pdf,,1
409020,武蔵野北,令和5年度,全国大会（インターハイ）,水泳(競泳),,女,17位,https://www.tokyo-kotairen.gr.jp/wp-content/uploads/2024/04/R5_alljapan_results.pdf,水泳部,0
409020,武蔵野北,令和5年度,全国大会（インターハイ）,水泳(競泳),,女,19位,https://www.tokyo-kotairen.gr.jp/wp-content/uploads/2024/04/R5_alljapan_results.pdf,水泳部,0
409020,武蔵野北,令和5年度,関東大会,水泳 (競泳),100m背泳ぎ,女,10位,https://www.tokyo-kotairen.gr.jp/wp-content/uploads/2024/04/R5_kanto_results.pdf,水泳部,0
409020,武蔵野北,令和5年度,関東大会,,,女,9位,https://www.tokyo-kotairen.gr.jp/wp-content/uploads/2024/04/R5_kanto_results.pdf,,0
409020,武蔵野北,令和6年度,関東大会,陸上競技,５０００ｍ競歩,女,決勝17位,https://www.tokyo-kotairen.gr.jp/wp-content/uploads/2025/04/kt_result.pdf,陸上競技部,0
409020,武蔵野北,令和6年度,関東大会,陸上競技,５０００ｍ競歩,男,決勝12位,https://www.tokyo-kotairen.gr.jp/wp-content/uploads/2025/04/kt_result.pdf,陸上競技部,0
409020,武蔵野北,令和6年度,関東大会,,100m背泳ぎ,女,25位,https://www.tokyo-kotairen.gr.jp/wp-content/uploads/2025/04/kt_result.pdf,水泳部,0
409020,武蔵野北,令和7年度,全国大会（インターハイ）,陸上競技,5000m競歩,男,決勝12位,https://www.tokyo-kotairen.gr.jp/wp-content/uploads/2026/04/R7-IH-result.pdf,陸上競技部,0
409020,武蔵野北,令和7年度,関東大会,陸上競技,5000mW,男,決勝5位,https://www.tokyo-kotairen.gr.jp/wp-content/uploads/2026/04/R7-kantou-result.pdf,陸上競技部,0
409020,武蔵野北,令和7年度,関東大会,,,女,決勝9位,https://www.tokyo-kotairen.gr.jp/wp-content/uploads/2026/04/R7-kantou-result.pdf,,0
409030,小金井北,令和6年度,全国大会（インターハイ）,水泳（競泳）,,男,9位,https://www.tokyo-kotairen.gr.jp/wp-content/uploads/2025/04/ih_result.pdf,水泳部,0
409030,小金井北,令和6年度,関東大会,,100m背泳ぎ,男,3位,https://www.tokyo-kotairen.gr.jp/wp-content/uploads/2025/04/kt_result.pdf,水泳部,0
409030,小金井北,令和6年度,東京都大会,ソフトボール,団体,男,3位,https://www.tokyo-kotairen.gr.jp/wp-content/uploads/2025/04/tokyo_result.pdf,ソフトボール部,0
409030,小金井北,令和7年度,全国大会（インターハイ）,ｽｹｰﾄ(ﾌｨｷﾞｭｱ),学校対抗,女,59位,https://www.tokyo-kotairen.gr.jp/wp-content/uploads/2026/04/R7-IH-result.pdf,,0
409030,小金井北,令和7年度,全国大会（インターハイ）,ｽｹｰﾄ(ﾌｨｷﾞｭｱ),個人,女,68位,https://www.tokyo-kotairen.gr.jp/wp-content/uploads/2026/04/R7-IH-result.pdf,,1
409030,小金井北,令和7年度,全国大会（インターハイ）,,100m背泳ぎ,男,5位,https://www.tokyo-kotairen.gr.jp/wp-content/uploads/2026/04/R7-IH-result.pdf,水泳部,0
409030,小金井北,令和7年度,全国大会（インターハイ）,,200m背泳ぎ,男,54位,https://www.tokyo-kotairen.gr.jp/wp-content/uploads/2026/04/R7-IH-result.pdf,水泳部,0
409030,小金井北,令和7年度,関東大会,,100m背泳ぎ,男,準優勝,https://www.tokyo-kotairen.gr.jp/wp-content/uploads/2026/04/R7-kantou-result.pdf,水泳部,0
409030,小金井北,令和7年度,関東大会,,200m背泳ぎ,男,予選13位,https://www.tokyo-kotairen.gr.jp/wp-content/uploads/2026/04/R7-kantou-result.pdf,水泳部,0
409040,保谷,令和6年度,関東大会,,100ｍ平泳ぎ,女,15位,https://www.tokyo-kotairen.gr.jp/wp-content/uploads/2025/04/kt_result.pdf,水泳部,0
409040,保谷,令和6年度,関東大会,,200m平泳ぎ,女,13位,https://www.tokyo-kotairen.gr.jp/wp-content/uploads/2025/04/kt_result.pdf,水泳部,0
409040,保谷,令和7年度,全国大会（インターハイ）,,100m平泳ぎ,女,43位,https://www.tokyo-kotairen.gr.jp/wp-content/uploads/2026/04/R7-IH-result.pdf,水泳部,0
409040,保谷,令和7年度,全国大会（インターハイ）,,200m平泳ぎ,女,28位,https://www.tokyo-kotairen.gr.jp/wp-content/uploads/2026/04/R7-IH-result.pdf,水泳部,0
409040,保谷,令和7年度,関東大会,,100m平泳ぎ,女,予選15位,https://www.tokyo-kotairen.gr.jp/wp-content/uploads/2026/04/R7-kantou-result.pdf,水泳部,0
409040,保谷,令和7年度,関東大会,,200m平泳ぎ,女,決勝9位,https://www.tokyo-kotairen.gr.jp/wp-content/uploads/2026/04/R7-kantou-result.pdf,水泳部,0
409070,田無,令和6年度,関東大会,,やり投,女,決勝11位,https://www.tokyo-kotairen.gr.jp/wp-content/uploads/2025/04/kt_result.pdf,陸上競技部,0
409070,田無,令和7年度,関東大会,柔道,団体,女,2回戦,https://www.tokyo-kotairen.gr.jp/wp-content/uploads/2026/04/R7-kantou-result.pdf,柔道部,0
409220,小平西,令和5年度,東京都大会,ソフトボール,団体,女,3位,https://www.tokyo-kotairen.gr.jp/wp-content/uploads/2024/04/R5_tokyo_results.pdf,女子ソフトボール部,0
409220,小平西,令和6年度,東京都大会,ソフトボール,団体,女,3位,https://www.tokyo-kotairen.gr.jp/wp-content/uploads/2025/04/tokyo_result.pdf,女子ソフトボール部,0
409220,小平西,令和7年度,東京都大会,ソフトボール,団体,女,2位,https://www.tokyo-kotairen.gr.jp/wp-content/uploads/2026/04/R7-tosoutai-result.pdf,女子ソフトボール部,0
409230,東村山,令和5年度,関東大会,バドミントン,学校対抗,男,２回戦,https://www.tokyo-kotairen.gr.jp/wp-content/uploads/2024/04/R5_kanto_results.pdf,バドミントン部,0
409230,東村山,令和5年度,関東大会,,個人 ビームピストル,男,8位,https://www.tokyo-kotairen.gr.jp/wp-content/uploads/2024/04/R5_kanto_results.pdf,,1
409230,東村山,令和5年度,東京都大会,バドミントン,団体,男,4位,https://www.tokyo-kotairen.gr.jp/wp-content/uploads/2024/04/R5_tokyo_results.pdf,バドミントン部,0
409230,東村山,令和5年度,東京都大会,ライフル射撃,団体,男,4位,https://www.tokyo-kotairen.gr.jp/wp-content/uploads/2024/04/R5_tokyo_results.pdf,,0
409230,東村山,令和7年度,関東大会,ﾗｲﾌﾙ射撃,個人 ビーム・ピストル,女,10位,https://www.tokyo-kotairen.gr.jp/wp-content/uploads/2026/04/R7-kantou-result.pdf,,1
409240,国分寺,令和5年度,関東大会,陸上競技,４００ｍハードル,男,予選7位,https://www.tokyo-kotairen.gr.jp/wp-content/uploads/2024/04/R5_kanto_results.pdf,陸上競技部,0
409240,国分寺,令和5年度,関東大会,,やり投,男,決勝14位,https://www.tokyo-kotairen.gr.jp/wp-content/uploads/2024/04/R5_kanto_results.pdf,陸上競技部,0
409240,国分寺,令和6年度,全国大会（インターハイ）,陸上競技,,男,決勝3位,https://www.tokyo-kotairen.gr.jp/wp-content/uploads/2025/04/ih_result.pdf,陸上競技部,0
409240,国分寺,令和6年度,関東大会,陸上競技,４００ｍハードル,男,準優勝,https://www.tokyo-kotairen.gr.jp/wp-content/uploads/2025/04/kt_result.pdf,陸上競技部,0
409240,国分寺,令和6年度,関東大会,,走幅跳,女,決勝7位,https://www.tokyo-kotairen.gr.jp/wp-content/uploads/2025/04/kt_result.pdf,陸上競技部,0
409240,国分寺,令和7年度,全国大会（インターハイ）,陸上競技,走幅跳,女,予選10位,https://www.tokyo-kotairen.gr.jp/wp-content/uploads/2026/04/R7-IH-result.pdf,陸上競技部,0
409240,国分寺,令和7年度,全国大会（インターハイ）,陸上競技,砲丸投,女,決勝8位,https://www.tokyo-kotairen.gr.jp/wp-content/uploads/2026/04/R7-IH-result.pdf,陸上競技部,0
409240,国分寺,令和7年度,関東大会,,走幅跳,女,準優勝,https://www.tokyo-kotairen.gr.jp/wp-content/uploads/2026/04/R7-kantou-result.pdf,陸上競技部,0
409240,国分寺,令和7年度,関東大会,,走幅跳,女,決勝8位,https://www.tokyo-kotairen.gr.jp/wp-content/uploads/2026/04/R7-kantou-result.pdf,陸上競技部,0
409240,国分寺,令和7年度,関東大会,,三段跳,男,決勝21位,https://www.tokyo-kotairen.gr.jp/wp-content/uploads/2026/04/R7-kantou-result.pdf,,0
409240,国分寺,令和7年度,関東大会,,砲丸投,女,決勝5位,https://www.tokyo-kotairen.gr.jp/wp-content/uploads/2026/04/R7-kantou-result.pdf,陸上競技部,0
409240,国分寺,令和7年度,関東大会,陸上競技(駅伝),駅伝,女,31位,https://www.tokyo-kotairen.gr.jp/wp-content/uploads/2026/04/R7-kantou-result.pdf,陸上競技部,0
409250,清瀬,令和5年度,全国大会（インターハイ）,ソフトテニス,,女,2回戦,https://www.tokyo-kotairen.gr.jp/wp-content/uploads/2024/04/R5_alljapan_results.pdf,女子ソフトテニス部,0
409250,清瀬,令和5年度,全国大会（インターハイ）,少林寺拳法,,女,10位,https://www.tokyo-kotairen.gr.jp/wp-content/uploads/2024/04/R5_alljapan_results.pdf,少林寺拳法部,0
409250,清瀬,令和5年度,全国大会（インターハイ）,少林寺拳法,,女,準優勝,https://www.tokyo-kotairen.gr.jp/wp-content/uploads/2024/04/R5_alljapan_results.pdf,少林寺拳法部,0
409250,清瀬,令和5年度,全国大会（インターハイ）,少林寺拳法,,男,出場,https://www.tokyo-kotairen.gr.jp/wp-content/uploads/2024/04/R5_alljapan_results.pdf,少林寺拳法部,0
409250,清瀬,令和5年度,関東大会,ソフトテニス,団体,女,ベスト１６,https://www.tokyo-kotairen.gr.jp/wp-content/uploads/2024/04/R5_kanto_results.pdf,女子ソフトテニス部,0
409250,清瀬,令和5年度,関東大会,,,女,3回戦,https://www.tokyo-kotairen.gr.jp/wp-content/uploads/2024/04/R5_kanto_results.pdf,,0
409250,清瀬,令和5年度,関東大会,,,男,2回戦,https://www.tokyo-kotairen.gr.jp/wp-content/uploads/2024/04/R5_kanto_results.pdf,,0
409250,清瀬,令和5年度,関東大会,,,女,2回戦,https://www.tokyo-kotairen.gr.jp/wp-content/uploads/2024/04/R5_kanto_results.pdf,,0
409250,清瀬,令和5年度,関東大会,,,女,1回戦,https://www.tokyo-kotairen.gr.jp/wp-content/uploads/2024/04/R5_kanto_results.pdf,,0
409250,清瀬,令和5年度,関東大会,少林寺拳法,団体演武,女,3位,https://www.tokyo-kotairen.gr.jp/wp-content/uploads/2024/04/R5_kanto_results.pdf,少林寺拳法部,0
409250,清瀬,令和5年度,関東大会,少林寺拳法,組演武,女,5位,https://www.tokyo-kotairen.gr.jp/wp-content/uploads/2024/04/R5_kanto_results.pdf,少林寺拳法部,0
409250,清瀬,令和5年度,関東大会,少林寺拳法,組演武,女,8位,https://www.tokyo-kotairen.gr.jp/wp-content/uploads/2024/04/R5_kanto_results.pdf,少林寺拳法部,0
409250,清瀬,令和5年度,関東大会,,,女,出場,https://www.tokyo-kotairen.gr.jp/wp-content/uploads/2024/04/R5_kanto_results.pdf,,0
409250,清瀬,令和5年度,関東大会,,単独演武,女,優勝,https://www.tokyo-kotairen.gr.jp/wp-content/uploads/2024/04/R5_kanto_results.pdf,,1
409250,清瀬,令和5年度,関東大会,,単独演武,男,準優勝,https://www.tokyo-kotairen.gr.jp/wp-content/uploads/2024/04/R5_kanto_results.pdf,,1
409250,清瀬,令和5年度,関東大会,,単独演武,男,5位,https://www.tokyo-kotairen.gr.jp/wp-content/uploads/2024/04/R5_kanto_results.pdf,,1
409250,清瀬,令和5年度,関東大会,,単独演武,女,5位,https://www.tokyo-kotairen.gr.jp/wp-content/uploads/2024/04/R5_kanto_results.pdf,,1
409250,清瀬,令和5年度,関東大会,,単独演武,男,8位,https://www.tokyo-kotairen.gr.jp/wp-content/uploads/2024/04/R5_kanto_results.pdf,,1
409250,清瀬,令和5年度,東京都大会,ソフトテニス,団体,女,2位,https://www.tokyo-kotairen.gr.jp/wp-content/uploads/2024/04/R5_tokyo_results.pdf,女子ソフトテニス部,0
409250,清瀬,令和5年度,東京都大会,少林寺拳法,団体,女,1位,https://www.tokyo-kotairen.gr.jp/wp-content/uploads/2024/04/R5_tokyo_results.pdf,少林寺拳法部,0
409250,清瀬,令和6年度,全国大会（インターハイ）,少林寺拳法,,女,4位,https://www.tokyo-kotairen.gr.jp/wp-content/uploads/2025/04/ih_result.pdf,少林寺拳法部,0
409250,清瀬,令和6年度,全国大会（インターハイ）,少林寺拳法,,女,出場,https://www.tokyo-kotairen.gr.jp/wp-content/uploads/2025/04/ih_result.pdf,少林寺拳法部,0
409250,清瀬,令和6年度,全国大会（インターハイ）,少林寺拳法,,女,準優勝,https://www.tokyo-kotairen.gr.jp/wp-content/uploads/2025/04/ih_result.pdf,少林寺拳法部,0
409250,清瀬,令和6年度,関東大会,ソフトテニス,団体,女,ベスト16,https://www.tokyo-kotairen.gr.jp/wp-content/uploads/2025/04/kt_result.pdf,女子ソフトテニス部,0
409250,清瀬,令和6年度,関東大会,ソフトテニス,個人,男,4回戦,https://www.tokyo-kotairen.gr.jp/wp-content/uploads/2025/04/kt_result.pdf,女子ソフトテニス部,1
409250,清瀬,令和6年度,関東大会,,,男,2回戦,https://www.tokyo-kotairen.gr.jp/wp-content/uploads/2025/04/kt_result.pdf,,0
409250,清瀬,令和6年度,関東大会,,,女,2回戦,https://www.tokyo-kotairen.gr.jp/wp-content/uploads/2025/04/kt_result.pdf,,0
409250,清瀬,令和6年度,関東大会,少林寺拳法,団体,女,3位,https://www.tokyo-kotairen.gr.jp/wp-content/uploads/2025/04/kt_result.pdf,少林寺拳法部,0
409250,清瀬,令和6年度,関東大会,少林寺拳法,組演武,女,準優勝,https://www.tokyo-kotairen.gr.jp/wp-content/uploads/2025/04/kt_result.pdf,少林寺拳法部,0
409250,清瀬,令和6年度,東京都大会,ソフトテニス,団体,男,3位,https://www.tokyo-kotairen.gr.jp/wp-content/uploads/2025/04/tokyo_result.pdf,女子ソフトテニス部,0
409250,清瀬,令和6年度,東京都大会,ソフトテニス,団体,女,2位,https://www.tokyo-kotairen.gr.jp/wp-content/uploads/2025/04/tokyo_result.pdf,女子ソフトテニス部,0
409250,清瀬,令和6年度,東京都大会,少林寺拳法,団体,女,1位,https://www.tokyo-kotairen.gr.jp/wp-content/uploads/2025/04/tokyo_result.pdf,少林寺拳法部,0
409250,清瀬,令和7年度,全国大会（インターハイ）,ｿﾌﾄﾃﾆｽ,個人,男,4回戦,https://www.tokyo-kotairen.gr.jp/wp-content/uploads/2026/04/R7-IH-result.pdf,女子ソフトテニス部,1
409250,清瀬,令和7年度,全国大会（インターハイ）,ｿﾌﾄﾃﾆｽ,個人,男,2回戦,https://www.tokyo-kotairen.gr.jp/wp-content/uploads/2026/04/R7-IH-result.pdf,女子ソフトテニス部,1
409250,清瀬,令和7年度,全国大会（インターハイ）,少林寺拳法,単独演武,女,10位,https://www.tokyo-kotairen.gr.jp/wp-content/uploads/2026/04/R7-IH-result.pdf,少林寺拳法部,1
409250,清瀬,令和7年度,関東大会,,やり投,男,決勝11位,https://www.tokyo-kotairen.gr.jp/wp-content/uploads/2026/04/R7-kantou-result.pdf,陸上競技部,0
409250,清瀬,令和7年度,関東大会,ｿﾌﾄﾃﾆｽ,団体,男,2回戦,https://www.tokyo-kotairen.gr.jp/wp-content/uploads/2026/04/R7-kantou-result.pdf,女子ソフトテニス部,0
409250,清瀬,令和7年度,関東大会,ｿﾌﾄﾃﾆｽ,個人,男,3回戦,https://www.tokyo-kotairen.gr.jp/wp-content/uploads/2026/04/R7-kantou-result.pdf,女子ソフトテニス部,1
409250,清瀬,令和7年度,関東大会,ｿﾌﾄﾃﾆｽ,個人,男,2回戦,https://www.tokyo-kotairen.gr.jp/wp-content/uploads/2026/04/R7-kantou-result.pdf,女子ソフトテニス部,1
409250,清瀬,令和7年度,関東大会,,,女,2回戦,https://www.tokyo-kotairen.gr.jp/wp-content/uploads/2026/04/R7-kantou-result.pdf,,0
409250,清瀬,令和7年度,関東大会,少林寺拳法,組演武,女,9位,https://www.tokyo-kotairen.gr.jp/wp-content/uploads/2026/04/R7-kantou-result.pdf,少林寺拳法部,0
409250,清瀬,令和7年度,関東大会,,単独演武,男,準優勝,https://www.tokyo-kotairen.gr.jp/wp-content/uploads/2026/04/R7-kantou-result.pdf,,1
409250,清瀬,令和7年度,関東大会,,単独演武,女,優勝,https://www.tokyo-kotairen.gr.jp/wp-content/uploads/2026/04/R7-kantou-result.pdf,,1
409250,清瀬,令和7年度,関東大会,,単独演武,女,3位,https://www.tokyo-kotairen.gr.jp/wp-content/uploads/2026/04/R7-kantou-result.pdf,,1
409250,清瀬,令和7年度,東京都大会,ソフトテニス,団体,男,3位,https://www.tokyo-kotairen.gr.jp/wp-content/uploads/2026/04/R7-tosoutai-result.pdf,女子ソフトテニス部,0
409250,清瀬,令和7年度,東京都大会,ソフトテニス,団体,女,3位,https://www.tokyo-kotairen.gr.jp/wp-content/uploads/2026/04/R7-tosoutai-result.pdf,女子ソフトテニス部,0
409410,東久留米総合,令和6年度,東京都大会,サッカー,団体,女,4位,https://www.tokyo-kotairen.gr.jp/wp-content/uploads/2025/04/tokyo_result.pdf,男子サッカー部,0
410030,調布北,令和7年度,関東大会,陸上競技,走高跳,男,決勝19位,https://www.tokyo-kotairen.gr.jp/wp-content/uploads/2026/04/R7-kantou-result.pdf,陸上競技部,0
410030,調布北,令和7年度,東京都大会,なぎなた,団体,女,3位,https://www.tokyo-kotairen.gr.jp/wp-content/uploads/2026/04/R7-tosoutai-result.pdf,なぎなた部,0
410050,狛江,令和5年度,全国大会（インターハイ）,体操(新体操),,女,6位,https://www.tokyo-kotairen.gr.jp/wp-content/uploads/2024/04/R5_alljapan_results.pdf,,0
410050,狛江,令和5年度,全国大会（インターハイ）,体操(新体操),,女,7位,https://www.tokyo-kotairen.gr.jp/wp-content/uploads/2024/04/R5_alljapan_results.pdf,,0
410050,狛江,令和5年度,全国大会（インターハイ）,体操(新体操),,女,4位,https://www.tokyo-kotairen.gr.jp/wp-content/uploads/2024/04/R5_alljapan_results.pdf,,0
410050,狛江,令和5年度,関東大会,体操 (新体操),個人総合,女,10位,https://www.tokyo-kotairen.gr.jp/wp-content/uploads/2024/04/R5_kanto_results.pdf,,1
410050,狛江,令和5年度,関東大会,体操 (新体操),クラブ,女,21位,https://www.tokyo-kotairen.gr.jp/wp-content/uploads/2024/04/R5_kanto_results.pdf,,0
410050,狛江,令和5年度,関東大会,体操 (新体操),ボール,女,6位,https://www.tokyo-kotairen.gr.jp/wp-content/uploads/2024/04/R5_kanto_results.pdf,,0
410050,狛江,令和6年度,全国大会（インターハイ）,体操競技（新体操）,,女,6位,https://www.tokyo-kotairen.gr.jp/wp-content/uploads/2025/04/ih_result.pdf,,0
410050,狛江,令和6年度,全国大会（インターハイ）,体操競技（新体操）,,女,8位,https://www.tokyo-kotairen.gr.jp/wp-content/uploads/2025/04/ih_result.pdf,,0
410050,狛江,令和6年度,全国大会（インターハイ）,体操競技（新体操）,,女,4位,https://www.tokyo-kotairen.gr.jp/wp-content/uploads/2025/04/ih_result.pdf,,0
410050,狛江,令和6年度,関東大会,体操（新体操）,個人総合,女,5位,https://www.tokyo-kotairen.gr.jp/wp-content/uploads/2025/04/kt_result.pdf,,1
410050,狛江,令和6年度,関東大会,体操（新体操）,クラブ,女,8位,https://www.tokyo-kotairen.gr.jp/wp-content/uploads/2025/04/kt_result.pdf,,0
410050,狛江,令和6年度,関東大会,体操（新体操）,リボン,女,準優勝,https://www.tokyo-kotairen.gr.jp/wp-content/uploads/2025/04/kt_result.pdf,,0
410050,狛江,令和7年度,関東大会,陸上競技,100mH (0.840m),女,準決勝8位,https://www.tokyo-kotairen.gr.jp/wp-content/uploads/2026/04/R7-kantou-result.pdf,陸上競技部,0
410210,府中,令和5年度,関東大会,ハンドボール,学校対抗,女,ベスト8,https://www.tokyo-kotairen.gr.jp/wp-content/uploads/2024/04/R5_kanto_results.pdf,ハンドボール部,0
410210,府中,令和5年度,東京都大会,ハンドボール,団体,女,3位,https://www.tokyo-kotairen.gr.jp/wp-content/uploads/2024/04/R5_tokyo_results.pdf,ハンドボール部,0
410210,府中,令和6年度,関東大会,バレーボール,学校対抗,女,1回戦,https://www.tokyo-kotairen.gr.jp/wp-content/uploads/2025/04/kt_result.pdf,男子バレーボール部,0
410220,府中東,令和5年度,関東大会,ボクシング,フライ級,女,2回戦,https://www.tokyo-kotairen.gr.jp/wp-content/uploads/2024/04/R5_kanto_results.pdf,ボクシング部,0
410220,府中東,令和5年度,関東大会,ボクシング,バンタム級,女,2回戦,https://www.tokyo-kotairen.gr.jp/wp-content/uploads/2024/04/R5_kanto_results.pdf,ボクシング部,0
410220,府中東,令和5年度,関東大会,ボクシング,ライト級,女,準優勝,https://www.tokyo-kotairen.gr.jp/wp-content/uploads/2024/04/R5_kanto_results.pdf,ボクシング部,0
410220,府中東,令和5年度,東京都大会,ボクシング,団体,男,4位,https://www.tokyo-kotairen.gr.jp/wp-content/uploads/2024/04/R5_tokyo_results.pdf,ボクシング部,0
410220,府中東,令和6年度,全国大会（インターハイ）,ボクシング,,女,ベスト16,https://www.tokyo-kotairen.gr.jp/wp-content/uploads/2025/04/ih_result.pdf,ボクシング部,0
410220,府中東,令和6年度,関東大会,ボクシング,ライトフライ級,女,3位,https://www.tokyo-kotairen.gr.jp/wp-content/uploads/2025/04/kt_result.pdf,ボクシング部,0
410220,府中東,令和6年度,関東大会,ボクシング,フライ級,女,優勝,https://www.tokyo-kotairen.gr.jp/wp-content/uploads/2025/04/kt_result.pdf,ボクシング部,0
410220,府中東,令和6年度,関東大会,ボクシング,バンタム級,女,優勝,https://www.tokyo-kotairen.gr.jp/wp-content/uploads/2025/04/kt_result.pdf,ボクシング部,0
410220,府中東,令和6年度,関東大会,ボクシング,ライトフライ級,男,1回戦,https://www.tokyo-kotairen.gr.jp/wp-content/uploads/2025/04/kt_result.pdf,ボクシング部,0
410220,府中東,令和6年度,関東大会,ボクシング,バンタム級,男,3位,https://www.tokyo-kotairen.gr.jp/wp-content/uploads/2025/04/kt_result.pdf,ボクシング部,0
410220,府中東,令和6年度,東京都大会,ボクシング,団体,男,4位,https://www.tokyo-kotairen.gr.jp/wp-content/uploads/2025/04/tokyo_result.pdf,ボクシング部,0
410220,府中東,令和7年度,全国大会（インターハイ）,ﾎﾞｸｼﾝｸﾞ,ﾊﾞﾝﾀﾑ級,男,1回戦,https://www.tokyo-kotairen.gr.jp/wp-content/uploads/2026/04/R7-IH-result.pdf,ボクシング部,0
410220,府中東,令和7年度,関東大会,ﾎﾞｸｼﾝｸﾞ,バンタム級A,男,1回戦,https://www.tokyo-kotairen.gr.jp/wp-content/uploads/2026/04/R7-kantou-result.pdf,ボクシング部,0
410220,府中東,令和7年度,東京都大会,ボクシング,団体,男,3位,https://www.tokyo-kotairen.gr.jp/wp-content/uploads/2026/04/R7-tosoutai-result.pdf,ボクシング部,0
410220,府中東,令和7年度,東京都大会,ボクシング,団体,女,2位,https://www.tokyo-kotairen.gr.jp/wp-content/uploads/2026/04/R7-tosoutai-result.pdf,ボクシング部,0
410230,府中西,令和6年度,関東大会,ハンドボール,学校対抗,女,2回戦,https://www.tokyo-kotairen.gr.jp/wp-content/uploads/2025/04/kt_result.pdf,男子ハンドボール部,0
410230,府中西,令和6年度,東京都大会,ハンドボール,団体,女,3位,https://www.tokyo-kotairen.gr.jp/wp-content/uploads/2025/04/tokyo_result.pdf,男子ハンドボール部,0
410230,府中西,令和7年度,関東大会,ﾊﾝﾄﾞﾎﾞｰﾙ,学校対抗,女,1回戦,https://www.tokyo-kotairen.gr.jp/wp-content/uploads/2026/04/R7-kantou-result.pdf,男子ハンドボール部,0
410240,国立,令和6年度,全国大会（インターハイ）,陸上競技,,男,出場,https://www.tokyo-kotairen.gr.jp/wp-content/uploads/2025/04/ih_result.pdf,陸上競技部,0
410240,国立,令和6年度,関東大会,,やり投,男,決勝5位,https://www.tokyo-kotairen.gr.jp/wp-content/uploads/2025/04/kt_result.pdf,陸上競技部,0
410240,国立,令和7年度,全国大会（インターハイ）,少林寺拳法,組演武,女,1回戦,https://www.tokyo-kotairen.gr.jp/wp-content/uploads/2026/04/R7-IH-result.pdf,少林寺拳法部,0
410240,国立,令和7年度,全国大会（インターハイ）,少林寺拳法,単独演武,男,1回戦,https://www.tokyo-kotairen.gr.jp/wp-content/uploads/2026/04/R7-IH-result.pdf,少林寺拳法部,1
410240,国立,令和7年度,関東大会,陸上競技,400mH (0.914m),男,決勝出場,https://www.tokyo-kotairen.gr.jp/wp-content/uploads/2026/04/R7-kantou-result.pdf,陸上競技部,0
410240,国立,令和7年度,関東大会,少林寺拳法,団体,女,8位,https://www.tokyo-kotairen.gr.jp/wp-content/uploads/2026/04/R7-kantou-result.pdf,少林寺拳法部,0
410240,国立,令和7年度,関東大会,少林寺拳法,組演武,女,13位,https://www.tokyo-kotairen.gr.jp/wp-content/uploads/2026/04/R7-kantou-result.pdf,少林寺拳法部,0
410240,国立,令和7年度,関東大会,,,男,14位,https://www.tokyo-kotairen.gr.jp/wp-content/uploads/2026/04/R7-kantou-result.pdf,,0
410240,国立,令和7年度,関東大会,,,女,16位,https://www.tokyo-kotairen.gr.jp/wp-content/uploads/2026/04/R7-kantou-result.pdf,,0
410240,国立,令和7年度,関東大会,,単独演武,女,16位,https://www.tokyo-kotairen.gr.jp/wp-content/uploads/2026/04/R7-kantou-result.pdf,,1
410240,国立,令和7年度,関東大会,,単独演武,男,出場,https://www.tokyo-kotairen.gr.jp/wp-content/uploads/2026/04/R7-kantou-result.pdf,,1
410240,国立,令和7年度,関東大会,,単独演武,女,出場,https://www.tokyo-kotairen.gr.jp/wp-content/uploads/2026/04/R7-kantou-result.pdf,,1
410240,国立,令和7年度,東京都大会,少林寺拳法,団体,女,2位,https://www.tokyo-kotairen.gr.jp/wp-content/uploads/2026/04/R7-tosoutai-result.pdf,少林寺拳法部,0
410410,若葉総合,令和5年度,関東大会,ソフトボール,学校対抗,男,１回戦,https://www.tokyo-kotairen.gr.jp/wp-content/uploads/2024/04/R5_kanto_results.pdf,ソフトボール部（男女）,0
410710,府中工科,令和5年度,関東大会,,ハンマー投,男,決勝14位,https://www.tokyo-kotairen.gr.jp/wp-content/uploads/2024/04/R5_kanto_results.pdf,,0
411010,大島,令和5年度,関東大会,ヨット,420級,女,7位,https://www.tokyo-kotairen.gr.jp/wp-content/uploads/2024/04/R5_kanto_results.pdf,,0
411010,大島,令和5年度,関東大会,ヨット,420級,男,14位,https://www.tokyo-kotairen.gr.jp/wp-content/uploads/2024/04/R5_kanto_results.pdf,,0
411010,大島,令和5年度,関東大会,ヨット,420級,男,15位,https://www.tokyo-kotairen.gr.jp/wp-content/uploads/2024/04/R5_kanto_results.pdf,,0
411010,大島,令和7年度,関東大会,ﾖｯﾄ,420級,男,12位,https://www.tokyo-kotairen.gr.jp/wp-content/uploads/2026/04/R7-kantou-result.pdf,,0
411010,大島,令和7年度,関東大会,ﾖｯﾄ,420級,女,11位,https://www.tokyo-kotairen.gr.jp/wp-content/uploads/2026/04/R7-kantou-result.pdf,,0
411010,大島,令和7年度,関東大会,ﾖｯﾄ,420級,男,13位,https://www.tokyo-kotairen.gr.jp/wp-content/uploads/2026/04/R7-kantou-result.pdf,,0
401410,つばさ総合,令和5年度,2024(令和6年) 春季東京都高等学校野球大会 一次予選,硬式野球,,,一回戦出場,一般財団法人 東京都高等学校野球連盟 試合結果,硬式野球部,0
401410,つばさ総合,令和6年度,2024(令和6年) 秋季東京都高等学校野球大会 一次予選,硬式野球,,,一回戦出場,一般財団法人 東京都高等学校野球連盟 試合結果,硬式野球部,0
401410,つばさ総合,令和6年度,2025(令和7年) 春季東京都高等学校野球大会 一次予選,硬式野球,,,一回戦出場,一般財団法人 東京都高等学校野球連盟 試合結果,硬式野球部,0
401410,つばさ総合,令和7年度,2026(令和8年) 春季東京都高等学校野球大会 一次予選,硬式野球,,,一回戦出場,一般財団法人 東京都高等学校野球連盟 試合結果,硬式野球部,0
401410,つばさ総合,令和5年度,第105回全国高等学校野球選手権記念大会 東東京大会,硬式野球,,,二回戦進出,一般財団法人 東京都高等学校野球連盟 試合結果,硬式野球部,0
401410,つばさ総合,令和6年度,第106回全国高等学校野球選手権大会 東東京大会,硬式野球,,,一回戦出場,一般財団法人 東京都高等学校野球連盟 試合結果,硬式野球部,0
401410,つばさ総合,令和7年度,第107回全国高等学校野球選手権大会 東東京大会,硬式野球,,,二回戦進出,一般財団法人 東京都高等学校野球連盟 試合結果,硬式野球部,0
401410,つばさ総合,令和8年度,第108回全国高等学校野球選手権大会 東東京大会,硬式野球,,,一回戦出場,一般財団法人 東京都高等学校野球連盟 試合結果,硬式野球部,0
401040,三田,令和4年度,2022(令和4年)年度 秋季東京都高等学校野球大会 一次予選,硬式野球,,,一回戦出場,一般財団法人 東京都高等学校野球連盟 試合結果,硬式野球部,0
401040,三田,令和5年度,2023(令和5年) 秋季東京都高等学校野球大会 一次予選,硬式野球,,,一回戦出場,一般財団法人 東京都高等学校野球連盟 試合結果,硬式野球部,0
401040,三田,令和5年度,2024(令和6年) 春季東京都高等学校野球大会 一次予選,硬式野球,,,一回戦出場,一般財団法人 東京都高等学校野球連盟 試合結果,硬式野球部,0
401040,三田,令和6年度,2024(令和6年) 秋季東京都高等学校野球大会 一次予選,硬式野球,,,一回戦出場,一般財団法人 東京都高等学校野球連盟 試合結果,硬式野球部,0
401040,三田,令和6年度,2025(令和7年) 春季東京都高等学校野球大会 一次予選,硬式野球,,,一回戦出場,一般財団法人 東京都高等学校野球連盟 試合結果,硬式野球部,0
401040,三田,令和5年度,第105回全国高等学校野球選手権記念大会 東東京大会,硬式野球,,,二回戦進出,一般財団法人 東京都高等学校野球連盟 試合結果,硬式野球部,0
401040,三田,令和6年度,第106回全国高等学校野球選手権大会 東東京大会,硬式野球,,,二回戦進出,一般財団法人 東京都高等学校野球連盟 試合結果,硬式野球部,0
401040,三田,令和7年度,第107回全国高等学校野球選手権大会 東東京大会,硬式野球,,,二回戦進出,一般財団法人 東京都高等学校野球連盟 試合結果,硬式野球部,0
401040,三田,令和8年度,第108回全国高等学校野球選手権大会 東東京大会,硬式野球,,,二回戦進出,一般財団法人 東京都高等学校野球連盟 試合結果,硬式野球部,0
408510,上水,令和4年度,2022(令和4年)年度 秋季東京都高等学校野球大会 一次予選,硬式野球,,,二回戦進出,一般財団法人 東京都高等学校野球連盟 試合結果,硬式野球部,0
408510,上水,令和4年度,2023(令和5年) 春季東京都高等学校野球大会 一次予選,硬式野球,,,一回戦出場,一般財団法人 東京都高等学校野球連盟 試合結果,硬式野球部,0
408510,上水,令和6年度,2024(令和6年) 春季東京都高等学校野球大会 (兼関東地区高等学校野球大会出場校決定戦),硬式野球,,,一回戦出場,一般財団法人 東京都高等学校野球連盟 試合結果,硬式野球部,0
408510,上水,令和5年度,2024(令和6年) 春季東京都高等学校野球大会 一次予選,硬式野球,,,二回戦進出,一般財団法人 東京都高等学校野球連盟 試合結果,硬式野球部,0
408510,上水,令和6年度,2024(令和6年) 秋季東京都高等学校野球大会 一次予選,硬式野球,,,一回戦出場,一般財団法人 東京都高等学校野球連盟 試合結果,硬式野球部,0
408510,上水,令和6年度,2025(令和7年) 春季東京都高等学校野球大会 一次予選,硬式野球,,,一回戦出場,一般財団法人 東京都高等学校野球連盟 試合結果,硬式野球部,0
408510,上水,令和7年度,2025(令和7年) 秋季東京都高等学校野球大会 一次予選,硬式野球,,,一回戦出場,一般財団法人 東京都高等学校野球連盟 試合結果,硬式野球部,0
408510,上水,令和7年度,2026(令和8年) 春季東京都高等学校野球大会 一次予選,硬式野球,,,二回戦進出,一般財団法人 東京都高等学校野球連盟 試合結果,硬式野球部,0
406010,両国,令和4年度,2022(令和4年)年度 秋季東京都高等学校野球大会 一次予選,硬式野球,,,一回戦出場,一般財団法人 東京都高等学校野球連盟 試合結果,,0
406010,両国,令和4年度,2023(令和5年) 春季東京都高等学校野球大会 一次予選,硬式野球,,,二回戦進出,一般財団法人 東京都高等学校野球連盟 試合結果,,0
406010,両国,令和5年度,2023(令和5年) 秋季東京都高等学校野球大会 一次予選,硬式野球,,,一回戦出場,一般財団法人 東京都高等学校野球連盟 試合結果,,0
406010,両国,令和5年度,2024(令和6年) 春季東京都高等学校野球大会 一次予選,硬式野球,,,一回戦出場,一般財団法人 東京都高等学校野球連盟 試合結果,,0
406010,両国,令和6年度,2024(令和6年) 秋季東京都高等学校野球大会 一次予選,硬式野球,,,一回戦出場,一般財団法人 東京都高等学校野球連盟 試合結果,,0
406010,両国,令和6年度,2025(令和7年) 春季東京都高等学校野球大会 一次予選,硬式野球,,,二回戦進出,一般財団法人 東京都高等学校野球連盟 試合結果,,0
406010,両国,令和7年度,2025(令和7年) 秋季東京都高等学校野球大会 一次予選,硬式野球,,,一回戦出場,一般財団法人 東京都高等学校野球連盟 試合結果,,0
406010,両国,令和7年度,2026(令和8年) 春季東京都高等学校野球大会 一次予選,硬式野球,,,一回戦出場,一般財団法人 東京都高等学校野球連盟 試合結果,,0
406010,両国,令和5年度,第105回全国高等学校野球選手権記念大会 東東京大会,硬式野球,,,三回戦進出,一般財団法人 東京都高等学校野球連盟 試合結果,,0
406010,両国,令和6年度,第106回全国高等学校野球選手権大会 東東京大会,硬式野球,,,二回戦進出,一般財団法人 東京都高等学校野球連盟 試合結果,,0
406010,両国,令和7年度,第107回全国高等学校野球選手権大会 東東京大会,硬式野球,,,一回戦出場,一般財団法人 東京都高等学校野球連盟 試合結果,,0
406010,両国,令和8年度,第108回全国高等学校野球選手権大会 東東京大会,硬式野球,,,二回戦進出,一般財団法人 東京都高等学校野球連盟 試合結果,,0
403710,中野工科,令和5年度,2023(令和5年) 秋季東京都高等学校野球大会 一次予選,硬式野球,,,一回戦出場,一般財団法人 東京都高等学校野球連盟 試合結果,硬式野球部,0
403710,中野工科,令和5年度,2024(令和6年) 春季東京都高等学校野球大会 一次予選,硬式野球,,,一回戦出場,一般財団法人 東京都高等学校野球連盟 試合結果,硬式野球部,0
403710,中野工科,令和6年度,2024(令和6年) 秋季東京都高等学校野球大会 一次予選,硬式野球,,,一回戦出場,一般財団法人 東京都高等学校野球連盟 試合結果,硬式野球部,0
403710,中野工科,令和6年度,2025(令和7年) 春季東京都高等学校野球大会 一次予選,硬式野球,,,一回戦出場,一般財団法人 東京都高等学校野球連盟 試合結果,硬式野球部,0
403710,中野工科,令和7年度,2025(令和7年) 秋季東京都高等学校野球大会 一次予選,硬式野球,,,二回戦進出,一般財団法人 東京都高等学校野球連盟 試合結果,硬式野球部,0
403710,中野工科,令和7年度,2026(令和8年) 春季東京都高等学校野球大会 一次予選,硬式野球,,,一回戦出場,一般財団法人 東京都高等学校野球連盟 試合結果,硬式野球部,0
403710,中野工科,令和5年度,第105回全国高等学校野球選手権記念大会 東東京大会,硬式野球,,,二回戦進出,一般財団法人 東京都高等学校野球連盟 試合結果,硬式野球部,0
403710,中野工科,令和6年度,第106回全国高等学校野球選手権大会 東東京大会,硬式野球,,,二回戦進出,一般財団法人 東京都高等学校野球連盟 試合結果,硬式野球部,0
403710,中野工科,令和7年度,第107回全国高等学校野球選手権大会 東東京大会,硬式野球,,,二回戦進出,一般財団法人 東京都高等学校野球連盟 試合結果,硬式野球部,0
403710,中野工科,令和8年度,第108回全国高等学校野球選手権大会 東東京大会,硬式野球,,,二回戦進出,一般財団法人 東京都高等学校野球連盟 試合結果,硬式野球部,0
409060,久留米西,令和4年度,2022(令和4年)年度 秋季東京都高等学校野球大会 一次予選,硬式野球,,,二回戦進出,一般財団法人 東京都高等学校野球連盟 試合結果,硬式野球部,0
409060,久留米西,令和4年度,2023(令和5年) 春季東京都高等学校野球大会 一次予選,硬式野球,,,二回戦進出,一般財団法人 東京都高等学校野球連盟 試合結果,硬式野球部,0
409060,久留米西,令和5年度,2023(令和5年) 秋季東京都高等学校野球大会 一次予選,硬式野球,,,一回戦出場,一般財団法人 東京都高等学校野球連盟 試合結果,硬式野球部,0
409060,久留米西,令和6年度,2024(令和6年) 春季東京都高等学校野球大会 (兼関東地区高等学校野球大会出場校決定戦),硬式野球,,,一回戦出場,一般財団法人 東京都高等学校野球連盟 試合結果,硬式野球部,0
409060,久留米西,令和5年度,2024(令和6年) 春季東京都高等学校野球大会 一次予選,硬式野球,,,二回戦進出,一般財団法人 東京都高等学校野球連盟 試合結果,硬式野球部,0
409060,久留米西,令和6年度,2024(令和6年) 秋季東京都高等学校野球大会 一次予選,硬式野球,,,一回戦出場,一般財団法人 東京都高等学校野球連盟 試合結果,硬式野球部,0
409060,久留米西,令和6年度,2025(令和7年) 春季東京都高等学校野球大会 一次予選,硬式野球,,,一回戦出場,一般財団法人 東京都高等学校野球連盟 試合結果,硬式野球部,0
409060,久留米西,令和7年度,2025(令和7年) 秋季東京都高等学校野球大会 一次予選,硬式野球,,,一回戦出場,一般財団法人 東京都高等学校野球連盟 試合結果,硬式野球部,0
409060,久留米西,令和8年度,2026(令和8年) 春季東京都高等学校野球大会 (兼関東地区高等学校野球大会出場校決定戦),硬式野球,,,一回戦出場,一般財団法人 東京都高等学校野球連盟 試合結果,硬式野球部,0
409060,久留米西,令和7年度,2026(令和8年) 春季東京都高等学校野球大会 一次予選,硬式野球,,,二回戦進出,一般財団法人 東京都高等学校野球連盟 試合結果,硬式野球部,0
408260,五日市,令和4年度,2022(令和4年)年度 秋季東京都高等学校野球大会 一次予選,硬式野球,,,一回戦出場,一般財団法人 東京都高等学校野球連盟 試合結果,,0
408260,五日市,令和5年度,2023(令和5年) 春季東京都高等学校野球大会 (兼関東地区高等学校野球大会出場校決定戦),硬式野球,,,一回戦出場,一般財団法人 東京都高等学校野球連盟 試合結果,,0
408260,五日市,令和6年度,2024(令和6年) 秋季東京都高等学校野球大会 一次予選,硬式野球,,,一回戦出場,一般財団法人 東京都高等学校野球連盟 試合結果,,0
408260,五日市,令和6年度,2025(令和7年) 春季東京都高等学校野球大会 一次予選,硬式野球,,,一回戦出場,一般財団法人 東京都高等学校野球連盟 試合結果,,0
408260,五日市,令和7年度,2025(令和7年) 秋季東京都高等学校野球大会 一次予選,硬式野球,,,一回戦出場,一般財団法人 東京都高等学校野球連盟 試合結果,,0
408260,五日市,令和7年度,2026(令和8年) 春季東京都高等学校野球大会 一次予選,硬式野球,,,一回戦出場,一般財団法人 東京都高等学校野球連盟 試合結果,,0
403220,井草,令和4年度,2022(令和4年)年度 秋季東京都高等学校野球大会 一次予選,硬式野球,,,一回戦出場,一般財団法人 東京都高等学校野球連盟 試合結果,硬式野球部,0
403220,井草,令和5年度,2023(令和5年) 春季東京都高等学校野球大会 (兼関東地区高等学校野球大会出場校決定戦),硬式野球,,,二回戦進出,一般財団法人 東京都高等学校野球連盟 試合結果,硬式野球部,0
403220,井草,令和4年度,2023(令和5年) 春季東京都高等学校野球大会 一次予選,硬式野球,,,二回戦進出,一般財団法人 東京都高等学校野球連盟 試合結果,硬式野球部,0
403220,井草,令和5年度,2023(令和5年) 秋季東京都高等学校野球大会 一次予選,硬式野球,,,一回戦出場,一般財団法人 東京都高等学校野球連盟 試合結果,硬式野球部,0
403220,井草,令和5年度,2024(令和6年) 春季東京都高等学校野球大会 一次予選,硬式野球,,,一回戦出場,一般財団法人 東京都高等学校野球連盟 試合結果,硬式野球部,0
403220,井草,令和6年度,2024(令和6年) 秋季東京都高等学校野球大会 一次予選,硬式野球,,,二回戦進出,一般財団法人 東京都高等学校野球連盟 試合結果,硬式野球部,0
403220,井草,令和6年度,2025(令和7年) 春季東京都高等学校野球大会 一次予選,硬式野球,,,一回戦出場,一般財団法人 東京都高等学校野球連盟 試合結果,硬式野球部,0
403220,井草,令和7年度,2025(令和7年) 秋季東京都高等学校野球大会 一次予選,硬式野球,,,一回戦出場,一般財団法人 東京都高等学校野球連盟 試合結果,硬式野球部,0
403220,井草,令和7年度,2026(令和8年) 春季東京都高等学校野球大会 一次予選,硬式野球,,,一回戦出場,一般財団法人 東京都高等学校野球連盟 試合結果,硬式野球部,0
409040,保谷,令和4年度,2023(令和5年) 春季東京都高等学校野球大会 一次予選,硬式野球,,,二回戦進出,一般財団法人 東京都高等学校野球連盟 試合結果,硬式野球部,0
409040,保谷,令和5年度,2023(令和5年) 秋季東京都高等学校野球大会 一次予選,硬式野球,,,二回戦進出,一般財団法人 東京都高等学校野球連盟 試合結果,硬式野球部,0
409040,保谷,令和6年度,2024(令和6年) 春季東京都高等学校野球大会 (兼関東地区高等学校野球大会出場校決定戦),硬式野球,,,一回戦出場,一般財団法人 東京都高等学校野球連盟 試合結果,硬式野球部,0
409040,保谷,令和5年度,2024(令和6年) 春季東京都高等学校野球大会 一次予選,硬式野球,,,二回戦進出,一般財団法人 東京都高等学校野球連盟 試合結果,硬式野球部,0
409040,保谷,令和6年度,2024(令和6年) 秋季東京都高等学校野球大会 一次予選,硬式野球,,,一回戦出場,一般財団法人 東京都高等学校野球連盟 試合結果,硬式野球部,0
409040,保谷,令和7年度,2025(令和7年) 春季東京都高等学校野球大会 (兼関東地区高等学校野球大会出場校決定戦),硬式野球,,,一回戦出場,一般財団法人 東京都高等学校野球連盟 試合結果,硬式野球部,0
409040,保谷,令和6年度,2025(令和7年) 春季東京都高等学校野球大会 一次予選,硬式野球,,,二回戦進出,一般財団法人 東京都高等学校野球連盟 試合結果,硬式野球部,0
409040,保谷,令和7年度,2025(令和7年) 秋季東京都高等学校野球大会 一次予選,硬式野球,,,二回戦進出,一般財団法人 東京都高等学校野球連盟 試合結果,硬式野球部,0
403250,光丘,令和4年度,2022(令和4年)年度 秋季東京都高等学校野球大会 一次予選,硬式野球,,,一回戦出場,一般財団法人 東京都高等学校野球連盟 試合結果,硬式野球部,0
403250,光丘,令和4年度,2023(令和5年) 春季東京都高等学校野球大会 一次予選,硬式野球,,,一回戦出場,一般財団法人 東京都高等学校野球連盟 試合結果,硬式野球部,0
403250,光丘,令和5年度,2023(令和5年) 秋季東京都高等学校野球大会 一次予選,硬式野球,,,一回戦出場,一般財団法人 東京都高等学校野球連盟 試合結果,硬式野球部,0
403250,光丘,令和5年度,2024(令和6年) 春季東京都高等学校野球大会 一次予選,硬式野球,,,一回戦出場,一般財団法人 東京都高等学校野球連盟 試合結果,硬式野球部,0
403250,光丘,令和6年度,2024(令和6年) 秋季東京都高等学校野球大会 一次予選,硬式野球,,,一回戦出場,一般財団法人 東京都高等学校野球連盟 試合結果,硬式野球部,0
403250,光丘,令和6年度,2025(令和7年) 春季東京都高等学校野球大会 一次予選,硬式野球,,,一回戦出場,一般財団法人 東京都高等学校野球連盟 試合結果,硬式野球部,0
403250,光丘,令和7年度,2025(令和7年) 秋季東京都高等学校野球大会 一次予選,硬式野球,,,一回戦出場,一般財団法人 東京都高等学校野球連盟 試合結果,硬式野球部,0
403250,光丘,令和8年度,2026(令和8年) 春季東京都高等学校野球大会 (兼関東地区高等学校野球大会出場校決定戦),硬式野球,,,二回戦進出,一般財団法人 東京都高等学校野球連盟 試合結果,硬式野球部,0
403250,光丘,令和7年度,2026(令和8年) 春季東京都高等学校野球大会 一次予選,硬式野球,,,二回戦進出,一般財団法人 東京都高等学校野球連盟 試合結果,硬式野球部,0
413010,八丈,令和4年度,2022(令和4年)年度 秋季東京都高等学校野球大会 一次予選,硬式野球,,,一回戦出場,一般財団法人 東京都高等学校野球連盟 試合結果,硬式野球部,0
413010,八丈,令和4年度,2023(令和5年) 春季東京都高等学校野球大会 一次予選,硬式野球,,,二回戦進出,一般財団法人 東京都高等学校野球連盟 試合結果,硬式野球部,0
413010,八丈,令和5年度,2023(令和5年) 秋季東京都高等学校野球大会 一次予選,硬式野球,,,二回戦進出,一般財団法人 東京都高等学校野球連盟 試合結果,硬式野球部,0
413010,八丈,令和5年度,2024(令和6年) 春季東京都高等学校野球大会 一次予選,硬式野球,,,一回戦出場,一般財団法人 東京都高等学校野球連盟 試合結果,硬式野球部,0
413010,八丈,令和6年度,2024(令和6年) 秋季東京都高等学校野球大会 一次予選,硬式野球,,,一回戦出場,一般財団法人 東京都高等学校野球連盟 試合結果,硬式野球部,0
413010,八丈,令和6年度,2025(令和7年) 春季東京都高等学校野球大会 一次予選,硬式野球,,,二回戦進出,一般財団法人 東京都高等学校野球連盟 試合結果,硬式野球部,0
413010,八丈,令和7年度,2025(令和7年) 秋季東京都高等学校野球大会 一次予選,硬式野球,,,一回戦出場,一般財団法人 東京都高等学校野球連盟 試合結果,硬式野球部,0
413010,八丈,令和5年度,第105回全国高等学校野球選手権記念大会 東東京大会,硬式野球,,,二回戦進出,一般財団法人 東京都高等学校野球連盟 試合結果,硬式野球部,0
413010,八丈,令和6年度,第106回全国高等学校野球選手権大会 東東京大会,硬式野球,,,三回戦進出,一般財団法人 東京都高等学校野球連盟 試合結果,硬式野球部,0
413010,八丈,令和7年度,第107回全国高等学校野球選手権大会 東東京大会,硬式野球,,,三回戦進出,一般財団法人 東京都高等学校野球連盟 試合結果,硬式野球部,0
413010,八丈,令和8年度,第108回全国高等学校野球選手権大会 東東京大会,硬式野球,,,二回戦進出,一般財団法人 東京都高等学校野球連盟 試合結果,硬式野球部,0
407050,八王子北,令和4年度,2022(令和4年)年度 秋季東京都高等学校野球大会 一次予選,硬式野球,,,二回戦進出,一般財団法人 東京都高等学校野球連盟 試合結果,硬式野球部,0
407050,八王子北,令和5年度,2023(令和5年) 春季東京都高等学校野球大会 (兼関東地区高等学校野球大会出場校決定戦),硬式野球,,,一回戦出場,一般財団法人 東京都高等学校野球連盟 試合結果,硬式野球部,0
407050,八王子北,令和4年度,2023(令和5年) 春季東京都高等学校野球大会 一次予選,硬式野球,,,二回戦進出,一般財団法人 東京都高等学校野球連盟 試合結果,硬式野球部,0
407050,八王子北,令和5年度,2023(令和5年) 秋季東京都高等学校野球大会,硬式野球,,,一回戦出場,一般財団法人 東京都高等学校野球連盟 試合結果,硬式野球部,0
407050,八王子北,令和5年度,2023(令和5年) 秋季東京都高等学校野球大会 一次予選,硬式野球,,,二回戦進出,一般財団法人 東京都高等学校野球連盟 試合結果,硬式野球部,0
407050,八王子北,令和6年度,2024(令和6年) 春季東京都高等学校野球大会 (兼関東地区高等学校野球大会出場校決定戦),硬式野球,,,二回戦進出,一般財団法人 東京都高等学校野球連盟 試合結果,硬式野球部,0
407050,八王子北,令和6年度,2024(令和6年) 秋季東京都高等学校野球大会 一次予選,硬式野球,,,二回戦進出,一般財団法人 東京都高等学校野球連盟 試合結果,硬式野球部,0
407050,八王子北,令和6年度,2025(令和7年) 春季東京都高等学校野球大会 一次予選,硬式野球,,,一回戦出場,一般財団法人 東京都高等学校野球連盟 試合結果,硬式野球部,0
407050,八王子北,令和7年度,2025(令和7年) 秋季東京都高等学校野球大会 一次予選,硬式野球,,,一回戦出場,一般財団法人 東京都高等学校野球連盟 試合結果,硬式野球部,0
407050,八王子北,令和8年度,2026(令和8年) 春季東京都高等学校野球大会 (兼関東地区高等学校野球大会出場校決定戦),硬式野球,,,二回戦進出,一般財団法人 東京都高等学校野球連盟 試合結果,硬式野球部,0
407050,八王子北,令和7年度,2026(令和8年) 春季東京都高等学校野球大会 一次予選,硬式野球,,,二回戦進出,一般財団法人 東京都高等学校野球連盟 試合結果,硬式野球部,0
407910,八王子桑志,令和4年度,2022(令和4年)年度 秋季東京都高等学校野球大会 一次予選,硬式野球,,,一回戦出場,一般財団法人 東京都高等学校野球連盟 試合結果,硬式野球部,0
407910,八王子桑志,令和5年度,2023(令和5年) 春季東京都高等学校野球大会 (兼関東地区高等学校野球大会出場校決定戦),硬式野球,,,一回戦出場,一般財団法人 東京都高等学校野球連盟 試合結果,硬式野球部,0
407910,八王子桑志,令和5年度,2023(令和5年) 秋季東京都高等学校野球大会 一次予選,硬式野球,,,一回戦出場,一般財団法人 東京都高等学校野球連盟 試合結果,硬式野球部,0
407910,八王子桑志,令和5年度,2024(令和6年) 春季東京都高等学校野球大会 一次予選,硬式野球,,,二回戦進出,一般財団法人 東京都高等学校野球連盟 試合結果,硬式野球部,0
407910,八王子桑志,令和6年度,2024(令和6年) 秋季東京都高等学校野球大会 一次予選,硬式野球,,,一回戦出場,一般財団法人 東京都高等学校野球連盟 試合結果,硬式野球部,0
407910,八王子桑志,令和7年度,2025(令和7年) 秋季東京都高等学校野球大会 一次予選,硬式野球,,,一回戦出場,一般財団法人 東京都高等学校野球連盟 試合結果,硬式野球部,0
407910,八王子桑志,令和7年度,2026(令和8年) 春季東京都高等学校野球大会 一次予選,硬式野球,,,一回戦出場,一般財団法人 東京都高等学校野球連盟 試合結果,硬式野球部,0
401510,六郷工科,令和4年度,2023(令和5年) 春季東京都高等学校野球大会 一次予選,硬式野球,,,一回戦出場,一般財団法人 東京都高等学校野球連盟 試合結果,硬式野球部,0
401510,六郷工科,令和5年度,2023(令和5年) 秋季東京都高等学校野球大会 一次予選,硬式野球,,,一回戦出場,一般財団法人 東京都高等学校野球連盟 試合結果,硬式野球部,0
401510,六郷工科,令和6年度,2024(令和6年) 秋季東京都高等学校野球大会 一次予選,硬式野球,,,一回戦出場,一般財団法人 東京都高等学校野球連盟 試合結果,硬式野球部,0
401510,六郷工科,令和6年度,2025(令和7年) 春季東京都高等学校野球大会 一次予選,硬式野球,,,一回戦出場,一般財団法人 東京都高等学校野球連盟 試合結果,硬式野球部,0
401510,六郷工科,令和7年度,2025(令和7年) 秋季東京都高等学校野球大会 一次予選,硬式野球,,,一回戦出場,一般財団法人 東京都高等学校野球連盟 試合結果,硬式野球部,0
401510,六郷工科,令和7年度,2026(令和8年) 春季東京都高等学校野球大会 一次予選,硬式野球,,,一回戦出場,一般財団法人 東京都高等学校野球連盟 試合結果,硬式野球部,0
401510,六郷工科,令和5年度,第105回全国高等学校野球選手権記念大会 東東京大会,硬式野球,,,二回戦進出,一般財団法人 東京都高等学校野球連盟 試合結果,硬式野球部,0
401510,六郷工科,令和6年度,第106回全国高等学校野球選手権大会 東東京大会,硬式野球,,,二回戦進出,一般財団法人 東京都高等学校野球連盟 試合結果,硬式野球部,0
401510,六郷工科,令和7年度,第107回全国高等学校野球選手権大会 東東京大会,硬式野球,,,二回戦進出,一般財団法人 東京都高等学校野球連盟 試合結果,硬式野球部,0
401510,六郷工科,令和8年度,第108回全国高等学校野球選手権大会 東東京大会,硬式野球,,,二回戦進出,一般財団法人 東京都高等学校野球連盟 試合結果,硬式野球部,0
404730,北豊島工科,令和5年度,2023(令和5年) 秋季東京都高等学校野球大会 一次予選,硬式野球,,,一回戦出場,一般財団法人 東京都高等学校野球連盟 試合結果,野球部,0
404730,北豊島工科,令和5年度,2024(令和6年) 春季東京都高等学校野球大会 一次予選,硬式野球,,,一回戦出場,一般財団法人 東京都高等学校野球連盟 試合結果,野球部,0
404730,北豊島工科,令和6年度,2024(令和6年) 秋季東京都高等学校野球大会 一次予選,硬式野球,,,一回戦出場,一般財団法人 東京都高等学校野球連盟 試合結果,野球部,0
404730,北豊島工科,令和6年度,2025(令和7年) 春季東京都高等学校野球大会 一次予選,硬式野球,,,一回戦出場,一般財団法人 東京都高等学校野球連盟 試合結果,野球部,0
404730,北豊島工科,令和7年度,2025(令和7年) 秋季東京都高等学校野球大会 一次予選,硬式野球,,,一回戦出場,一般財団法人 東京都高等学校野球連盟 試合結果,野球部,0
404730,北豊島工科,令和7年度,2026(令和8年) 春季東京都高等学校野球大会 一次予選,硬式野球,,,二回戦進出,一般財団法人 東京都高等学校野球連盟 試合結果,野球部,0
404730,北豊島工科,令和5年度,第105回全国高等学校野球選手権記念大会 東東京大会,硬式野球,,,二回戦進出,一般財団法人 東京都高等学校野球連盟 試合結果,野球部,0
404730,北豊島工科,令和6年度,第106回全国高等学校野球選手権大会 東東京大会,硬式野球,,,二回戦進出,一般財団法人 東京都高等学校野球連盟 試合結果,野球部,0
404730,北豊島工科,令和7年度,第107回全国高等学校野球選手権大会 東東京大会,硬式野球,,,二回戦進出,一般財団法人 東京都高等学校野球連盟 試合結果,野球部,0
404730,北豊島工科,令和8年度,第108回全国高等学校野球選手権大会 東東京大会,硬式野球,,,一回戦出場,一般財団法人 東京都高等学校野球連盟 試合結果,野球部,0
404640,千早,令和4年度,2022(令和4年)年度 秋季東京都高等学校野球大会 一次予選,硬式野球,,,一回戦出場,一般財団法人 東京都高等学校野球連盟 試合結果,硬式野球部,0
404640,千早,令和4年度,2023(令和5年) 春季東京都高等学校野球大会 一次予選,硬式野球,,,一回戦出場,一般財団法人 東京都高等学校野球連盟 試合結果,硬式野球部,0
404640,千早,令和5年度,2023(令和5年) 秋季東京都高等学校野球大会 一次予選,硬式野球,,,一回戦出場,一般財団法人 東京都高等学校野球連盟 試合結果,硬式野球部,0
404640,千早,令和5年度,2024(令和6年) 春季東京都高等学校野球大会 一次予選,硬式野球,,,一回戦出場,一般財団法人 東京都高等学校野球連盟 試合結果,硬式野球部,0
404640,千早,令和6年度,2024(令和6年) 秋季東京都高等学校野球大会 一次予選,硬式野球,,,一回戦出場,一般財団法人 東京都高等学校野球連盟 試合結果,硬式野球部,0
404640,千早,令和6年度,2025(令和7年) 春季東京都高等学校野球大会 一次予選,硬式野球,,,一回戦出場,一般財団法人 東京都高等学校野球連盟 試合結果,硬式野球部,0
404640,千早,令和7年度,2025(令和7年) 秋季東京都高等学校野球大会 一次予選,硬式野球,,,一回戦出場,一般財団法人 東京都高等学校野球連盟 試合結果,硬式野球部,0
404640,千早,令和7年度,2026(令和8年) 春季東京都高等学校野球大会 一次予選,硬式野球,,,一回戦出場,一般財団法人 東京都高等学校野球連盟 試合結果,硬式野球部,0
404640,千早,令和5年度,第105回全国高等学校野球選手権記念大会 東東京大会,硬式野球,,,二回戦進出,一般財団法人 東京都高等学校野球連盟 試合結果,硬式野球部,0
404640,千早,令和6年度,第106回全国高等学校野球選手権大会 東東京大会,硬式野球,,,二回戦進出,一般財団法人 東京都高等学校野球連盟 試合結果,硬式野球部,0
404640,千早,令和7年度,第107回全国高等学校野球選手権大会 東東京大会,硬式野球,,,二回戦進出,一般財団法人 東京都高等学校野球連盟 試合結果,硬式野球部,0
404640,千早,令和8年度,第108回全国高等学校野球選手権大会 東東京大会,硬式野球,,,二回戦進出,一般財団法人 東京都高等学校野球連盟 試合結果,硬式野球部,0
402250,千歳丘,令和4年度,2022(令和4年)年度 秋季東京都高等学校野球大会 一次予選,硬式野球,,,一回戦出場,一般財団法人 東京都高等学校野球連盟 試合結果,硬式野球部,0
402250,千歳丘,令和5年度,2023(令和5年) 春季東京都高等学校野球大会 (兼関東地区高等学校野球大会出場校決定戦),硬式野球,,,一回戦出場,一般財団法人 東京都高等学校野球連盟 試合結果,硬式野球部,0
402250,千歳丘,令和5年度,2023(令和5年) 秋季東京都高等学校野球大会 一次予選,硬式野球,,,二回戦進出,一般財団法人 東京都高等学校野球連盟 試合結果,硬式野球部,0
402250,千歳丘,令和6年度,2024(令和6年) 秋季東京都高等学校野球大会 一次予選,硬式野球,,,一回戦出場,一般財団法人 東京都高等学校野球連盟 試合結果,硬式野球部,0
402250,千歳丘,令和6年度,2025(令和7年) 春季東京都高等学校野球大会 一次予選,硬式野球,,,二回戦進出,一般財団法人 東京都高等学校野球連盟 試合結果,硬式野球部,0
402250,千歳丘,令和7年度,2025(令和7年) 秋季東京都高等学校野球大会,硬式野球,,,一回戦出場,一般財団法人 東京都高等学校野球連盟 試合結果,硬式野球部,0
402250,千歳丘,令和7年度,2025(令和7年) 秋季東京都高等学校野球大会 一次予選,硬式野球,,,二回戦進出,一般財団法人 東京都高等学校野球連盟 試合結果,硬式野球部,0
402250,千歳丘,令和8年度,2026(令和8年) 春季東京都高等学校野球大会 (兼関東地区高等学校野球大会出場校決定戦),硬式野球,,,二回戦進出,一般財団法人 東京都高等学校野球連盟 試合結果,硬式野球部,0
407100,南平,令和4年度,2022(令和4年)年度 秋季東京都高等学校野球大会 一次予選,硬式野球,,,二回戦進出,一般財団法人 東京都高等学校野球連盟 試合結果,硬式野球部,0
407100,南平,令和5年度,2023(令和5年) 春季東京都高等学校野球大会 (兼関東地区高等学校野球大会出場校決定戦),硬式野球,,,一回戦出場,一般財団法人 東京都高等学校野球連盟 試合結果,硬式野球部,0
407100,南平,令和4年度,2023(令和5年) 春季東京都高等学校野球大会 一次予選,硬式野球,,,二回戦進出,一般財団法人 東京都高等学校野球連盟 試合結果,硬式野球部,0
407100,南平,令和5年度,2023(令和5年) 秋季東京都高等学校野球大会 一次予選,硬式野球,,,二回戦進出,一般財団法人 東京都高等学校野球連盟 試合結果,硬式野球部,0
407100,南平,令和6年度,2024(令和6年) 秋季東京都高等学校野球大会 一次予選,硬式野球,,,二回戦進出,一般財団法人 東京都高等学校野球連盟 試合結果,硬式野球部,0
407100,南平,令和6年度,2025(令和7年) 春季東京都高等学校野球大会 一次予選,硬式野球,,,二回戦進出,一般財団法人 東京都高等学校野球連盟 試合結果,硬式野球部,0
407100,南平,令和7年度,2025(令和7年) 秋季東京都高等学校野球大会 一次予選,硬式野球,,,二回戦進出,一般財団法人 東京都高等学校野球連盟 試合結果,硬式野球部,0
407100,南平,令和7年度,2026(令和8年) 春季東京都高等学校野球大会 一次予選,硬式野球,,,一回戦出場,一般財団法人 東京都高等学校野球連盟 試合結果,硬式野球部,0
406050,南葛飾,令和4年度,2022(令和4年)年度 秋季東京都高等学校野球大会 一次予選,硬式野球,,,一回戦出場,一般財団法人 東京都高等学校野球連盟 試合結果,硬式野球部,0
406050,南葛飾,令和4年度,2023(令和5年) 春季東京都高等学校野球大会 一次予選,硬式野球,,,一回戦出場,一般財団法人 東京都高等学校野球連盟 試合結果,硬式野球部,0
406050,南葛飾,令和5年度,2023(令和5年) 秋季東京都高等学校野球大会 一次予選,硬式野球,,,一回戦出場,一般財団法人 東京都高等学校野球連盟 試合結果,硬式野球部,0
406050,南葛飾,令和6年度,2024(令和6年) 秋季東京都高等学校野球大会 一次予選,硬式野球,,,一回戦出場,一般財団法人 東京都高等学校野球連盟 試合結果,硬式野球部,0
406050,南葛飾,令和6年度,2025(令和7年) 春季東京都高等学校野球大会 一次予選,硬式野球,,,一回戦出場,一般財団法人 東京都高等学校野球連盟 試合結果,硬式野球部,0
406050,南葛飾,令和7年度,2026(令和8年) 春季東京都高等学校野球大会 一次予選,硬式野球,,,一回戦出場,一般財団法人 東京都高等学校野球連盟 試合結果,硬式野球部,0
406050,南葛飾,令和5年度,第105回全国高等学校野球選手権記念大会 東東京大会,硬式野球,,,二回戦進出,一般財団法人 東京都高等学校野球連盟 試合結果,硬式野球部,0
406050,南葛飾,令和6年度,第106回全国高等学校野球選手権大会 東東京大会,硬式野球,,,二回戦進出,一般財団法人 東京都高等学校野球連盟 試合結果,硬式野球部,0
406050,南葛飾,令和7年度,第107回全国高等学校野球選手権大会 東東京大会,硬式野球,,,三回戦進出,一般財団法人 東京都高等学校野球連盟 試合結果,硬式野球部,0
406050,南葛飾,令和8年度,第108回全国高等学校野球選手権大会 東東京大会,硬式野球,,,二回戦進出,一般財団法人 東京都高等学校野球連盟 試合結果,硬式野球部,0
409240,国分寺,令和4年度,2022(令和4年) 秋季東京都高等学校野球大会,硬式野球,,,一回戦出場,一般財団法人 東京都高等学校野球連盟 試合結果,硬式野球部,0
409240,国分寺,令和4年度,2022(令和4年)年度 秋季東京都高等学校野球大会 一次予選,硬式野球,,,二回戦進出,一般財団法人 東京都高等学校野球連盟 試合結果,硬式野球部,0
409240,国分寺,令和5年度,2023(令和5年) 春季東京都高等学校野球大会 (兼関東地区高等学校野球大会出場校決定戦),硬式野球,,,二回戦進出,一般財団法人 東京都高等学校野球連盟 試合結果,硬式野球部,0
409240,国分寺,令和5年度,2023(令和5年) 秋季東京都高等学校野球大会 一次予選,硬式野球,,,一回戦出場,一般財団法人 東京都高等学校野球連盟 試合結果,硬式野球部,0
409240,国分寺,令和6年度,2024(令和6年) 春季東京都高等学校野球大会 (兼関東地区高等学校野球大会出場校決定戦),硬式野球,,,一回戦出場,一般財団法人 東京都高等学校野球連盟 試合結果,硬式野球部,0
409240,国分寺,令和5年度,2024(令和6年) 春季東京都高等学校野球大会 一次予選,硬式野球,,,二回戦進出,一般財団法人 東京都高等学校野球連盟 試合結果,硬式野球部,0
409240,国分寺,令和6年度,2024(令和6年) 秋季東京都高等学校野球大会 一次予選,硬式野球,,,一回戦出場,一般財団法人 東京都高等学校野球連盟 試合結果,硬式野球部,0
409240,国分寺,令和7年度,2025(令和7年) 春季東京都高等学校野球大会 (兼関東地区高等学校野球大会出場校決定戦),硬式野球,,,一回戦出場,一般財団法人 東京都高等学校野球連盟 試合結果,硬式野球部,0
409240,国分寺,令和6年度,2025(令和7年) 春季東京都高等学校野球大会 一次予選,硬式野球,,,二回戦進出,一般財団法人 東京都高等学校野球連盟 試合結果,硬式野球部,0
409240,国分寺,令和7年度,2025(令和7年) 秋季東京都高等学校野球大会 一次予選,硬式野球,,,一回戦出場,一般財団法人 東京都高等学校野球連盟 試合結果,硬式野球部,0
409240,国分寺,令和7年度,2026(令和8年) 春季東京都高等学校野球大会 一次予選,硬式野球,,,一回戦出場,一般財団法人 東京都高等学校野球連盟 試合結果,硬式野球部,0
410240,国立,令和4年度,2022(令和4年)年度 秋季東京都高等学校野球大会 一次予選,硬式野球,,,一回戦出場,一般財団法人 東京都高等学校野球連盟 試合結果,硬式野球部,0
410240,国立,令和5年度,2023(令和5年) 春季東京都高等学校野球大会 (兼関東地区高等学校野球大会出場校決定戦),硬式野球,,,一回戦出場,一般財団法人 東京都高等学校野球連盟 試合結果,硬式野球部,0
410240,国立,令和5年度,2023(令和5年) 秋季東京都高等学校野球大会 一次予選,硬式野球,,,二回戦進出,一般財団法人 東京都高等学校野球連盟 試合結果,硬式野球部,0
410240,国立,令和6年度,2024(令和6年) 春季東京都高等学校野球大会 (兼関東地区高等学校野球大会出場校決定戦),硬式野球,,,二回戦進出,一般財団法人 東京都高等学校野球連盟 試合結果,硬式野球部,0
410240,国立,令和6年度,2024(令和6年) 秋季東京都高等学校野球大会,硬式野球,,,一回戦出場,一般財団法人 東京都高等学校野球連盟 試合結果,硬式野球部,0
410240,国立,令和6年度,2024(令和6年) 秋季東京都高等学校野球大会 一次予選,硬式野球,,,二回戦進出,一般財団法人 東京都高等学校野球連盟 試合結果,硬式野球部,0
410240,国立,令和7年度,2025(令和7年) 春季東京都高等学校野球大会 (兼関東地区高等学校野球大会出場校決定戦),硬式野球,,,一回戦出場,一般財団法人 東京都高等学校野球連盟 試合結果,硬式野球部,0
410240,国立,令和7年度,2026(令和8年) 春季東京都高等学校野球大会 一次予選,硬式野球,,,一回戦出場,一般財団法人 東京都高等学校野球連盟 試合結果,硬式野球部,0
402930,国際,令和4年度,2022(令和4年)年度 秋季東京都高等学校野球大会 一次予選,硬式野球,,,一回戦出場,一般財団法人 東京都高等学校野球連盟 試合結果,野球,0
402930,国際,令和4年度,2023(令和5年) 春季東京都高等学校野球大会 一次予選,硬式野球,,,一回戦出場,一般財団法人 東京都高等学校野球連盟 試合結果,野球,0
402930,国際,令和5年度,2023(令和5年) 秋季東京都高等学校野球大会 一次予選,硬式野球,,,一回戦出場,一般財団法人 東京都高等学校野球連盟 試合結果,野球,0
402930,国際,令和5年度,2024(令和6年) 春季東京都高等学校野球大会 一次予選,硬式野球,,,一回戦出場,一般財団法人 東京都高等学校野球連盟 試合結果,野球,0
402930,国際,令和6年度,2024(令和6年) 秋季東京都高等学校野球大会 一次予選,硬式野球,,,二回戦進出,一般財団法人 東京都高等学校野球連盟 試合結果,野球,0
402930,国際,令和6年度,2025(令和7年) 春季東京都高等学校野球大会 一次予選,硬式野球,,,二回戦進出,一般財団法人 東京都高等学校野球連盟 試合結果,野球,0
402930,国際,令和7年度,2025(令和7年) 秋季東京都高等学校野球大会 一次予選,硬式野球,,,一回戦出場,一般財団法人 東京都高等学校野球連盟 試合結果,野球,0
402930,国際,令和7年度,2026(令和8年) 春季東京都高等学校野球大会 一次予選,硬式野球,,,二回戦進出,一般財団法人 東京都高等学校野球連盟 試合結果,野球,0
402930,国際,令和5年度,第105回全国高等学校野球選手権記念大会 東東京大会,硬式野球,,,三回戦進出,一般財団法人 東京都高等学校野球連盟 試合結果,野球,0
402930,国際,令和6年度,第106回全国高等学校野球選手権大会 東東京大会,硬式野球,,,二回戦進出,一般財団法人 東京都高等学校野球連盟 試合結果,野球,0
402930,国際,令和7年度,第107回全国高等学校野球選手権大会 東東京大会,硬式野球,,,二回戦進出,一般財団法人 東京都高等学校野球連盟 試合結果,野球,0
402930,国際,令和8年度,第108回全国高等学校野球選手権大会 東東京大会,硬式野球,,,二回戦進出,一般財団法人 東京都高等学校野球連盟 試合結果,野球,0
406230,城東,令和4年度,2022(令和4年)年度 秋季東京都高等学校野球大会 一次予選,硬式野球,,,二回戦進出,一般財団法人 東京都高等学校野球連盟 試合結果,野球部,0
406230,城東,令和5年度,2023(令和5年) 春季東京都高等学校野球大会 (兼関東地区高等学校野球大会出場校決定戦),硬式野球,,,二回戦進出,一般財団法人 東京都高等学校野球連盟 試合結果,野球部,0
406230,城東,令和4年度,2023(令和5年) 春季東京都高等学校野球大会 一次予選,硬式野球,,,二回戦進出,一般財団法人 東京都高等学校野球連盟 試合結果,野球部,0
406230,城東,令和6年度,2024(令和6年) 春季東京都高等学校野球大会 (兼関東地区高等学校野球大会出場校決定戦),硬式野球,,,一回戦出場,一般財団法人 東京都高等学校野球連盟 試合結果,野球部,0
406230,城東,令和5年度,2024(令和6年) 春季東京都高等学校野球大会 一次予選,硬式野球,,,二回戦進出,一般財団法人 東京都高等学校野球連盟 試合結果,野球部,0
406230,城東,令和6年度,2024(令和6年) 秋季東京都高等学校野球大会 一次予選,硬式野球,,,一回戦出場,一般財団法人 東京都高等学校野球連盟 試合結果,野球部,0
406230,城東,令和7年度,2025(令和7年) 秋季東京都高等学校野球大会,硬式野球,,,三回戦進出,一般財団法人 東京都高等学校野球連盟 試合結果,野球部,0
406230,城東,令和7年度,2025(令和7年) 秋季東京都高等学校野球大会 一次予選,硬式野球,,,二回戦進出,一般財団法人 東京都高等学校野球連盟 試合結果,野球部,0
406230,城東,令和8年度,2026(令和8年) 春季東京都高等学校野球大会 (兼関東地区高等学校野球大会出場校決定戦),硬式野球,,,三回戦進出,一般財団法人 東京都高等学校野球連盟 試合結果,野球部,0
406230,城東,令和5年度,第105回全国高等学校野球選手権記念大会 東東京大会,硬式野球,,,五回戦進出,一般財団法人 東京都高等学校野球連盟 試合結果,野球部,0
406230,城東,令和6年度,第106回全国高等学校野球選手権大会 東東京大会,硬式野球,,,四回戦進出,一般財団法人 東京都高等学校野球連盟 試合結果,野球部,0
406230,城東,令和7年度,第107回全国高等学校野球選手権大会 東東京大会,硬式野球,,,四回戦進出,一般財団法人 東京都高等学校野球連盟 試合結果,野球部,0
406230,城東,令和8年度,第108回全国高等学校野球選手権大会 東東京大会,硬式野球,,,四回戦進出,一般財団法人 東京都高等学校野球連盟 試合結果,野球部,0
406730,墨田工科,令和5年度,2023(令和5年) 秋季東京都高等学校野球大会 一次予選,硬式野球,,,二回戦進出,一般財団法人 東京都高等学校野球連盟 試合結果,硬式野球部,0
406730,墨田工科,令和5年度,2024(令和6年) 春季東京都高等学校野球大会 一次予選,硬式野球,,,一回戦出場,一般財団法人 東京都高等学校野球連盟 試合結果,硬式野球部,0
406730,墨田工科,令和6年度,2024(令和6年) 秋季東京都高等学校野球大会 一次予選,硬式野球,,,一回戦出場,一般財団法人 東京都高等学校野球連盟 試合結果,硬式野球部,0
406730,墨田工科,令和6年度,2025(令和7年) 春季東京都高等学校野球大会 一次予選,硬式野球,,,二回戦進出,一般財団法人 東京都高等学校野球連盟 試合結果,硬式野球部,0
406730,墨田工科,令和7年度,2025(令和7年) 秋季東京都高等学校野球大会 一次予選,硬式野球,,,二回戦進出,一般財団法人 東京都高等学校野球連盟 試合結果,硬式野球部,0
406730,墨田工科,令和7年度,2026(令和8年) 春季東京都高等学校野球大会 一次予選,硬式野球,,,一回戦出場,一般財団法人 東京都高等学校野球連盟 試合結果,硬式野球部,0
406730,墨田工科,令和5年度,第105回全国高等学校野球選手権記念大会 東東京大会,硬式野球,,,二回戦進出,一般財団法人 東京都高等学校野球連盟 試合結果,硬式野球部,0
406730,墨田工科,令和6年度,第106回全国高等学校野球選手権大会 東東京大会,硬式野球,,,四回戦進出,一般財団法人 東京都高等学校野球連盟 試合結果,硬式野球部,0
406730,墨田工科,令和7年度,第107回全国高等学校野球選手権大会 東東京大会,硬式野球,,,三回戦進出,一般財団法人 東京都高等学校野球連盟 試合結果,硬式野球部,0
406730,墨田工科,令和8年度,第108回全国高等学校野球選手権大会 東東京大会,硬式野球,,,三回戦進出,一般財団法人 東京都高等学校野球連盟 試合結果,硬式野球部,0
408210,多摩,令和4年度,2022(令和4年)年度 秋季東京都高等学校野球大会 一次予選,硬式野球,,,一回戦出場,一般財団法人 東京都高等学校野球連盟 試合結果,硬式野球部,0
408210,多摩,令和5年度,2023(令和5年) 秋季東京都高等学校野球大会 一次予選,硬式野球,,,二回戦進出,一般財団法人 東京都高等学校野球連盟 試合結果,硬式野球部,0
408210,多摩,令和5年度,2024(令和6年) 春季東京都高等学校野球大会 一次予選,硬式野球,,,一回戦出場,一般財団法人 東京都高等学校野球連盟 試合結果,硬式野球部,0
408210,多摩,令和6年度,2024(令和6年) 秋季東京都高等学校野球大会 一次予選,硬式野球,,,一回戦出場,一般財団法人 東京都高等学校野球連盟 試合結果,硬式野球部,0
408210,多摩,令和6年度,2025(令和7年) 春季東京都高等学校野球大会 一次予選,硬式野球,,,一回戦出場,一般財団法人 東京都高等学校野球連盟 試合結果,硬式野球部,0
408210,多摩,令和7年度,2025(令和7年) 秋季東京都高等学校野球大会 一次予選,硬式野球,,,二回戦進出,一般財団法人 東京都高等学校野球連盟 試合結果,硬式野球部,0
408210,多摩,令和7年度,2026(令和8年) 春季東京都高等学校野球大会 一次予選,硬式野球,,,一回戦出場,一般財団法人 東京都高等学校野球連盟 試合結果,硬式野球部,0
408710,多摩工科,令和5年度,2023(令和5年) 秋季東京都高等学校野球大会 一次予選,硬式野球,,,一回戦出場,一般財団法人 東京都高等学校野球連盟 試合結果,硬式野球部,0
408710,多摩工科,令和5年度,2024(令和6年) 春季東京都高等学校野球大会 一次予選,硬式野球,,,二回戦進出,一般財団法人 東京都高等学校野球連盟 試合結果,硬式野球部,0
408710,多摩工科,令和6年度,2024(令和6年) 秋季東京都高等学校野球大会 一次予選,硬式野球,,,一回戦出場,一般財団法人 東京都高等学校野球連盟 試合結果,硬式野球部,0
408710,多摩工科,令和6年度,2025(令和7年) 春季東京都高等学校野球大会 一次予選,硬式野球,,,二回戦進出,一般財団法人 東京都高等学校野球連盟 試合結果,硬式野球部,0
408710,多摩工科,令和7年度,2025(令和7年) 秋季東京都高等学校野球大会,硬式野球,,,一回戦出場,一般財団法人 東京都高等学校野球連盟 試合結果,硬式野球部,0
408710,多摩工科,令和7年度,2025(令和7年) 秋季東京都高等学校野球大会 一次予選,硬式野球,,,二回戦進出,一般財団法人 東京都高等学校野球連盟 試合結果,硬式野球部,0
408710,多摩工科,令和8年度,2026(令和8年) 春季東京都高等学校野球大会 (兼関東地区高等学校野球大会出場校決定戦),硬式野球,,,一回戦出場,一般財団法人 東京都高等学校野球連盟 試合結果,硬式野球部,0
404250,大山,令和4年度,2023(令和5年) 春季東京都高等学校野球大会 一次予選,硬式野球,,,一回戦出場,一般財団法人 東京都高等学校野球連盟 試合結果,硬式野球部,0
404250,大山,令和5年度,2023(令和5年) 秋季東京都高等学校野球大会 一次予選,硬式野球,,,一回戦出場,一般財団法人 東京都高等学校野球連盟 試合結果,硬式野球部,0
404250,大山,令和5年度,2024(令和6年) 春季東京都高等学校野球大会 一次予選,硬式野球,,,一回戦出場,一般財団法人 東京都高等学校野球連盟 試合結果,硬式野球部,0
404250,大山,令和6年度,2024(令和6年) 秋季東京都高等学校野球大会 一次予選,硬式野球,,,一回戦出場,一般財団法人 東京都高等学校野球連盟 試合結果,硬式野球部,0
404250,大山,令和7年度,2025(令和7年) 春季東京都高等学校野球大会 (兼関東地区高等学校野球大会出場校決定戦),硬式野球,,,一回戦出場,一般財団法人 東京都高等学校野球連盟 試合結果,硬式野球部,0
404250,大山,令和6年度,2025(令和7年) 春季東京都高等学校野球大会 一次予選,硬式野球,,,二回戦進出,一般財団法人 東京都高等学校野球連盟 試合結果,硬式野球部,0
404250,大山,令和7年度,2025(令和7年) 秋季東京都高等学校野球大会 一次予選,硬式野球,,,一回戦出場,一般財団法人 東京都高等学校野球連盟 試合結果,硬式野球部,0
404250,大山,令和7年度,2026(令和8年) 春季東京都高等学校野球大会 一次予選,硬式野球,,,一回戦出場,一般財団法人 東京都高等学校野球連盟 試合結果,硬式野球部,0
404250,大山,令和5年度,第105回全国高等学校野球選手権記念大会 東東京大会,硬式野球,,,一回戦出場,一般財団法人 東京都高等学校野球連盟 試合結果,硬式野球部,0
404250,大山,令和6年度,第106回全国高等学校野球選手権大会 東東京大会,硬式野球,,,二回戦進出,一般財団法人 東京都高等学校野球連盟 試合結果,硬式野球部,0
404250,大山,令和7年度,第107回全国高等学校野球選手権大会 東東京大会,硬式野球,,,二回戦進出,一般財団法人 東京都高等学校野球連盟 試合結果,硬式野球部,0
404250,大山,令和8年度,第108回全国高等学校野球選手権大会 東東京大会,硬式野球,,,三回戦進出,一般財団法人 東京都高等学校野球連盟 試合結果,硬式野球部,0
411010,大島,令和4年度,2022(令和4年)年度 秋季東京都高等学校野球大会 一次予選,硬式野球,,,一回戦出場,一般財団法人 東京都高等学校野球連盟 試合結果,野球部,0
411010,大島,令和4年度,2023(令和5年) 春季東京都高等学校野球大会 一次予選,硬式野球,,,一回戦出場,一般財団法人 東京都高等学校野球連盟 試合結果,野球部,0
411010,大島,令和5年度,2023(令和5年) 秋季東京都高等学校野球大会 一次予選,硬式野球,,,一回戦出場,一般財団法人 東京都高等学校野球連盟 試合結果,野球部,0
411010,大島,令和5年度,2024(令和6年) 春季東京都高等学校野球大会 一次予選,硬式野球,,,一回戦出場,一般財団法人 東京都高等学校野球連盟 試合結果,野球部,0
411010,大島,令和6年度,2024(令和6年) 秋季東京都高等学校野球大会 一次予選,硬式野球,,,一回戦出場,一般財団法人 東京都高等学校野球連盟 試合結果,野球部,0
411010,大島,令和7年度,2025(令和7年) 秋季東京都高等学校野球大会 一次予選,硬式野球,,,一回戦出場,一般財団法人 東京都高等学校野球連盟 試合結果,野球部,0
411010,大島,令和7年度,2026(令和8年) 春季東京都高等学校野球大会 一次予選,硬式野球,,,二回戦進出,一般財団法人 東京都高等学校野球連盟 試合結果,野球部,0
411010,大島,令和5年度,第105回全国高等学校野球選手権記念大会 東東京大会,硬式野球,,,三回戦進出,一般財団法人 東京都高等学校野球連盟 試合結果,野球部,0
411010,大島,令和6年度,第106回全国高等学校野球選手権大会 東東京大会,硬式野球,,,二回戦進出,一般財団法人 東京都高等学校野球連盟 試合結果,野球部,0
411010,大島,令和7年度,第107回全国高等学校野球選手権大会 東東京大会,硬式野球,,,二回戦進出,一般財団法人 東京都高等学校野球連盟 試合結果,野球部,0
411010,大島,令和8年度,第108回全国高等学校野球選手権大会 東東京大会,硬式野球,,,二回戦進出,一般財団法人 東京都高等学校野球連盟 試合結果,野球部,0
411910,大島海洋国際,令和4年度,2022(令和4年)年度 秋季東京都高等学校野球大会 一次予選,硬式野球,,,一回戦出場,一般財団法人 東京都高等学校野球連盟 試合結果,硬式野球部,0
411910,大島海洋国際,令和4年度,2023(令和5年) 春季東京都高等学校野球大会 一次予選,硬式野球,,,一回戦出場,一般財団法人 東京都高等学校野球連盟 試合結果,硬式野球部,0
411910,大島海洋国際,令和6年度,2024(令和6年) 秋季東京都高等学校野球大会 一次予選,硬式野球,,,一回戦出場,一般財団法人 東京都高等学校野球連盟 試合結果,硬式野球部,0
411910,大島海洋国際,令和6年度,2025(令和7年) 春季東京都高等学校野球大会 一次予選,硬式野球,,,一回戦出場,一般財団法人 東京都高等学校野球連盟 試合結果,硬式野球部,0
411910,大島海洋国際,令和7年度,2025(令和7年) 秋季東京都高等学校野球大会 一次予選,硬式野球,,,一回戦出場,一般財団法人 東京都高等学校野球連盟 試合結果,硬式野球部,0
411910,大島海洋国際,令和7年度,2026(令和8年) 春季東京都高等学校野球大会 一次予選,硬式野球,,,二回戦進出,一般財団法人 東京都高等学校野球連盟 試合結果,硬式野球部,0
411910,大島海洋国際,令和5年度,第105回全国高等学校野球選手権記念大会 東東京大会,硬式野球,,,三回戦進出,一般財団法人 東京都高等学校野球連盟 試合結果,硬式野球部,0
411910,大島海洋国際,令和6年度,第106回全国高等学校野球選手権大会 東東京大会,硬式野球,,,二回戦進出,一般財団法人 東京都高等学校野球連盟 試合結果,硬式野球部,0
411910,大島海洋国際,令和7年度,第107回全国高等学校野球選手権大会 東東京大会,硬式野球,,,二回戦進出,一般財団法人 東京都高等学校野球連盟 試合結果,硬式野球部,0
411910,大島海洋国際,令和8年度,第108回全国高等学校野球選手権大会 東東京大会,硬式野球,,,一回戦出場,一般財団法人 東京都高等学校野球連盟 試合結果,硬式野球部,0
401210,大崎,令和4年度,2022(令和4年) 秋季東京都高等学校野球大会,硬式野球,,,一回戦出場,一般財団法人 東京都高等学校野球連盟 試合結果,硬式野球部,0
401210,大崎,令和4年度,2022(令和4年)年度 秋季東京都高等学校野球大会 一次予選,硬式野球,,,二回戦進出,一般財団法人 東京都高等学校野球連盟 試合結果,硬式野球部,0
401210,大崎,令和5年度,2023(令和5年) 春季東京都高等学校野球大会 (兼関東地区高等学校野球大会出場校決定戦),硬式野球,,,二回戦進出,一般財団法人 東京都高等学校野球連盟 試合結果,硬式野球部,0
401210,大崎,令和5年度,2023(令和5年) 秋季東京都高等学校野球大会 一次予選,硬式野球,,,一回戦出場,一般財団法人 東京都高等学校野球連盟 試合結果,硬式野球部,0
401210,大崎,令和5年度,2024(令和6年) 春季東京都高等学校野球大会 一次予選,硬式野球,,,一回戦出場,一般財団法人 東京都高等学校野球連盟 試合結果,硬式野球部,0
401210,大崎,令和6年度,2024(令和6年) 秋季東京都高等学校野球大会 一次予選,硬式野球,,,二回戦進出,一般財団法人 東京都高等学校野球連盟 試合結果,硬式野球部,0
401210,大崎,令和6年度,2025(令和7年) 春季東京都高等学校野球大会 一次予選,硬式野球,,,一回戦出場,一般財団法人 東京都高等学校野球連盟 試合結果,硬式野球部,0
401210,大崎,令和7年度,2025(令和7年) 秋季東京都高等学校野球大会 一次予選,硬式野球,,,一回戦出場,一般財団法人 東京都高等学校野球連盟 試合結果,硬式野球部,0
401210,大崎,令和7年度,2026(令和8年) 春季東京都高等学校野球大会 一次予選,硬式野球,,,二回戦進出,一般財団法人 東京都高等学校野球連盟 試合結果,硬式野球部,0
401210,大崎,令和5年度,第105回全国高等学校野球選手権記念大会 東東京大会,硬式野球,,,二回戦進出,一般財団法人 東京都高等学校野球連盟 試合結果,硬式野球部,0
401210,大崎,令和6年度,第106回全国高等学校野球選手権大会 東東京大会,硬式野球,,,三回戦進出,一般財団法人 東京都高等学校野球連盟 試合結果,硬式野球部,0
401210,大崎,令和7年度,第107回全国高等学校野球選手権大会 東東京大会,硬式野球,,,三回戦進出,一般財団法人 東京都高等学校野球連盟 試合結果,硬式野球部,0
401210,大崎,令和8年度,第108回全国高等学校野球選手権大会 東東京大会,硬式野球,,,二回戦進出,一般財団法人 東京都高等学校野球連盟 試合結果,硬式野球部,0
401250,大森,令和4年度,2022(令和4年) 秋季東京都高等学校野球大会,硬式野球,,,一回戦出場,一般財団法人 東京都高等学校野球連盟 試合結果,硬式野球部,0
401250,大森,令和5年度,2023(令和5年) 春季東京都高等学校野球大会 (兼関東地区高等学校野球大会出場校決定戦),硬式野球,,,二回戦進出,一般財団法人 東京都高等学校野球連盟 試合結果,硬式野球部,0
401250,大森,令和5年度,2023(令和5年) 秋季東京都高等学校野球大会 一次予選,硬式野球,,,二回戦進出,一般財団法人 東京都高等学校野球連盟 試合結果,硬式野球部,0
401250,大森,令和5年度,2024(令和6年) 春季東京都高等学校野球大会 一次予選,硬式野球,,,一回戦出場,一般財団法人 東京都高等学校野球連盟 試合結果,硬式野球部,0
401250,大森,令和6年度,2024(令和6年) 秋季東京都高等学校野球大会 一次予選,硬式野球,,,一回戦出場,一般財団法人 東京都高等学校野球連盟 試合結果,硬式野球部,0
401250,大森,令和7年度,2025(令和7年) 春季東京都高等学校野球大会 (兼関東地区高等学校野球大会出場校決定戦),硬式野球,,,一回戦出場,一般財団法人 東京都高等学校野球連盟 試合結果,硬式野球部,0
401250,大森,令和6年度,2025(令和7年) 春季東京都高等学校野球大会 一次予選,硬式野球,,,二回戦進出,一般財団法人 東京都高等学校野球連盟 試合結果,硬式野球部,0
401250,大森,令和7年度,2025(令和7年) 秋季東京都高等学校野球大会 一次予選,硬式野球,,,一回戦出場,一般財団法人 東京都高等学校野球連盟 試合結果,硬式野球部,0
401250,大森,令和7年度,2026(令和8年) 春季東京都高等学校野球大会 一次予選,硬式野球,,,一回戦出場,一般財団法人 東京都高等学校野球連盟 試合結果,硬式野球部,0
401250,大森,令和5年度,第105回全国高等学校野球選手権記念大会 東東京大会,硬式野球,,,二回戦進出,一般財団法人 東京都高等学校野球連盟 試合結果,硬式野球部,0
401250,大森,令和6年度,第106回全国高等学校野球選手権大会 東東京大会,硬式野球,,,二回戦進出,一般財団法人 東京都高等学校野球連盟 試合結果,硬式野球部,0
401250,大森,令和7年度,第107回全国高等学校野球選手権大会 東東京大会,硬式野球,,,二回戦進出,一般財団法人 東京都高等学校野球連盟 試合結果,硬式野球部,0
401250,大森,令和8年度,第108回全国高等学校野球選手権大会 東東京大会,硬式野球,,,二回戦進出,一般財団法人 東京都高等学校野球連盟 試合結果,硬式野球部,0
403230,大泉,令和4年度,2022(令和4年)年度 秋季東京都高等学校野球大会 一次予選,硬式野球,,,一回戦出場,一般財団法人 東京都高等学校野球連盟 試合結果,,0
403230,大泉,令和5年度,2023(令和5年) 春季東京都高等学校野球大会 (兼関東地区高等学校野球大会出場校決定戦),硬式野球,,,二回戦進出,一般財団法人 東京都高等学校野球連盟 試合結果,,0
403230,大泉,令和4年度,2023(令和5年) 春季東京都高等学校野球大会 一次予選,硬式野球,,,二回戦進出,一般財団法人 東京都高等学校野球連盟 試合結果,,0
403230,大泉,令和5年度,2023(令和5年) 秋季東京都高等学校野球大会 一次予選,硬式野球,,,一回戦出場,一般財団法人 東京都高等学校野球連盟 試合結果,,0
403230,大泉,令和5年度,2024(令和6年) 春季東京都高等学校野球大会 一次予選,硬式野球,,,一回戦出場,一般財団法人 東京都高等学校野球連盟 試合結果,,0
403230,大泉,令和6年度,2024(令和6年) 秋季東京都高等学校野球大会 一次予選,硬式野球,,,二回戦進出,一般財団法人 東京都高等学校野球連盟 試合結果,,0
403230,大泉,令和6年度,2025(令和7年) 春季東京都高等学校野球大会 一次予選,硬式野球,,,一回戦出場,一般財団法人 東京都高等学校野球連盟 試合結果,,0
403230,大泉,令和7年度,2025(令和7年) 秋季東京都高等学校野球大会 一次予選,硬式野球,,,一回戦出場,一般財団法人 東京都高等学校野球連盟 試合結果,,0
403230,大泉,令和7年度,2026(令和8年) 春季東京都高等学校野球大会 一次予選,硬式野球,,,一回戦出場,一般財団法人 東京都高等学校野球連盟 試合結果,,0
401620,大田桜台,令和4年度,2022(令和4年)年度 秋季東京都高等学校野球大会 一次予選,硬式野球,,,一回戦出場,一般財団法人 東京都高等学校野球連盟 試合結果,野球部,0
401620,大田桜台,令和4年度,2023(令和5年) 春季東京都高等学校野球大会 一次予選,硬式野球,,,一回戦出場,一般財団法人 東京都高等学校野球連盟 試合結果,野球部,0
401620,大田桜台,令和5年度,2023(令和5年) 秋季東京都高等学校野球大会 一次予選,硬式野球,,,一回戦出場,一般財団法人 東京都高等学校野球連盟 試合結果,野球部,0
401620,大田桜台,令和6年度,2024(令和6年) 秋季東京都高等学校野球大会 一次予選,硬式野球,,,二回戦進出,一般財団法人 東京都高等学校野球連盟 試合結果,野球部,0
401620,大田桜台,令和6年度,2025(令和7年) 春季東京都高等学校野球大会 一次予選,硬式野球,,,一回戦出場,一般財団法人 東京都高等学校野球連盟 試合結果,野球部,0
401620,大田桜台,令和7年度,2025(令和7年) 秋季東京都高等学校野球大会 一次予選,硬式野球,,,二回戦進出,一般財団法人 東京都高等学校野球連盟 試合結果,野球部,0
401620,大田桜台,令和7年度,2026(令和8年) 春季東京都高等学校野球大会 一次予選,硬式野球,,,一回戦出場,一般財団法人 東京都高等学校野球連盟 試合結果,野球部,0
401620,大田桜台,令和5年度,第105回全国高等学校野球選手権記念大会 東東京大会,硬式野球,,,二回戦進出,一般財団法人 東京都高等学校野球連盟 試合結果,野球部,0
401620,大田桜台,令和6年度,第106回全国高等学校野球選手権大会 東東京大会,硬式野球,,,二回戦進出,一般財団法人 東京都高等学校野球連盟 試合結果,野球部,0
401620,大田桜台,令和7年度,第107回全国高等学校野球選手権大会 東東京大会,硬式野球,,,二回戦進出,一般財団法人 東京都高等学校野球連盟 試合結果,野球部,0
401620,大田桜台,令和8年度,第108回全国高等学校野球選手権大会 東東京大会,硬式野球,,,二回戦進出,一般財団法人 東京都高等学校野球連盟 試合結果,野球部,0
403020,富士,令和4年度,2022(令和4年)年度 秋季東京都高等学校野球大会 一次予選,硬式野球,,,一回戦出場,一般財団法人 東京都高等学校野球連盟 試合結果,,0
403020,富士,令和4年度,2023(令和5年) 春季東京都高等学校野球大会 一次予選,硬式野球,,,一回戦出場,一般財団法人 東京都高等学校野球連盟 試合結果,,0
403020,富士,令和5年度,2023(令和5年) 秋季東京都高等学校野球大会 一次予選,硬式野球,,,一回戦出場,一般財団法人 東京都高等学校野球連盟 試合結果,,0
403020,富士,令和5年度,2024(令和6年) 春季東京都高等学校野球大会 一次予選,硬式野球,,,一回戦出場,一般財団法人 東京都高等学校野球連盟 試合結果,,0
403020,富士,令和6年度,2024(令和6年) 秋季東京都高等学校野球大会 一次予選,硬式野球,,,一回戦出場,一般財団法人 東京都高等学校野球連盟 試合結果,,0
403020,富士,令和6年度,2025(令和7年) 春季東京都高等学校野球大会 一次予選,硬式野球,,,一回戦出場,一般財団法人 東京都高等学校野球連盟 試合結果,,0
403020,富士,令和7年度,2025(令和7年) 秋季東京都高等学校野球大会 一次予選,硬式野球,,,一回戦出場,一般財団法人 東京都高等学校野球連盟 試合結果,,0
403020,富士,令和5年度,第105回全国高等学校野球選手権記念大会 東東京大会,硬式野球,,,二回戦進出,一般財団法人 東京都高等学校野球連盟 試合結果,,0
403020,富士,令和6年度,第106回全国高等学校野球選手権大会 東東京大会,硬式野球,,,二回戦進出,一般財団法人 東京都高等学校野球連盟 試合結果,,0
403020,富士,令和7年度,第107回全国高等学校野球選手権大会 東東京大会,硬式野球,,,二回戦進出,一般財団法人 東京都高等学校野球連盟 試合結果,,0
403020,富士,令和8年度,第108回全国高等学校野球選手権大会 東東京大会,硬式野球,,,二回戦進出,一般財団法人 東京都高等学校野球連盟 試合結果,,0
407020,富士森,令和4年度,2022(令和4年)年度 秋季東京都高等学校野球大会 一次予選,硬式野球,,,二回戦進出,一般財団法人 東京都高等学校野球連盟 試合結果,硬式野球部,0
407020,富士森,令和4年度,2023(令和5年) 春季東京都高等学校野球大会 一次予選,硬式野球,,,二回戦進出,一般財団法人 東京都高等学校野球連盟 試合結果,硬式野球部,0
407020,富士森,令和5年度,2023(令和5年) 秋季東京都高等学校野球大会 一次予選,硬式野球,,,一回戦出場,一般財団法人 東京都高等学校野球連盟 試合結果,硬式野球部,0
407020,富士森,令和5年度,2024(令和6年) 春季東京都高等学校野球大会 一次予選,硬式野球,,,二回戦進出,一般財団法人 東京都高等学校野球連盟 試合結果,硬式野球部,0
407020,富士森,令和6年度,2024(令和6年) 秋季東京都高等学校野球大会 一次予選,硬式野球,,,二回戦進出,一般財団法人 東京都高等学校野球連盟 試合結果,硬式野球部,0
407020,富士森,令和7年度,2025(令和7年) 春季東京都高等学校野球大会 (兼関東地区高等学校野球大会出場校決定戦),硬式野球,,,一回戦出場,一般財団法人 東京都高等学校野球連盟 試合結果,硬式野球部,0
407020,富士森,令和6年度,2025(令和7年) 春季東京都高等学校野球大会 一次予選,硬式野球,,,二回戦進出,一般財団法人 東京都高等学校野球連盟 試合結果,硬式野球部,0
407020,富士森,令和7年度,2025(令和7年) 秋季東京都高等学校野球大会 一次予選,硬式野球,,,一回戦出場,一般財団法人 東京都高等学校野球連盟 試合結果,硬式野球部,0
407020,富士森,令和8年度,2026(令和8年) 春季東京都高等学校野球大会 (兼関東地区高等学校野球大会出場校決定戦),硬式野球,,,二回戦進出,一般財団法人 東京都高等学校野球連盟 試合結果,硬式野球部,0
401230,小山台,令和4年度,2022(令和4年)年度 秋季東京都高等学校野球大会 一次予選,硬式野球,,,一回戦出場,一般財団法人 東京都高等学校野球連盟 試合結果,硬式野球班,0
401230,小山台,令和5年度,2023(令和5年) 春季東京都高等学校野球大会 (兼関東地区高等学校野球大会出場校決定戦),硬式野球,,,一回戦出場,一般財団法人 東京都高等学校野球連盟 試合結果,硬式野球班,0
401230,小山台,令和4年度,2023(令和5年) 春季東京都高等学校野球大会 一次予選,硬式野球,,,二回戦進出,一般財団法人 東京都高等学校野球連盟 試合結果,硬式野球班,0
401230,小山台,令和5年度,2023(令和5年) 秋季東京都高等学校野球大会,硬式野球,,,一回戦出場,一般財団法人 東京都高等学校野球連盟 試合結果,硬式野球班,0
401230,小山台,令和5年度,2023(令和5年) 秋季東京都高等学校野球大会 一次予選,硬式野球,,,二回戦進出,一般財団法人 東京都高等学校野球連盟 試合結果,硬式野球班,0
401230,小山台,令和6年度,2024(令和6年) 春季東京都高等学校野球大会 (兼関東地区高等学校野球大会出場校決定戦),硬式野球,,,三回戦進出,一般財団法人 東京都高等学校野球連盟 試合結果,硬式野球班,0
401230,小山台,令和6年度,2024(令和6年) 秋季東京都高等学校野球大会,硬式野球,,,ベスト8,一般財団法人 東京都高等学校野球連盟 試合結果,硬式野球班,0
401230,小山台,令和6年度,2024(令和6年) 秋季東京都高等学校野球大会 一次予選,硬式野球,,,二回戦進出,一般財団法人 東京都高等学校野球連盟 試合結果,硬式野球班,0
401230,小山台,令和7年度,2025(令和7年) 春季東京都高等学校野球大会 (兼関東地区高等学校野球大会出場校決定戦),硬式野球,,,ベスト8,一般財団法人 東京都高等学校野球連盟 試合結果,硬式野球班,0
401230,小山台,令和7年度,2025(令和7年) 秋季東京都高等学校野球大会 一次予選,硬式野球,,,二回戦進出,一般財団法人 東京都高等学校野球連盟 試合結果,硬式野球班,0
401230,小山台,令和8年度,2026(令和8年) 春季東京都高等学校野球大会 (兼関東地区高等学校野球大会出場校決定戦),硬式野球,,,一回戦出場,一般財団法人 東京都高等学校野球連盟 試合結果,硬式野球班,0
401230,小山台,令和7年度,2026(令和8年) 春季東京都高等学校野球大会 一次予選,硬式野球,,,二回戦進出,一般財団法人 東京都高等学校野球連盟 試合結果,硬式野球班,0
401230,小山台,令和5年度,第105回全国高等学校野球選手権記念大会 東東京大会,硬式野球,,,四回戦進出,一般財団法人 東京都高等学校野球連盟 試合結果,硬式野球班,0
401230,小山台,令和6年度,第106回全国高等学校野球選手権大会 東東京大会,硬式野球,,,五回戦進出,一般財団法人 東京都高等学校野球連盟 試合結果,硬式野球班,0
401230,小山台,令和7年度,第107回全国高等学校野球選手権大会 東東京大会,硬式野球,,,三回戦進出,一般財団法人 東京都高等学校野球連盟 試合結果,硬式野球班,0
401230,小山台,令和8年度,第108回全国高等学校野球選手権大会 東東京大会,硬式野球,,,五回戦進出,一般財団法人 東京都高等学校野球連盟 試合結果,硬式野球班,0
406260,小岩,令和4年度,2022(令和4年) 秋季東京都高等学校野球大会,硬式野球,,,一回戦出場,一般財団法人 東京都高等学校野球連盟 試合結果,硬式野球部,0
406260,小岩,令和4年度,2022(令和4年)年度 秋季東京都高等学校野球大会 一次予選,硬式野球,,,二回戦進出,一般財団法人 東京都高等学校野球連盟 試合結果,硬式野球部,0
406260,小岩,令和5年度,2023(令和5年) 春季東京都高等学校野球大会 (兼関東地区高等学校野球大会出場校決定戦),硬式野球,,,一回戦出場,一般財団法人 東京都高等学校野球連盟 試合結果,硬式野球部,0
406260,小岩,令和5年度,2023(令和5年) 秋季東京都高等学校野球大会 一次予選,硬式野球,,,一回戦出場,一般財団法人 東京都高等学校野球連盟 試合結果,硬式野球部,0
406260,小岩,令和6年度,2024(令和6年) 春季東京都高等学校野球大会 (兼関東地区高等学校野球大会出場校決定戦),硬式野球,,,一回戦出場,一般財団法人 東京都高等学校野球連盟 試合結果,硬式野球部,0
406260,小岩,令和5年度,2024(令和6年) 春季東京都高等学校野球大会 一次予選,硬式野球,,,二回戦進出,一般財団法人 東京都高等学校野球連盟 試合結果,硬式野球部,0
406260,小岩,令和6年度,2024(令和6年) 秋季東京都高等学校野球大会 一次予選,硬式野球,,,二回戦進出,一般財団法人 東京都高等学校野球連盟 試合結果,硬式野球部,0
406260,小岩,令和7年度,2025(令和7年) 春季東京都高等学校野球大会 (兼関東地区高等学校野球大会出場校決定戦),硬式野球,,,二回戦進出,一般財団法人 東京都高等学校野球連盟 試合結果,硬式野球部,0
406260,小岩,令和6年度,2025(令和7年) 春季東京都高等学校野球大会 一次予選,硬式野球,,,二回戦進出,一般財団法人 東京都高等学校野球連盟 試合結果,硬式野球部,0
406260,小岩,令和7年度,2025(令和7年) 秋季東京都高等学校野球大会,硬式野球,,,二回戦進出,一般財団法人 東京都高等学校野球連盟 試合結果,硬式野球部,0
406260,小岩,令和7年度,2025(令和7年) 秋季東京都高等学校野球大会 一次予選,硬式野球,,,二回戦進出,一般財団法人 東京都高等学校野球連盟 試合結果,硬式野球部,0
406260,小岩,令和8年度,2026(令和8年) 春季東京都高等学校野球大会 (兼関東地区高等学校野球大会出場校決定戦),硬式野球,,,一回戦出場,一般財団法人 東京都高等学校野球連盟 試合結果,硬式野球部,0
406260,小岩,令和5年度,第105回全国高等学校野球選手権記念大会 東東京大会,硬式野球,,,二回戦進出,一般財団法人 東京都高等学校野球連盟 試合結果,硬式野球部,0
406260,小岩,令和6年度,第106回全国高等学校野球選手権大会 東東京大会,硬式野球,,,一回戦出場,一般財団法人 東京都高等学校野球連盟 試合結果,硬式野球部,0
406260,小岩,令和7年度,第107回全国高等学校野球選手権大会 東東京大会,硬式野球,,,一回戦出場,一般財団法人 東京都高等学校野球連盟 試合結果,硬式野球部,0
406260,小岩,令和8年度,第108回全国高等学校野球選手権大会 東東京大会,硬式野球,,,二回戦進出,一般財団法人 東京都高等学校野球連盟 試合結果,硬式野球部,0
407250,小川,令和4年度,2022(令和4年) 秋季東京都高等学校野球大会,硬式野球,,,一回戦出場,一般財団法人 東京都高等学校野球連盟 試合結果,硬式野球部,0
407250,小川,令和4年度,2022(令和4年)年度 秋季東京都高等学校野球大会 一次予選,硬式野球,,,二回戦進出,一般財団法人 東京都高等学校野球連盟 試合結果,硬式野球部,0
407250,小川,令和5年度,2023(令和5年) 春季東京都高等学校野球大会 (兼関東地区高等学校野球大会出場校決定戦),硬式野球,,,一回戦出場,一般財団法人 東京都高等学校野球連盟 試合結果,硬式野球部,0
407250,小川,令和5年度,2023(令和5年) 秋季東京都高等学校野球大会 一次予選,硬式野球,,,二回戦進出,一般財団法人 東京都高等学校野球連盟 試合結果,硬式野球部,0
407250,小川,令和6年度,2024(令和6年) 春季東京都高等学校野球大会 (兼関東地区高等学校野球大会出場校決定戦),硬式野球,,,二回戦進出,一般財団法人 東京都高等学校野球連盟 試合結果,硬式野球部,0
407250,小川,令和5年度,2024(令和6年) 春季東京都高等学校野球大会 一次予選,硬式野球,,,二回戦進出,一般財団法人 東京都高等学校野球連盟 試合結果,硬式野球部,0
407250,小川,令和6年度,2024(令和6年) 秋季東京都高等学校野球大会 一次予選,硬式野球,,,二回戦進出,一般財団法人 東京都高等学校野球連盟 試合結果,硬式野球部,0
407250,小川,令和6年度,2025(令和7年) 春季東京都高等学校野球大会 一次予選,硬式野球,,,一回戦出場,一般財団法人 東京都高等学校野球連盟 試合結果,硬式野球部,0
407250,小川,令和7年度,2025(令和7年) 秋季東京都高等学校野球大会 一次予選,硬式野球,,,二回戦進出,一般財団法人 東京都高等学校野球連盟 試合結果,硬式野球部,0
407250,小川,令和8年度,2026(令和8年) 春季東京都高等学校野球大会 (兼関東地区高等学校野球大会出場校決定戦),硬式野球,,,一回戦出場,一般財団法人 東京都高等学校野球連盟 試合結果,硬式野球部,0
407250,小川,令和7年度,2026(令和8年) 春季東京都高等学校野球大会 一次予選,硬式野球,,,二回戦進出,一般財団法人 東京都高等学校野球連盟 試合結果,硬式野球部,0
409210,小平,令和4年度,2022(令和4年) 秋季東京都高等学校野球大会,硬式野球,,,一回戦出場,一般財団法人 東京都高等学校野球連盟 試合結果,硬式野球部,0
409210,小平,令和4年度,2022(令和4年)年度 秋季東京都高等学校野球大会 一次予選,硬式野球,,,二回戦進出,一般財団法人 東京都高等学校野球連盟 試合結果,硬式野球部,0
409210,小平,令和5年度,2023(令和5年) 春季東京都高等学校野球大会 (兼関東地区高等学校野球大会出場校決定戦),硬式野球,,,二回戦進出,一般財団法人 東京都高等学校野球連盟 試合結果,硬式野球部,0
409210,小平,令和5年度,2023(令和5年) 秋季東京都高等学校野球大会 一次予選,硬式野球,,,二回戦進出,一般財団法人 東京都高等学校野球連盟 試合結果,硬式野球部,0
409210,小平,令和5年度,2024(令和6年) 春季東京都高等学校野球大会 一次予選,硬式野球,,,一回戦出場,一般財団法人 東京都高等学校野球連盟 試合結果,硬式野球部,0
409210,小平,令和6年度,2024(令和6年) 秋季東京都高等学校野球大会 一次予選,硬式野球,,,一回戦出場,一般財団法人 東京都高等学校野球連盟 試合結果,硬式野球部,0
409210,小平,令和6年度,2025(令和7年) 春季東京都高等学校野球大会 一次予選,硬式野球,,,一回戦出場,一般財団法人 東京都高等学校野球連盟 試合結果,硬式野球部,0
409210,小平,令和7年度,2025(令和7年) 秋季東京都高等学校野球大会 一次予選,硬式野球,,,一回戦出場,一般財団法人 東京都高等学校野球連盟 試合結果,硬式野球部,0
409210,小平,令和7年度,2026(令和8年) 春季東京都高等学校野球大会 一次予選,硬式野球,,,一回戦出場,一般財団法人 東京都高等学校野球連盟 試合結果,硬式野球部,0
409270,小平南,令和4年度,2022(令和4年)年度 秋季東京都高等学校野球大会 一次予選,硬式野球,,,二回戦進出,一般財団法人 東京都高等学校野球連盟 試合結果,硬式野球部,0
409270,小平南,令和4年度,2023(令和5年) 春季東京都高等学校野球大会 一次予選,硬式野球,,,二回戦進出,一般財団法人 東京都高等学校野球連盟 試合結果,硬式野球部,0
409270,小平南,令和5年度,2023(令和5年) 秋季東京都高等学校野球大会,硬式野球,,,二回戦進出,一般財団法人 東京都高等学校野球連盟 試合結果,硬式野球部,0
409270,小平南,令和5年度,2023(令和5年) 秋季東京都高等学校野球大会 一次予選,硬式野球,,,二回戦進出,一般財団法人 東京都高等学校野球連盟 試合結果,硬式野球部,0
409270,小平南,令和6年度,2024(令和6年) 春季東京都高等学校野球大会 (兼関東地区高等学校野球大会出場校決定戦),硬式野球,,,一回戦出場,一般財団法人 東京都高等学校野球連盟 試合結果,硬式野球部,0
409270,小平南,令和6年度,2024(令和6年) 秋季東京都高等学校野球大会,硬式野球,,,二回戦進出,一般財団法人 東京都高等学校野球連盟 試合結果,硬式野球部,0
409270,小平南,令和6年度,2024(令和6年) 秋季東京都高等学校野球大会 一次予選,硬式野球,,,二回戦進出,一般財団法人 東京都高等学校野球連盟 試合結果,硬式野球部,0
409270,小平南,令和7年度,2025(令和7年) 春季東京都高等学校野球大会 (兼関東地区高等学校野球大会出場校決定戦),硬式野球,,,一回戦出場,一般財団法人 東京都高等学校野球連盟 試合結果,硬式野球部,0
409270,小平南,令和7年度,2025(令和7年) 秋季東京都高等学校野球大会 一次予選,硬式野球,,,一回戦出場,一般財団法人 東京都高等学校野球連盟 試合結果,硬式野球部,0
409270,小平南,令和7年度,2026(令和8年) 春季東京都高等学校野球大会 一次予選,硬式野球,,,二回戦進出,一般財団法人 東京都高等学校野球連盟 試合結果,硬式野球部,0
409220,小平西,令和4年度,2023(令和5年) 春季東京都高等学校野球大会 一次予選,硬式野球,,,一回戦出場,一般財団法人 東京都高等学校野球連盟 試合結果,硬式野球部,0
409220,小平西,令和5年度,2023(令和5年) 秋季東京都高等学校野球大会 一次予選,硬式野球,,,一回戦出場,一般財団法人 東京都高等学校野球連盟 試合結果,硬式野球部,0
409220,小平西,令和5年度,2024(令和6年) 春季東京都高等学校野球大会 一次予選,硬式野球,,,一回戦出場,一般財団法人 東京都高等学校野球連盟 試合結果,硬式野球部,0
409220,小平西,令和6年度,2024(令和6年) 秋季東京都高等学校野球大会 一次予選,硬式野球,,,二回戦進出,一般財団法人 東京都高等学校野球連盟 試合結果,硬式野球部,0
409220,小平西,令和6年度,2025(令和7年) 春季東京都高等学校野球大会 一次予選,硬式野球,,,二回戦進出,一般財団法人 東京都高等学校野球連盟 試合結果,硬式野球部,0
409220,小平西,令和7年度,2025(令和7年) 秋季東京都高等学校野球大会 一次予選,硬式野球,,,一回戦出場,一般財団法人 東京都高等学校野球連盟 試合結果,硬式野球部,0
409220,小平西,令和7年度,2026(令和8年) 春季東京都高等学校野球大会 一次予選,硬式野球,,,一回戦出場,一般財団法人 東京都高等学校野球連盟 試合結果,硬式野球部,0
406240,小松川,令和4年度,2022(令和4年)年度 秋季東京都高等学校野球大会 一次予選,硬式野球,,,二回戦進出,一般財団法人 東京都高等学校野球連盟 試合結果,硬式野球部,0
406240,小松川,令和4年度,2023(令和5年) 春季東京都高等学校野球大会 一次予選,硬式野球,,,一回戦出場,一般財団法人 東京都高等学校野球連盟 試合結果,硬式野球部,0
406240,小松川,令和5年度,2023(令和5年) 秋季東京都高等学校野球大会 一次予選,硬式野球,,,一回戦出場,一般財団法人 東京都高等学校野球連盟 試合結果,硬式野球部,0
406240,小松川,令和6年度,2024(令和6年) 春季東京都高等学校野球大会 (兼関東地区高等学校野球大会出場校決定戦),硬式野球,,,一回戦出場,一般財団法人 東京都高等学校野球連盟 試合結果,硬式野球部,0
406240,小松川,令和5年度,2024(令和6年) 春季東京都高等学校野球大会 一次予選,硬式野球,,,二回戦進出,一般財団法人 東京都高等学校野球連盟 試合結果,硬式野球部,0
406240,小松川,令和6年度,2024(令和6年) 秋季東京都高等学校野球大会 一次予選,硬式野球,,,二回戦進出,一般財団法人 東京都高等学校野球連盟 試合結果,硬式野球部,0
406240,小松川,令和7年度,2025(令和7年) 秋季東京都高等学校野球大会 一次予選,硬式野球,,,二回戦進出,一般財団法人 東京都高等学校野球連盟 試合結果,硬式野球部,0
406240,小松川,令和7年度,2026(令和8年) 春季東京都高等学校野球大会 一次予選,硬式野球,,,二回戦進出,一般財団法人 東京都高等学校野球連盟 試合結果,硬式野球部,0
406240,小松川,令和5年度,第105回全国高等学校野球選手権記念大会 東東京大会,硬式野球,,,四回戦進出,一般財団法人 東京都高等学校野球連盟 試合結果,硬式野球部,0
406240,小松川,令和6年度,第106回全国高等学校野球選手権大会 東東京大会,硬式野球,,,二回戦進出,一般財団法人 東京都高等学校野球連盟 試合結果,硬式野球部,0
406240,小松川,令和7年度,第107回全国高等学校野球選手権大会 東東京大会,硬式野球,,,二回戦進出,一般財団法人 東京都高等学校野球連盟 試合結果,硬式野球部,0
406240,小松川,令和8年度,第108回全国高等学校野球選手権大会 東東京大会,硬式野球,,,三回戦進出,一般財団法人 東京都高等学校野球連盟 試合結果,硬式野球部,0
407260,山崎,令和4年度,2022(令和4年)年度 秋季東京都高等学校野球大会 一次予選,硬式野球,,,二回戦進出,一般財団法人 東京都高等学校野球連盟 試合結果,,0
407260,山崎,令和4年度,2023(令和5年) 春季東京都高等学校野球大会 一次予選,硬式野球,,,一回戦出場,一般財団法人 東京都高等学校野球連盟 試合結果,,0
402080,広尾,令和4年度,2022(令和4年)年度 秋季東京都高等学校野球大会 一次予選,硬式野球,,,二回戦進出,一般財団法人 東京都高等学校野球連盟 試合結果,野 球,0
402080,広尾,令和4年度,2023(令和5年) 春季東京都高等学校野球大会 一次予選,硬式野球,,,一回戦出場,一般財団法人 東京都高等学校野球連盟 試合結果,野 球,0
402080,広尾,令和5年度,2023(令和5年) 秋季東京都高等学校野球大会 一次予選,硬式野球,,,一回戦出場,一般財団法人 東京都高等学校野球連盟 試合結果,野 球,0
402080,広尾,令和5年度,2024(令和6年) 春季東京都高等学校野球大会 一次予選,硬式野球,,,一回戦出場,一般財団法人 東京都高等学校野球連盟 試合結果,野 球,0
402080,広尾,令和6年度,2024(令和6年) 秋季東京都高等学校野球大会 一次予選,硬式野球,,,一回戦出場,一般財団法人 東京都高等学校野球連盟 試合結果,野 球,0
402080,広尾,令和7年度,2025(令和7年) 春季東京都高等学校野球大会 (兼関東地区高等学校野球大会出場校決定戦),硬式野球,,,二回戦進出,一般財団法人 東京都高等学校野球連盟 試合結果,野 球,0
402080,広尾,令和6年度,2025(令和7年) 春季東京都高等学校野球大会 一次予選,硬式野球,,,二回戦進出,一般財団法人 東京都高等学校野球連盟 試合結果,野 球,0
402080,広尾,令和7年度,2025(令和7年) 秋季東京都高等学校野球大会,硬式野球,,,三回戦進出,一般財団法人 東京都高等学校野球連盟 試合結果,野 球,0
402080,広尾,令和7年度,2025(令和7年) 秋季東京都高等学校野球大会 一次予選,硬式野球,,,二回戦進出,一般財団法人 東京都高等学校野球連盟 試合結果,野 球,0
402080,広尾,令和8年度,2026(令和8年) 春季東京都高等学校野球大会 (兼関東地区高等学校野球大会出場校決定戦),硬式野球,,,二回戦進出,一般財団法人 東京都高等学校野球連盟 試合結果,野 球,0
402080,広尾,令和5年度,第105回全国高等学校野球選手権記念大会 東東京大会,硬式野球,,,三回戦進出,一般財団法人 東京都高等学校野球連盟 試合結果,野 球,0
402080,広尾,令和6年度,第106回全国高等学校野球選手権大会 東東京大会,硬式野球,,,三回戦進出,一般財団法人 東京都高等学校野球連盟 試合結果,野 球,0
402080,広尾,令和7年度,第107回全国高等学校野球選手権大会 東東京大会,硬式野球,,,四回戦進出,一般財団法人 東京都高等学校野球連盟 試合結果,野 球,0
402080,広尾,令和8年度,第108回全国高等学校野球選手権大会 東東京大会,硬式野球,,,二回戦進出,一般財団法人 東京都高等学校野球連盟 試合結果,野 球,0
410210,府中,令和4年度,2022(令和4年)年度 秋季東京都高等学校野球大会 一次予選,硬式野球,,,一回戦出場,一般財団法人 東京都高等学校野球連盟 試合結果,硬式野球部,0
410210,府中,令和4年度,2023(令和5年) 春季東京都高等学校野球大会 一次予選,硬式野球,,,一回戦出場,一般財団法人 東京都高等学校野球連盟 試合結果,硬式野球部,0
410210,府中,令和5年度,2023(令和5年) 秋季東京都高等学校野球大会 一次予選,硬式野球,,,二回戦進出,一般財団法人 東京都高等学校野球連盟 試合結果,硬式野球部,0
410210,府中,令和5年度,2024(令和6年) 春季東京都高等学校野球大会 一次予選,硬式野球,,,二回戦進出,一般財団法人 東京都高等学校野球連盟 試合結果,硬式野球部,0
410210,府中,令和7年度,2025(令和7年) 秋季東京都高等学校野球大会 一次予選,硬式野球,,,一回戦出場,一般財団法人 東京都高等学校野球連盟 試合結果,硬式野球部,0
410210,府中,令和7年度,2026(令和8年) 春季東京都高等学校野球大会 一次予選,硬式野球,,,二回戦進出,一般財団法人 東京都高等学校野球連盟 試合結果,硬式野球部,0
410710,府中工科,令和5年度,2023(令和5年) 秋季東京都高等学校野球大会,硬式野球,,,一回戦出場,一般財団法人 東京都高等学校野球連盟 試合結果,硬式野球部,0
410710,府中工科,令和5年度,2023(令和5年) 秋季東京都高等学校野球大会 一次予選,硬式野球,,,二回戦進出,一般財団法人 東京都高等学校野球連盟 試合結果,硬式野球部,0
410710,府中工科,令和6年度,2024(令和6年) 春季東京都高等学校野球大会 (兼関東地区高等学校野球大会出場校決定戦),硬式野球,,,二回戦進出,一般財団法人 東京都高等学校野球連盟 試合結果,硬式野球部,0
410710,府中工科,令和6年度,2024(令和6年) 秋季東京都高等学校野球大会,硬式野球,,,一回戦出場,一般財団法人 東京都高等学校野球連盟 試合結果,硬式野球部,0
410710,府中工科,令和6年度,2024(令和6年) 秋季東京都高等学校野球大会 一次予選,硬式野球,,,二回戦進出,一般財団法人 東京都高等学校野球連盟 試合結果,硬式野球部,0
410710,府中工科,令和7年度,2025(令和7年) 春季東京都高等学校野球大会 (兼関東地区高等学校野球大会出場校決定戦),硬式野球,,,二回戦進出,一般財団法人 東京都高等学校野球連盟 試合結果,硬式野球部,0
410710,府中工科,令和7年度,2025(令和7年) 秋季東京都高等学校野球大会,硬式野球,,,二回戦進出,一般財団法人 東京都高等学校野球連盟 試合結果,硬式野球部,0
410710,府中工科,令和7年度,2025(令和7年) 秋季東京都高等学校野球大会 一次予選,硬式野球,,,二回戦進出,一般財団法人 東京都高等学校野球連盟 試合結果,硬式野球部,0
410710,府中工科,令和8年度,2026(令和8年) 春季東京都高等学校野球大会 (兼関東地区高等学校野球大会出場校決定戦),硬式野球,,,一回戦出場,一般財団法人 東京都高等学校野球連盟 試合結果,硬式野球部,0
410220,府中東,令和4年度,2022(令和4年)年度 秋季東京都高等学校野球大会 一次予選,硬式野球,,,一回戦出場,一般財団法人 東京都高等学校野球連盟 試合結果,硬式野球部,0
410220,府中東,令和5年度,2023(令和5年) 春季東京都高等学校野球大会 (兼関東地区高等学校野球大会出場校決定戦),硬式野球,,,一回戦出場,一般財団法人 東京都高等学校野球連盟 試合結果,硬式野球部,0
410220,府中東,令和5年度,2023(令和5年) 秋季東京都高等学校野球大会 一次予選,硬式野球,,,二回戦進出,一般財団法人 東京都高等学校野球連盟 試合結果,硬式野球部,0
410220,府中東,令和5年度,2024(令和6年) 春季東京都高等学校野球大会 一次予選,硬式野球,,,一回戦出場,一般財団法人 東京都高等学校野球連盟 試合結果,硬式野球部,0
410220,府中東,令和6年度,2024(令和6年) 秋季東京都高等学校野球大会,硬式野球,,,一回戦出場,一般財団法人 東京都高等学校野球連盟 試合結果,硬式野球部,0
410220,府中東,令和6年度,2024(令和6年) 秋季東京都高等学校野球大会 一次予選,硬式野球,,,二回戦進出,一般財団法人 東京都高等学校野球連盟 試合結果,硬式野球部,0
410220,府中東,令和7年度,2025(令和7年) 春季東京都高等学校野球大会 (兼関東地区高等学校野球大会出場校決定戦),硬式野球,,,四回戦進出,一般財団法人 東京都高等学校野球連盟 試合結果,硬式野球部,0
410220,府中東,令和7年度,2025(令和7年) 秋季東京都高等学校野球大会 一次予選,硬式野球,,,二回戦進出,一般財団法人 東京都高等学校野球連盟 試合結果,硬式野球部,0
410220,府中東,令和8年度,2026(令和8年) 春季東京都高等学校野球大会 (兼関東地区高等学校野球大会出場校決定戦),硬式野球,,,一回戦出場,一般財団法人 東京都高等学校野球連盟 試合結果,硬式野球部,0
410220,府中東,令和7年度,2026(令和8年) 春季東京都高等学校野球大会 一次予選,硬式野球,,,二回戦進出,一般財団法人 東京都高等学校野球連盟 試合結果,硬式野球部,0
410230,府中西,令和4年度,2022(令和4年)年度 秋季東京都高等学校野球大会 一次予選,硬式野球,,,一回戦出場,一般財団法人 東京都高等学校野球連盟 試合結果,硬式野球部,0
410230,府中西,令和4年度,2023(令和5年) 春季東京都高等学校野球大会 一次予選,硬式野球,,,一回戦出場,一般財団法人 東京都高等学校野球連盟 試合結果,硬式野球部,0
410230,府中西,令和5年度,2023(令和5年) 秋季東京都高等学校野球大会 一次予選,硬式野球,,,一回戦出場,一般財団法人 東京都高等学校野球連盟 試合結果,硬式野球部,0
410230,府中西,令和6年度,2024(令和6年) 秋季東京都高等学校野球大会,硬式野球,,,一回戦出場,一般財団法人 東京都高等学校野球連盟 試合結果,硬式野球部,0
410230,府中西,令和6年度,2024(令和6年) 秋季東京都高等学校野球大会 一次予選,硬式野球,,,二回戦進出,一般財団法人 東京都高等学校野球連盟 試合結果,硬式野球部,0
410230,府中西,令和7年度,2025(令和7年) 春季東京都高等学校野球大会 (兼関東地区高等学校野球大会出場校決定戦),硬式野球,,,一回戦出場,一般財団法人 東京都高等学校野球連盟 試合結果,硬式野球部,0
410230,府中西,令和7年度,2025(令和7年) 秋季東京都高等学校野球大会 一次予選,硬式野球,,,二回戦進出,一般財団法人 東京都高等学校野球連盟 試合結果,硬式野球部,0
407240,成瀬,令和4年度,2022(令和4年)年度 秋季東京都高等学校野球大会 一次予選,硬式野球,,,一回戦出場,一般財団法人 東京都高等学校野球連盟 試合結果,硬式野球部,0
407240,成瀬,令和4年度,2023(令和5年) 春季東京都高等学校野球大会 一次予選,硬式野球,,,二回戦進出,一般財団法人 東京都高等学校野球連盟 試合結果,硬式野球部,0
407240,成瀬,令和5年度,2023(令和5年) 秋季東京都高等学校野球大会 一次予選,硬式野球,,,一回戦出場,一般財団法人 東京都高等学校野球連盟 試合結果,硬式野球部,0
407240,成瀬,令和6年度,2024(令和6年) 秋季東京都高等学校野球大会 一次予選,硬式野球,,,一回戦出場,一般財団法人 東京都高等学校野球連盟 試合結果,硬式野球部,0
407240,成瀬,令和7年度,2025(令和7年) 春季東京都高等学校野球大会 (兼関東地区高等学校野球大会出場校決定戦),硬式野球,,,二回戦進出,一般財団法人 東京都高等学校野球連盟 試合結果,硬式野球部,0
407240,成瀬,令和6年度,2025(令和7年) 春季東京都高等学校野球大会 一次予選,硬式野球,,,二回戦進出,一般財団法人 東京都高等学校野球連盟 試合結果,硬式野球部,0
407240,成瀬,令和7年度,2025(令和7年) 秋季東京都高等学校野球大会 一次予選,硬式野球,,,二回戦進出,一般財団法人 東京都高等学校野球連盟 試合結果,硬式野球部,0
407240,成瀬,令和8年度,2026(令和8年) 春季東京都高等学校野球大会 (兼関東地区高等学校野球大会出場校決定戦),硬式野球,,,一回戦出場,一般財団法人 東京都高等学校野球連盟 試合結果,硬式野球部,0
407240,成瀬,令和7年度,2026(令和8年) 春季東京都高等学校野球大会 一次予選,硬式野球,,,二回戦進出,一般財団法人 東京都高等学校野球連盟 試合結果,硬式野球部,0
402010,戸山,令和4年度,2022(令和4年)年度 秋季東京都高等学校野球大会 一次予選,硬式野球,,,一回戦出場,一般財団法人 東京都高等学校野球連盟 試合結果,硬式野球部,0
402010,戸山,令和5年度,2023(令和5年) 秋季東京都高等学校野球大会 一次予選,硬式野球,,,一回戦出場,一般財団法人 東京都高等学校野球連盟 試合結果,硬式野球部,0
402010,戸山,令和6年度,2024(令和6年) 秋季東京都高等学校野球大会 一次予選,硬式野球,,,一回戦出場,一般財団法人 東京都高等学校野球連盟 試合結果,硬式野球部,0
402010,戸山,令和6年度,2025(令和7年) 春季東京都高等学校野球大会 一次予選,硬式野球,,,二回戦進出,一般財団法人 東京都高等学校野球連盟 試合結果,硬式野球部,0
402010,戸山,令和7年度,2025(令和7年) 秋季東京都高等学校野球大会 一次予選,硬式野球,,,一回戦出場,一般財団法人 東京都高等学校野球連盟 試合結果,硬式野球部,0
402010,戸山,令和7年度,2026(令和8年) 春季東京都高等学校野球大会 一次予選,硬式野球,,,二回戦進出,一般財団法人 東京都高等学校野球連盟 試合結果,硬式野球部,0
402010,戸山,令和5年度,第105回全国高等学校野球選手権記念大会 東東京大会,硬式野球,,,二回戦進出,一般財団法人 東京都高等学校野球連盟 試合結果,硬式野球部,0
402010,戸山,令和6年度,第106回全国高等学校野球選手権大会 東東京大会,硬式野球,,,二回戦進出,一般財団法人 東京都高等学校野球連盟 試合結果,硬式野球部,0
402010,戸山,令和7年度,第107回全国高等学校野球選手権大会 東東京大会,硬式野球,,,二回戦進出,一般財団法人 東京都高等学校野球連盟 試合結果,硬式野球部,0
402010,戸山,令和8年度,第108回全国高等学校野球選手権大会 東東京大会,硬式野球,,,二回戦進出,一般財団法人 東京都高等学校野球連盟 試合結果,硬式野球部,0
408050,拝島,令和4年度,2022(令和4年)年度 秋季東京都高等学校野球大会 一次予選,硬式野球,,,一回戦出場,一般財団法人 東京都高等学校野球連盟 試合結果,硬式野球部,0
408050,拝島,令和4年度,2023(令和5年) 春季東京都高等学校野球大会 一次予選,硬式野球,,,一回戦出場,一般財団法人 東京都高等学校野球連盟 試合結果,硬式野球部,0
408050,拝島,令和5年度,2023(令和5年) 秋季東京都高等学校野球大会 一次予選,硬式野球,,,一回戦出場,一般財団法人 東京都高等学校野球連盟 試合結果,硬式野球部,0
408050,拝島,令和5年度,2024(令和6年) 春季東京都高等学校野球大会 一次予選,硬式野球,,,二回戦進出,一般財団法人 東京都高等学校野球連盟 試合結果,硬式野球部,0
408050,拝島,令和6年度,2024(令和6年) 秋季東京都高等学校野球大会 一次予選,硬式野球,,,一回戦出場,一般財団法人 東京都高等学校野球連盟 試合結果,硬式野球部,0
408050,拝島,令和6年度,2025(令和7年) 春季東京都高等学校野球大会 一次予選,硬式野球,,,一回戦出場,一般財団法人 東京都高等学校野球連盟 試合結果,硬式野球部,0
408050,拝島,令和8年度,2026(令和8年) 春季東京都高等学校野球大会 (兼関東地区高等学校野球大会出場校決定戦),硬式野球,,,一回戦出場,一般財団法人 東京都高等学校野球連盟 試合結果,硬式野球部,0
408050,拝島,令和7年度,2026(令和8年) 春季東京都高等学校野球大会 一次予選,硬式野球,,,二回戦進出,一般財団法人 東京都高等学校野球連盟 試合結果,硬式野球部,0
404050,文京,令和4年度,2022(令和4年)年度 秋季東京都高等学校野球大会 一次予選,硬式野球,,,一回戦出場,一般財団法人 東京都高等学校野球連盟 試合結果,硬式野球,0
404050,文京,令和5年度,2023(令和5年) 春季東京都高等学校野球大会 (兼関東地区高等学校野球大会出場校決定戦),硬式野球,,,三回戦進出,一般財団法人 東京都高等学校野球連盟 試合結果,硬式野球,0
404050,文京,令和4年度,2023(令和5年) 春季東京都高等学校野球大会 一次予選,硬式野球,,,二回戦進出,一般財団法人 東京都高等学校野球連盟 試合結果,硬式野球,0
404050,文京,令和5年度,2023(令和5年) 秋季東京都高等学校野球大会,硬式野球,,,二回戦進出,一般財団法人 東京都高等学校野球連盟 試合結果,硬式野球,0
404050,文京,令和5年度,2023(令和5年) 秋季東京都高等学校野球大会 一次予選,硬式野球,,,二回戦進出,一般財団法人 東京都高等学校野球連盟 試合結果,硬式野球,0
404050,文京,令和6年度,2024(令和6年) 春季東京都高等学校野球大会 (兼関東地区高等学校野球大会出場校決定戦),硬式野球,,,二回戦進出,一般財団法人 東京都高等学校野球連盟 試合結果,硬式野球,0
404050,文京,令和6年度,2024(令和6年) 秋季東京都高等学校野球大会 一次予選,硬式野球,,,二回戦進出,一般財団法人 東京都高等学校野球連盟 試合結果,硬式野球,0
404050,文京,令和7年度,2025(令和7年) 春季東京都高等学校野球大会 (兼関東地区高等学校野球大会出場校決定戦),硬式野球,,,三回戦進出,一般財団法人 東京都高等学校野球連盟 試合結果,硬式野球,0
404050,文京,令和6年度,2025(令和7年) 春季東京都高等学校野球大会 一次予選,硬式野球,,,二回戦進出,一般財団法人 東京都高等学校野球連盟 試合結果,硬式野球,0
404050,文京,令和7年度,2025(令和7年) 秋季東京都高等学校野球大会,硬式野球,,,一回戦出場,一般財団法人 東京都高等学校野球連盟 試合結果,硬式野球,0
404050,文京,令和7年度,2025(令和7年) 秋季東京都高等学校野球大会 一次予選,硬式野球,,,二回戦進出,一般財団法人 東京都高等学校野球連盟 試合結果,硬式野球,0
404050,文京,令和8年度,2026(令和8年) 春季東京都高等学校野球大会 (兼関東地区高等学校野球大会出場校決定戦),硬式野球,,,三回戦進出,一般財団法人 東京都高等学校野球連盟 試合結果,硬式野球,0
404050,文京,令和5年度,第105回全国高等学校野球選手権記念大会 東東京大会,硬式野球,,,ベスト8,一般財団法人 東京都高等学校野球連盟 試合結果,硬式野球,0
404050,文京,令和6年度,第106回全国高等学校野球選手権大会 東東京大会,硬式野球,,,一回戦出場,一般財団法人 東京都高等学校野球連盟 試合結果,硬式野球,0
404050,文京,令和7年度,第107回全国高等学校野球選手権大会 東東京大会,硬式野球,,,五回戦進出,一般財団法人 東京都高等学校野球連盟 試合結果,硬式野球,0
404050,文京,令和8年度,第108回全国高等学校野球選手権大会 東東京大会,硬式野球,,,二回戦進出,一般財団法人 東京都高等学校野球連盟 試合結果,硬式野球,0
402060,新宿,令和4年度,2022(令和4年)年度 秋季東京都高等学校野球大会 一次予選,硬式野球,,,一回戦出場,一般財団法人 東京都高等学校野球連盟 試合結果,硬式野球部,0
402060,新宿,令和4年度,2023(令和5年) 春季東京都高等学校野球大会 一次予選,硬式野球,,,一回戦出場,一般財団法人 東京都高等学校野球連盟 試合結果,硬式野球部,0
402060,新宿,令和5年度,2023(令和5年) 秋季東京都高等学校野球大会 一次予選,硬式野球,,,一回戦出場,一般財団法人 東京都高等学校野球連盟 試合結果,硬式野球部,0
402060,新宿,令和6年度,2024(令和6年) 春季東京都高等学校野球大会 (兼関東地区高等学校野球大会出場校決定戦),硬式野球,,,二回戦進出,一般財団法人 東京都高等学校野球連盟 試合結果,硬式野球部,0
402060,新宿,令和5年度,2024(令和6年) 春季東京都高等学校野球大会 一次予選,硬式野球,,,二回戦進出,一般財団法人 東京都高等学校野球連盟 試合結果,硬式野球部,0
402060,新宿,令和6年度,2024(令和6年) 秋季東京都高等学校野球大会,硬式野球,,,一回戦出場,一般財団法人 東京都高等学校野球連盟 試合結果,硬式野球部,0
402060,新宿,令和6年度,2024(令和6年) 秋季東京都高等学校野球大会 一次予選,硬式野球,,,二回戦進出,一般財団法人 東京都高等学校野球連盟 試合結果,硬式野球部,0
402060,新宿,令和7年度,2025(令和7年) 春季東京都高等学校野球大会 (兼関東地区高等学校野球大会出場校決定戦),硬式野球,,,二回戦進出,一般財団法人 東京都高等学校野球連盟 試合結果,硬式野球部,0
402060,新宿,令和7年度,2025(令和7年) 秋季東京都高等学校野球大会 一次予選,硬式野球,,,一回戦出場,一般財団法人 東京都高等学校野球連盟 試合結果,硬式野球部,0
402060,新宿,令和8年度,2026(令和8年) 春季東京都高等学校野球大会 (兼関東地区高等学校野球大会出場校決定戦),硬式野球,,,一回戦出場,一般財団法人 東京都高等学校野球連盟 試合結果,硬式野球部,0
402060,新宿,令和7年度,2026(令和8年) 春季東京都高等学校野球大会 一次予選,硬式野球,,,二回戦進出,一般財団法人 東京都高等学校野球連盟 試合結果,硬式野球部,0
402060,新宿,令和5年度,第105回全国高等学校野球選手権記念大会 東東京大会,硬式野球,,,四回戦進出,一般財団法人 東京都高等学校野球連盟 試合結果,硬式野球部,0
402060,新宿,令和6年度,第106回全国高等学校野球選手権大会 東東京大会,硬式野球,,,三回戦進出,一般財団法人 東京都高等学校野球連盟 試合結果,硬式野球部,0
402060,新宿,令和7年度,第107回全国高等学校野球選手権大会 東東京大会,硬式野球,,,三回戦進出,一般財団法人 東京都高等学校野球連盟 試合結果,硬式野球部,0
402060,新宿,令和8年度,第108回全国高等学校野球選手権大会 東東京大会,硬式野球,,,二回戦進出,一般財団法人 東京都高等学校野球連盟 試合結果,硬式野球部,0
406070,日本橋,令和4年度,2022(令和4年)年度 秋季東京都高等学校野球大会 一次予選,硬式野球,,,一回戦出場,一般財団法人 東京都高等学校野球連盟 試合結果,野球部,0
406070,日本橋,令和4年度,2023(令和5年) 春季東京都高等学校野球大会 一次予選,硬式野球,,,一回戦出場,一般財団法人 東京都高等学校野球連盟 試合結果,野球部,0
406070,日本橋,令和5年度,2023(令和5年) 秋季東京都高等学校野球大会 一次予選,硬式野球,,,一回戦出場,一般財団法人 東京都高等学校野球連盟 試合結果,野球部,0
406070,日本橋,令和6年度,2024(令和6年) 秋季東京都高等学校野球大会 一次予選,硬式野球,,,二回戦進出,一般財団法人 東京都高等学校野球連盟 試合結果,野球部,0
406070,日本橋,令和6年度,2025(令和7年) 春季東京都高等学校野球大会 一次予選,硬式野球,,,一回戦出場,一般財団法人 東京都高等学校野球連盟 試合結果,野球部,0
406070,日本橋,令和7年度,2025(令和7年) 秋季東京都高等学校野球大会 一次予選,硬式野球,,,一回戦出場,一般財団法人 東京都高等学校野球連盟 試合結果,野球部,0
406070,日本橋,令和7年度,2026(令和8年) 春季東京都高等学校野球大会 一次予選,硬式野球,,,一回戦出場,一般財団法人 東京都高等学校野球連盟 試合結果,野球部,0
406070,日本橋,令和5年度,第105回全国高等学校野球選手権記念大会 東東京大会,硬式野球,,,二回戦進出,一般財団法人 東京都高等学校野球連盟 試合結果,野球部,0
406070,日本橋,令和6年度,第106回全国高等学校野球選手権大会 東東京大会,硬式野球,,,二回戦進出,一般財団法人 東京都高等学校野球連盟 試合結果,野球部,0
406070,日本橋,令和7年度,第107回全国高等学校野球選手権大会 東東京大会,硬式野球,,,二回戦進出,一般財団法人 東京都高等学校野球連盟 試合結果,野球部,0
406070,日本橋,令和8年度,第108回全国高等学校野球選手権大会 東東京大会,硬式野球,,,二回戦進出,一般財団法人 東京都高等学校野球連盟 試合結果,野球部,0
401020,日比谷,令和4年度,2022(令和4年) 秋季東京都高等学校野球大会,硬式野球,,,一回戦出場,一般財団法人 東京都高等学校野球連盟 試合結果,硬式野球部,0
401020,日比谷,令和4年度,2022(令和4年)年度 秋季東京都高等学校野球大会 一次予選,硬式野球,,,二回戦進出,一般財団法人 東京都高等学校野球連盟 試合結果,硬式野球部,0
401020,日比谷,令和5年度,2023(令和5年) 春季東京都高等学校野球大会 (兼関東地区高等学校野球大会出場校決定戦),硬式野球,,,二回戦進出,一般財団法人 東京都高等学校野球連盟 試合結果,硬式野球部,0
401020,日比谷,令和5年度,2023(令和5年) 秋季東京都高等学校野球大会,硬式野球,,,一回戦出場,一般財団法人 東京都高等学校野球連盟 試合結果,硬式野球部,0
401020,日比谷,令和5年度,2023(令和5年) 秋季東京都高等学校野球大会 一次予選,硬式野球,,,二回戦進出,一般財団法人 東京都高等学校野球連盟 試合結果,硬式野球部,0
401020,日比谷,令和6年度,2024(令和6年) 春季東京都高等学校野球大会 (兼関東地区高等学校野球大会出場校決定戦),硬式野球,,,一回戦出場,一般財団法人 東京都高等学校野球連盟 試合結果,硬式野球部,0
401020,日比谷,令和6年度,2024(令和6年) 秋季東京都高等学校野球大会 一次予選,硬式野球,,,一回戦出場,一般財団法人 東京都高等学校野球連盟 試合結果,硬式野球部,0
401020,日比谷,令和6年度,2025(令和7年) 春季東京都高等学校野球大会 一次予選,硬式野球,,,一回戦出場,一般財団法人 東京都高等学校野球連盟 試合結果,硬式野球部,0
401020,日比谷,令和7年度,2025(令和7年) 秋季東京都高等学校野球大会 一次予選,硬式野球,,,一回戦出場,一般財団法人 東京都高等学校野球連盟 試合結果,硬式野球部,0
401020,日比谷,令和8年度,2026(令和8年) 春季東京都高等学校野球大会 (兼関東地区高等学校野球大会出場校決定戦),硬式野球,,,一回戦出場,一般財団法人 東京都高等学校野球連盟 試合結果,硬式野球部,0
401020,日比谷,令和5年度,第105回全国高等学校野球選手権記念大会 東東京大会,硬式野球,,,一回戦出場,一般財団法人 東京都高等学校野球連盟 試合結果,硬式野球部,0
401020,日比谷,令和6年度,第106回全国高等学校野球選手権大会 東東京大会,硬式野球,,,三回戦進出,一般財団法人 東京都高等学校野球連盟 試合結果,硬式野球部,0
401020,日比谷,令和7年度,第107回全国高等学校野球選手権大会 東東京大会,硬式野球,,,三回戦進出,一般財団法人 東京都高等学校野球連盟 試合結果,硬式野球部,0
401020,日比谷,令和8年度,第108回全国高等学校野球選手権大会 東東京大会,硬式野球,,,四回戦進出,一般財団法人 東京都高等学校野球連盟 試合結果,硬式野球部,0
407080,日野,令和4年度,2022(令和4年) 秋季東京都高等学校野球大会,硬式野球,,,三回戦進出,一般財団法人 東京都高等学校野球連盟 試合結果,硬式野球部,0
407080,日野,令和4年度,2022(令和4年)年度 秋季東京都高等学校野球大会 一次予選,硬式野球,,,二回戦進出,一般財団法人 東京都高等学校野球連盟 試合結果,硬式野球部,0
407080,日野,令和5年度,2023(令和5年) 春季東京都高等学校野球大会 (兼関東地区高等学校野球大会出場校決定戦),硬式野球,,,三回戦進出,一般財団法人 東京都高等学校野球連盟 試合結果,硬式野球部,0
407080,日野,令和5年度,2023(令和5年) 秋季東京都高等学校野球大会,硬式野球,,,一回戦出場,一般財団法人 東京都高等学校野球連盟 試合結果,硬式野球部,0
407080,日野,令和6年度,2024(令和6年) 秋季東京都高等学校野球大会 一次予選,硬式野球,,,二回戦進出,一般財団法人 東京都高等学校野球連盟 試合結果,硬式野球部,0
407080,日野,令和6年度,2025(令和7年) 春季東京都高等学校野球大会 一次予選,硬式野球,,,二回戦進出,一般財団法人 東京都高等学校野球連盟 試合結果,硬式野球部,0
407080,日野,令和7年度,2025(令和7年) 秋季東京都高等学校野球大会,硬式野球,,,ベスト8,一般財団法人 東京都高等学校野球連盟 試合結果,硬式野球部,0
407080,日野,令和7年度,2025(令和7年) 秋季東京都高等学校野球大会 一次予選,硬式野球,,,二回戦進出,一般財団法人 東京都高等学校野球連盟 試合結果,硬式野球部,0
407080,日野,令和8年度,2026(令和8年) 春季東京都高等学校野球大会 (兼関東地区高等学校野球大会出場校決定戦),硬式野球,,,二回戦進出,一般財団法人 東京都高等学校野球連盟 試合結果,硬式野球部,0
407090,日野台,令和4年度,2022(令和4年)年度 秋季東京都高等学校野球大会 一次予選,硬式野球,,,二回戦進出,一般財団法人 東京都高等学校野球連盟 試合結果,硬式野球部,0
407090,日野台,令和5年度,2023(令和5年) 春季東京都高等学校野球大会 (兼関東地区高等学校野球大会出場校決定戦),硬式野球,,,二回戦進出,一般財団法人 東京都高等学校野球連盟 試合結果,硬式野球部,0
407090,日野台,令和4年度,2023(令和5年) 春季東京都高等学校野球大会 一次予選,硬式野球,,,二回戦進出,一般財団法人 東京都高等学校野球連盟 試合結果,硬式野球部,0
407090,日野台,令和5年度,2023(令和5年) 秋季東京都高等学校野球大会 一次予選,硬式野球,,,一回戦出場,一般財団法人 東京都高等学校野球連盟 試合結果,硬式野球部,0
407090,日野台,令和5年度,2024(令和6年) 春季東京都高等学校野球大会 一次予選,硬式野球,,,一回戦出場,一般財団法人 東京都高等学校野球連盟 試合結果,硬式野球部,0
407090,日野台,令和6年度,2024(令和6年) 秋季東京都高等学校野球大会,硬式野球,,,一回戦出場,一般財団法人 東京都高等学校野球連盟 試合結果,硬式野球部,0
407090,日野台,令和6年度,2024(令和6年) 秋季東京都高等学校野球大会 一次予選,硬式野球,,,二回戦進出,一般財団法人 東京都高等学校野球連盟 試合結果,硬式野球部,0
407090,日野台,令和7年度,2025(令和7年) 春季東京都高等学校野球大会 (兼関東地区高等学校野球大会出場校決定戦),硬式野球,,,一回戦出場,一般財団法人 東京都高等学校野球連盟 試合結果,硬式野球部,0
407090,日野台,令和7年度,2025(令和7年) 秋季東京都高等学校野球大会 一次予選,硬式野球,,,一回戦出場,一般財団法人 東京都高等学校野球連盟 試合結果,硬式野球部,0
407090,日野台,令和8年度,2026(令和8年) 春季東京都高等学校野球大会 (兼関東地区高等学校野球大会出場校決定戦),硬式野球,,,一回戦出場,一般財団法人 東京都高等学校野球連盟 試合結果,硬式野球部,0
407090,日野台,令和7年度,2026(令和8年) 春季東京都高等学校野球大会 一次予選,硬式野球,,,二回戦進出,一般財団法人 東京都高等学校野球連盟 試合結果,硬式野球部,0
408040,昭和,令和4年度,2022(令和4年)年度 秋季東京都高等学校野球大会 一次予選,硬式野球,,,二回戦進出,一般財団法人 東京都高等学校野球連盟 試合結果,硬式野球部,0
408040,昭和,令和5年度,2023(令和5年) 春季東京都高等学校野球大会 (兼関東地区高等学校野球大会出場校決定戦),硬式野球,,,二回戦進出,一般財団法人 東京都高等学校野球連盟 試合結果,硬式野球部,0
408040,昭和,令和4年度,2023(令和5年) 春季東京都高等学校野球大会 一次予選,硬式野球,,,二回戦進出,一般財団法人 東京都高等学校野球連盟 試合結果,硬式野球部,0
408040,昭和,令和5年度,2023(令和5年) 秋季東京都高等学校野球大会,硬式野球,,,三回戦進出,一般財団法人 東京都高等学校野球連盟 試合結果,硬式野球部,0
408040,昭和,令和5年度,2023(令和5年) 秋季東京都高等学校野球大会 一次予選,硬式野球,,,二回戦進出,一般財団法人 東京都高等学校野球連盟 試合結果,硬式野球部,0
408040,昭和,令和6年度,2024(令和6年) 春季東京都高等学校野球大会 (兼関東地区高等学校野球大会出場校決定戦),硬式野球,,,二回戦進出,一般財団法人 東京都高等学校野球連盟 試合結果,硬式野球部,0
408040,昭和,令和6年度,2024(令和6年) 秋季東京都高等学校野球大会,硬式野球,,,三回戦進出,一般財団法人 東京都高等学校野球連盟 試合結果,硬式野球部,0
408040,昭和,令和6年度,2024(令和6年) 秋季東京都高等学校野球大会 一次予選,硬式野球,,,二回戦進出,一般財団法人 東京都高等学校野球連盟 試合結果,硬式野球部,0
408040,昭和,令和7年度,2025(令和7年) 春季東京都高等学校野球大会 (兼関東地区高等学校野球大会出場校決定戦),硬式野球,,,二回戦進出,一般財団法人 東京都高等学校野球連盟 試合結果,硬式野球部,0
408040,昭和,令和7年度,2025(令和7年) 秋季東京都高等学校野球大会 一次予選,硬式野球,,,一回戦出場,一般財団法人 東京都高等学校野球連盟 試合結果,硬式野球部,0
408040,昭和,令和8年度,2026(令和8年) 春季東京都高等学校野球大会 (兼関東地区高等学校野球大会出場校決定戦),硬式野球,,,一回戦出場,一般財団法人 東京都高等学校野球連盟 試合結果,硬式野球部,0
408040,昭和,令和7年度,2026(令和8年) 春季東京都高等学校野球大会 一次予選,硬式野球,,,二回戦進出,一般財団法人 東京都高等学校野球連盟 試合結果,硬式野球部,0
403070,杉並,令和4年度,2022(令和4年)年度 秋季東京都高等学校野球大会 一次予選,硬式野球,,,一回戦出場,一般財団法人 東京都高等学校野球連盟 試合結果,硬式野球部,0
403070,杉並,令和5年度,2023(令和5年) 春季東京都高等学校野球大会 (兼関東地区高等学校野球大会出場校決定戦),硬式野球,,,一回戦出場,一般財団法人 東京都高等学校野球連盟 試合結果,硬式野球部,0
403070,杉並,令和5年度,2023(令和5年) 秋季東京都高等学校野球大会 一次予選,硬式野球,,,一回戦出場,一般財団法人 東京都高等学校野球連盟 試合結果,硬式野球部,0
403070,杉並,令和5年度,2024(令和6年) 春季東京都高等学校野球大会 一次予選,硬式野球,,,二回戦進出,一般財団法人 東京都高等学校野球連盟 試合結果,硬式野球部,0
403070,杉並,令和6年度,2024(令和6年) 秋季東京都高等学校野球大会 一次予選,硬式野球,,,二回戦進出,一般財団法人 東京都高等学校野球連盟 試合結果,硬式野球部,0
403070,杉並,令和7年度,2025(令和7年) 春季東京都高等学校野球大会 (兼関東地区高等学校野球大会出場校決定戦),硬式野球,,,二回戦進出,一般財団法人 東京都高等学校野球連盟 試合結果,硬式野球部,0
403070,杉並,令和6年度,2025(令和7年) 春季東京都高等学校野球大会 一次予選,硬式野球,,,二回戦進出,一般財団法人 東京都高等学校野球連盟 試合結果,硬式野球部,0
403070,杉並,令和7年度,2025(令和7年) 秋季東京都高等学校野球大会,硬式野球,,,一回戦出場,一般財団法人 東京都高等学校野球連盟 試合結果,硬式野球部,0
403070,杉並,令和7年度,2025(令和7年) 秋季東京都高等学校野球大会 一次予選,硬式野球,,,二回戦進出,一般財団法人 東京都高等学校野球連盟 試合結果,硬式野球部,0
403070,杉並,令和8年度,2026(令和8年) 春季東京都高等学校野球大会 (兼関東地区高等学校野球大会出場校決定戦),硬式野球,,,二回戦進出,一般財団法人 東京都高等学校野球連盟 試合結果,硬式野球部,0
403720,杉並工科,令和6年度,2024(令和6年) 秋季東京都高等学校野球大会 一次予選,硬式野球,,,二回戦進出,一般財団法人 東京都高等学校野球連盟 試合結果,硬式野球部,0
403720,杉並工科,令和6年度,2025(令和7年) 春季東京都高等学校野球大会 一次予選,硬式野球,,,一回戦出場,一般財団法人 東京都高等学校野球連盟 試合結果,硬式野球部,0
403720,杉並工科,令和7年度,2025(令和7年) 秋季東京都高等学校野球大会 一次予選,硬式野球,,,一回戦出場,一般財団法人 東京都高等学校野球連盟 試合結果,硬式野球部,0
403720,杉並工科,令和7年度,2026(令和8年) 春季東京都高等学校野球大会 一次予選,硬式野球,,,一回戦出場,一般財団法人 東京都高等学校野球連盟 試合結果,硬式野球部,0
406220,東,令和4年度,2022(令和4年)年度 秋季東京都高等学校野球大会 一次予選,硬式野球,,,一回戦出場,一般財団法人 東京都高等学校野球連盟 試合結果,硬式野球部,0
406220,東,令和4年度,2023(令和5年) 春季東京都高等学校野球大会 一次予選,硬式野球,,,二回戦進出,一般財団法人 東京都高等学校野球連盟 試合結果,硬式野球部,0
406220,東,令和5年度,2023(令和5年) 秋季東京都高等学校野球大会 一次予選,硬式野球,,,一回戦出場,一般財団法人 東京都高等学校野球連盟 試合結果,硬式野球部,0
406220,東,令和5年度,2024(令和6年) 春季東京都高等学校野球大会 一次予選,硬式野球,,,一回戦出場,一般財団法人 東京都高等学校野球連盟 試合結果,硬式野球部,0
406220,東,令和6年度,2024(令和6年) 秋季東京都高等学校野球大会 一次予選,硬式野球,,,一回戦出場,一般財団法人 東京都高等学校野球連盟 試合結果,硬式野球部,0
406220,東,令和6年度,2025(令和7年) 春季東京都高等学校野球大会 一次予選,硬式野球,,,二回戦進出,一般財団法人 東京都高等学校野球連盟 試合結果,硬式野球部,0
406220,東,令和7年度,2025(令和7年) 秋季東京都高等学校野球大会 一次予選,硬式野球,,,一回戦出場,一般財団法人 東京都高等学校野球連盟 試合結果,硬式野球部,0
406220,東,令和7年度,2026(令和8年) 春季東京都高等学校野球大会 一次予選,硬式野球,,,二回戦進出,一般財団法人 東京都高等学校野球連盟 試合結果,硬式野球部,0
406220,東,令和5年度,第105回全国高等学校野球選手権記念大会 東東京大会,硬式野球,,,二回戦進出,一般財団法人 東京都高等学校野球連盟 試合結果,硬式野球部,0
406220,東,令和6年度,第106回全国高等学校野球選手権大会 東東京大会,硬式野球,,,二回戦進出,一般財団法人 東京都高等学校野球連盟 試合結果,硬式野球部,0
406220,東,令和7年度,第107回全国高等学校野球選手権大会 東東京大会,硬式野球,,,二回戦進出,一般財団法人 東京都高等学校野球連盟 試合結果,硬式野球部,0
406220,東,令和8年度,第108回全国高等学校野球選手権大会 東東京大会,硬式野球,,,三回戦進出,一般財団法人 東京都高等学校野球連盟 試合結果,硬式野球部,0
408060,東大和,令和4年度,2022(令和4年)年度 秋季東京都高等学校野球大会 一次予選,硬式野球,,,二回戦進出,一般財団法人 東京都高等学校野球連盟 試合結果,硬式野球部,0
408060,東大和,令和4年度,2023(令和5年) 春季東京都高等学校野球大会 一次予選,硬式野球,,,一回戦出場,一般財団法人 東京都高等学校野球連盟 試合結果,硬式野球部,0
408060,東大和,令和5年度,2023(令和5年) 秋季東京都高等学校野球大会 一次予選,硬式野球,,,二回戦進出,一般財団法人 東京都高等学校野球連盟 試合結果,硬式野球部,0
408060,東大和,令和6年度,2024(令和6年) 春季東京都高等学校野球大会 (兼関東地区高等学校野球大会出場校決定戦),硬式野球,,,一回戦出場,一般財団法人 東京都高等学校野球連盟 試合結果,硬式野球部,0
408060,東大和,令和5年度,2024(令和6年) 春季東京都高等学校野球大会 一次予選,硬式野球,,,二回戦進出,一般財団法人 東京都高等学校野球連盟 試合結果,硬式野球部,0
408060,東大和,令和6年度,2024(令和6年) 秋季東京都高等学校野球大会,硬式野球,,,二回戦進出,一般財団法人 東京都高等学校野球連盟 試合結果,硬式野球部,0
408060,東大和,令和6年度,2024(令和6年) 秋季東京都高等学校野球大会 一次予選,硬式野球,,,二回戦進出,一般財団法人 東京都高等学校野球連盟 試合結果,硬式野球部,0
408060,東大和,令和7年度,2025(令和7年) 春季東京都高等学校野球大会 (兼関東地区高等学校野球大会出場校決定戦),硬式野球,,,二回戦進出,一般財団法人 東京都高等学校野球連盟 試合結果,硬式野球部,0
408060,東大和,令和7年度,2025(令和7年) 秋季東京都高等学校野球大会,硬式野球,,,一回戦出場,一般財団法人 東京都高等学校野球連盟 試合結果,硬式野球部,0
408060,東大和,令和7年度,2025(令和7年) 秋季東京都高等学校野球大会 一次予選,硬式野球,,,二回戦進出,一般財団法人 東京都高等学校野球連盟 試合結果,硬式野球部,0
408060,東大和,令和8年度,2026(令和8年) 春季東京都高等学校野球大会 (兼関東地区高等学校野球大会出場校決定戦),硬式野球,,,一回戦出場,一般財団法人 東京都高等学校野球連盟 試合結果,硬式野球部,0
408090,東大和南,令和4年度,2022(令和4年) 秋季東京都高等学校野球大会,硬式野球,,,一回戦出場,一般財団法人 東京都高等学校野球連盟 試合結果,野球部,0
408090,東大和南,令和4年度,2022(令和4年)年度 秋季東京都高等学校野球大会 一次予選,硬式野球,,,二回戦進出,一般財団法人 東京都高等学校野球連盟 試合結果,野球部,0
408090,東大和南,令和5年度,2023(令和5年) 春季東京都高等学校野球大会 (兼関東地区高等学校野球大会出場校決定戦),硬式野球,,,二回戦進出,一般財団法人 東京都高等学校野球連盟 試合結果,野球部,0
408090,東大和南,令和5年度,2023(令和5年) 秋季東京都高等学校野球大会 一次予選,硬式野球,,,一回戦出場,一般財団法人 東京都高等学校野球連盟 試合結果,野球部,0
408090,東大和南,令和6年度,2024(令和6年) 春季東京都高等学校野球大会 (兼関東地区高等学校野球大会出場校決定戦),硬式野球,,,一回戦出場,一般財団法人 東京都高等学校野球連盟 試合結果,野球部,0
408090,東大和南,令和5年度,2024(令和6年) 春季東京都高等学校野球大会 一次予選,硬式野球,,,二回戦進出,一般財団法人 東京都高等学校野球連盟 試合結果,野球部,0
408090,東大和南,令和6年度,2024(令和6年) 秋季東京都高等学校野球大会 一次予選,硬式野球,,,一回戦出場,一般財団法人 東京都高等学校野球連盟 試合結果,野球部,0
408090,東大和南,令和6年度,2025(令和7年) 春季東京都高等学校野球大会 一次予選,硬式野球,,,一回戦出場,一般財団法人 東京都高等学校野球連盟 試合結果,野球部,0
408090,東大和南,令和7年度,2025(令和7年) 秋季東京都高等学校野球大会 一次予選,硬式野球,,,二回戦進出,一般財団法人 東京都高等学校野球連盟 試合結果,野球部,0
408090,東大和南,令和7年度,2026(令和8年) 春季東京都高等学校野球大会 一次予選,硬式野球,,,二回戦進出,一般財団法人 東京都高等学校野球連盟 試合結果,野球部,0
409230,東村山,令和4年度,2022(令和4年)年度 秋季東京都高等学校野球大会 一次予選,硬式野球,,,一回戦出場,一般財団法人 東京都高等学校野球連盟 試合結果,硬式野球部,0
409230,東村山,令和4年度,2023(令和5年) 春季東京都高等学校野球大会 一次予選,硬式野球,,,一回戦出場,一般財団法人 東京都高等学校野球連盟 試合結果,硬式野球部,0
409230,東村山,令和5年度,2023(令和5年) 秋季東京都高等学校野球大会 一次予選,硬式野球,,,二回戦進出,一般財団法人 東京都高等学校野球連盟 試合結果,硬式野球部,0
409230,東村山,令和5年度,2024(令和6年) 春季東京都高等学校野球大会 一次予選,硬式野球,,,二回戦進出,一般財団法人 東京都高等学校野球連盟 試合結果,硬式野球部,0
409230,東村山,令和7年度,2025(令和7年) 秋季東京都高等学校野球大会 一次予選,硬式野球,,,一回戦出場,一般財団法人 東京都高等学校野球連盟 試合結果,硬式野球部,0
409230,東村山,令和7年度,2026(令和8年) 春季東京都高等学校野球大会 一次予選,硬式野球,,,二回戦進出,一般財団法人 東京都高等学校野球連盟 試合結果,硬式野球部,0
409280,東村山西,令和4年度,2022(令和4年) 秋季東京都高等学校野球大会,硬式野球,,,一回戦出場,一般財団法人 東京都高等学校野球連盟 試合結果,硬式野球部,0
409280,東村山西,令和4年度,2022(令和4年)年度 秋季東京都高等学校野球大会 一次予選,硬式野球,,,二回戦進出,一般財団法人 東京都高等学校野球連盟 試合結果,硬式野球部,0
409280,東村山西,令和5年度,2023(令和5年) 春季東京都高等学校野球大会 (兼関東地区高等学校野球大会出場校決定戦),硬式野球,,,一回戦出場,一般財団法人 東京都高等学校野球連盟 試合結果,硬式野球部,0
409280,東村山西,令和5年度,2023(令和5年) 秋季東京都高等学校野球大会 一次予選,硬式野球,,,一回戦出場,一般財団法人 東京都高等学校野球連盟 試合結果,硬式野球部,0
409280,東村山西,令和6年度,2024(令和6年) 春季東京都高等学校野球大会 (兼関東地区高等学校野球大会出場校決定戦),硬式野球,,,二回戦進出,一般財団法人 東京都高等学校野球連盟 試合結果,硬式野球部,0
409280,東村山西,令和5年度,2024(令和6年) 春季東京都高等学校野球大会 一次予選,硬式野球,,,二回戦進出,一般財団法人 東京都高等学校野球連盟 試合結果,硬式野球部,0
409280,東村山西,令和6年度,2024(令和6年) 秋季東京都高等学校野球大会 一次予選,硬式野球,,,二回戦進出,一般財団法人 東京都高等学校野球連盟 試合結果,硬式野球部,0
409280,東村山西,令和6年度,2025(令和7年) 春季東京都高等学校野球大会 一次予選,硬式野球,,,一回戦出場,一般財団法人 東京都高等学校野球連盟 試合結果,硬式野球部,0
409280,東村山西,令和7年度,2025(令和7年) 秋季東京都高等学校野球大会 一次予選,硬式野球,,,二回戦進出,一般財団法人 東京都高等学校野球連盟 試合結果,硬式野球部,0
409280,東村山西,令和8年度,2026(令和8年) 春季東京都高等学校野球大会 (兼関東地区高等学校野球大会出場校決定戦),硬式野球,,,一回戦出場,一般財団法人 東京都高等学校野球連盟 試合結果,硬式野球部,0
407070,松が谷,令和4年度,2022(令和4年)年度 秋季東京都高等学校野球大会 一次予選,硬式野球,,,二回戦進出,一般財団法人 東京都高等学校野球連盟 試合結果,硬式野球部,0
407070,松が谷,令和4年度,2023(令和5年) 春季東京都高等学校野球大会 一次予選,硬式野球,,,一回戦出場,一般財団法人 東京都高等学校野球連盟 試合結果,硬式野球部,0
407070,松が谷,令和5年度,2023(令和5年) 秋季東京都高等学校野球大会 一次予選,硬式野球,,,一回戦出場,一般財団法人 東京都高等学校野球連盟 試合結果,硬式野球部,0
407070,松が谷,令和5年度,2024(令和6年) 春季東京都高等学校野球大会 一次予選,硬式野球,,,二回戦進出,一般財団法人 東京都高等学校野球連盟 試合結果,硬式野球部,0
407070,松が谷,令和6年度,2024(令和6年) 秋季東京都高等学校野球大会 一次予選,硬式野球,,,二回戦進出,一般財団法人 東京都高等学校野球連盟 試合結果,硬式野球部,0
407070,松が谷,令和6年度,2025(令和7年) 春季東京都高等学校野球大会 一次予選,硬式野球,,,一回戦出場,一般財団法人 東京都高等学校野球連盟 試合結果,硬式野球部,0
407070,松が谷,令和7年度,2025(令和7年) 秋季東京都高等学校野球大会 一次予選,硬式野球,,,一回戦出場,一般財団法人 東京都高等学校野球連盟 試合結果,硬式野球部,0
407070,松が谷,令和8年度,2026(令和8年) 春季東京都高等学校野球大会 (兼関東地区高等学校野球大会出場校決定戦),硬式野球,,,一回戦出場,一般財団法人 東京都高等学校野球連盟 試合結果,硬式野球部,0
407070,松が谷,令和7年度,2026(令和8年) 春季東京都高等学校野球大会 一次予選,硬式野球,,,二回戦進出,一般財団法人 東京都高等学校野球連盟 試合結果,硬式野球部,0
402210,松原,令和4年度,2022(令和4年)年度 秋季東京都高等学校野球大会 一次予選,硬式野球,,,一回戦出場,一般財団法人 東京都高等学校野球連盟 試合結果,硬式野球部,0
402210,松原,令和4年度,2023(令和5年) 春季東京都高等学校野球大会 一次予選,硬式野球,,,一回戦出場,一般財団法人 東京都高等学校野球連盟 試合結果,硬式野球部,0
402210,松原,令和5年度,2023(令和5年) 秋季東京都高等学校野球大会 一次予選,硬式野球,,,二回戦進出,一般財団法人 東京都高等学校野球連盟 試合結果,硬式野球部,0
402210,松原,令和5年度,2024(令和6年) 春季東京都高等学校野球大会 一次予選,硬式野球,,,一回戦出場,一般財団法人 東京都高等学校野球連盟 試合結果,硬式野球部,0
402210,松原,令和6年度,2025(令和7年) 春季東京都高等学校野球大会 一次予選,硬式野球,,,一回戦出場,一般財団法人 東京都高等学校野球連盟 試合結果,硬式野球部,0
402210,松原,令和7年度,2025(令和7年) 秋季東京都高等学校野球大会 一次予選,硬式野球,,,一回戦出場,一般財団法人 東京都高等学校野球連盟 試合結果,硬式野球部,0
402210,松原,令和7年度,2026(令和8年) 春季東京都高等学校野球大会 一次予選,硬式野球,,,一回戦出場,一般財団法人 東京都高等学校野球連盟 試合結果,硬式野球部,0
404220,板橋,令和4年度,2022(令和4年)年度 秋季東京都高等学校野球大会 一次予選,硬式野球,,,二回戦進出,一般財団法人 東京都高等学校野球連盟 試合結果,硬式野球部,0
404220,板橋,令和4年度,2023(令和5年) 春季東京都高等学校野球大会 一次予選,硬式野球,,,一回戦出場,一般財団法人 東京都高等学校野球連盟 試合結果,硬式野球部,0
404220,板橋,令和5年度,2023(令和5年) 秋季東京都高等学校野球大会,硬式野球,,,一回戦出場,一般財団法人 東京都高等学校野球連盟 試合結果,硬式野球部,0
404220,板橋,令和5年度,2023(令和5年) 秋季東京都高等学校野球大会 一次予選,硬式野球,,,二回戦進出,一般財団法人 東京都高等学校野球連盟 試合結果,硬式野球部,0
404220,板橋,令和6年度,2024(令和6年) 春季東京都高等学校野球大会 (兼関東地区高等学校野球大会出場校決定戦),硬式野球,,,一回戦出場,一般財団法人 東京都高等学校野球連盟 試合結果,硬式野球部,0
404220,板橋,令和6年度,2024(令和6年) 秋季東京都高等学校野球大会 一次予選,硬式野球,,,二回戦進出,一般財団法人 東京都高等学校野球連盟 試合結果,硬式野球部,0
404220,板橋,令和7年度,2025(令和7年) 春季東京都高等学校野球大会 (兼関東地区高等学校野球大会出場校決定戦),硬式野球,,,一回戦出場,一般財団法人 東京都高等学校野球連盟 試合結果,硬式野球部,0
404220,板橋,令和6年度,2025(令和7年) 春季東京都高等学校野球大会 一次予選,硬式野球,,,二回戦進出,一般財団法人 東京都高等学校野球連盟 試合結果,硬式野球部,0
404220,板橋,令和7年度,2025(令和7年) 秋季東京都高等学校野球大会 一次予選,硬式野球,,,一回戦出場,一般財団法人 東京都高等学校野球連盟 試合結果,硬式野球部,0
404220,板橋,令和8年度,2026(令和8年) 春季東京都高等学校野球大会 (兼関東地区高等学校野球大会出場校決定戦),硬式野球,,,一回戦出場,一般財団法人 東京都高等学校野球連盟 試合結果,硬式野球部,0
404220,板橋,令和7年度,2026(令和8年) 春季東京都高等学校野球大会 一次予選,硬式野球,,,二回戦進出,一般財団法人 東京都高等学校野球連盟 試合結果,硬式野球部,0
404220,板橋,令和5年度,第105回全国高等学校野球選手権記念大会 東東京大会,硬式野球,,,三回戦進出,一般財団法人 東京都高等学校野球連盟 試合結果,硬式野球部,0
404220,板橋,令和6年度,第106回全国高等学校野球選手権大会 東東京大会,硬式野球,,,三回戦進出,一般財団法人 東京都高等学校野球連盟 試合結果,硬式野球部,0
404220,板橋,令和7年度,第107回全国高等学校野球選手権大会 東東京大会,硬式野球,,,二回戦進出,一般財団法人 東京都高等学校野球連盟 試合結果,硬式野球部,0
404220,板橋,令和8年度,第108回全国高等学校野球選手権大会 東東京大会,硬式野球,,,三回戦進出,一般財団法人 東京都高等学校野球連盟 試合結果,硬式野球部,0
404410,桐ヶ丘,令和4年度,2022(令和4年)年度 秋季東京都高等学校野球大会 一次予選,硬式野球,,,一回戦出場,一般財団法人 東京都高等学校野球連盟 試合結果,硬式野球,0
404410,桐ヶ丘,令和4年度,2023(令和5年) 春季東京都高等学校野球大会 一次予選,硬式野球,,,一回戦出場,一般財団法人 東京都高等学校野球連盟 試合結果,硬式野球,0
404410,桐ヶ丘,令和5年度,2023(令和5年) 秋季東京都高等学校野球大会 一次予選,硬式野球,,,一回戦出場,一般財団法人 東京都高等学校野球連盟 試合結果,硬式野球,0
404410,桐ヶ丘,令和5年度,2024(令和6年) 春季東京都高等学校野球大会 一次予選,硬式野球,,,一回戦出場,一般財団法人 東京都高等学校野球連盟 試合結果,硬式野球,0
404410,桐ヶ丘,令和6年度,2024(令和6年) 秋季東京都高等学校野球大会 一次予選,硬式野球,,,一回戦出場,一般財団法人 東京都高等学校野球連盟 試合結果,硬式野球,0
404410,桐ヶ丘,令和6年度,2025(令和7年) 春季東京都高等学校野球大会 一次予選,硬式野球,,,一回戦出場,一般財団法人 東京都高等学校野球連盟 試合結果,硬式野球,0
404410,桐ヶ丘,令和7年度,2025(令和7年) 秋季東京都高等学校野球大会 一次予選,硬式野球,,,二回戦進出,一般財団法人 東京都高等学校野球連盟 試合結果,硬式野球,0
404410,桐ヶ丘,令和7年度,2026(令和8年) 春季東京都高等学校野球大会 一次予選,硬式野球,,,一回戦出場,一般財団法人 東京都高等学校野球連盟 試合結果,硬式野球,0
404410,桐ヶ丘,令和5年度,第105回全国高等学校野球選手権記念大会 東東京大会,硬式野球,,,二回戦進出,一般財団法人 東京都高等学校野球連盟 試合結果,硬式野球,0
404410,桐ヶ丘,令和6年度,第106回全国高等学校野球選手権大会 東東京大会,硬式野球,,,二回戦進出,一般財団法人 東京都高等学校野球連盟 試合結果,硬式野球,0
404410,桐ヶ丘,令和7年度,第107回全国高等学校野球選手権大会 東東京大会,硬式野球,,,二回戦進出,一般財団法人 東京都高等学校野球連盟 試合結果,硬式野球,0
404410,桐ヶ丘,令和8年度,第108回全国高等学校野球選手権大会 東東京大会,硬式野球,,,二回戦進出,一般財団法人 東京都高等学校野球連盟 試合結果,硬式野球,0
402220,桜町,令和4年度,2022(令和4年)年度 秋季東京都高等学校野球大会 一次予選,硬式野球,,,一回戦出場,一般財団法人 東京都高等学校野球連盟 試合結果,硬式野球部,0
402220,桜町,令和4年度,2023(令和5年) 春季東京都高等学校野球大会 一次予選,硬式野球,,,一回戦出場,一般財団法人 東京都高等学校野球連盟 試合結果,硬式野球部,0
402220,桜町,令和5年度,2023(令和5年) 秋季東京都高等学校野球大会 一次予選,硬式野球,,,二回戦進出,一般財団法人 東京都高等学校野球連盟 試合結果,硬式野球部,0
402220,桜町,令和6年度,2024(令和6年) 春季東京都高等学校野球大会 (兼関東地区高等学校野球大会出場校決定戦),硬式野球,,,一回戦出場,一般財団法人 東京都高等学校野球連盟 試合結果,硬式野球部,0
402220,桜町,令和5年度,2024(令和6年) 春季東京都高等学校野球大会 一次予選,硬式野球,,,二回戦進出,一般財団法人 東京都高等学校野球連盟 試合結果,硬式野球部,0
402220,桜町,令和6年度,2024(令和6年) 秋季東京都高等学校野球大会 一次予選,硬式野球,,,一回戦出場,一般財団法人 東京都高等学校野球連盟 試合結果,硬式野球部,0
402220,桜町,令和6年度,2025(令和7年) 春季東京都高等学校野球大会 一次予選,硬式野球,,,一回戦出場,一般財団法人 東京都高等学校野球連盟 試合結果,硬式野球部,0
402220,桜町,令和7年度,2025(令和7年) 秋季東京都高等学校野球大会,硬式野球,,,一回戦出場,一般財団法人 東京都高等学校野球連盟 試合結果,硬式野球部,0
402220,桜町,令和8年度,2026(令和8年) 春季東京都高等学校野球大会 (兼関東地区高等学校野球大会出場校決定戦),硬式野球,,,一回戦出場,一般財団法人 東京都高等学校野球連盟 試合結果,硬式野球部,0
406910,橘,令和5年度,2023(令和5年) 秋季東京都高等学校野球大会 一次予選,硬式野球,,,一回戦出場,一般財団法人 東京都高等学校野球連盟 試合結果,硬式野球部,0
406910,橘,令和5年度,第105回全国高等学校野球選手権記念大会 東東京大会,硬式野球,,,二回戦進出,一般財団法人 東京都高等学校野球連盟 試合結果,硬式野球部,0
409010,武蔵,令和7年度,2026(令和8年) 春季東京都高等学校野球大会 一次予選,硬式野球,,,一回戦出場,一般財団法人 東京都高等学校野球連盟 試合結果,,0
403030,武蔵丘,令和4年度,2022(令和4年)年度 秋季東京都高等学校野球大会 一次予選,硬式野球,,,一回戦出場,一般財団法人 東京都高等学校野球連盟 試合結果,硬式野球部,0
403030,武蔵丘,令和4年度,2023(令和5年) 春季東京都高等学校野球大会 一次予選,硬式野球,,,一回戦出場,一般財団法人 東京都高等学校野球連盟 試合結果,硬式野球部,0
403030,武蔵丘,令和5年度,2023(令和5年) 秋季東京都高等学校野球大会,硬式野球,,,二回戦進出,一般財団法人 東京都高等学校野球連盟 試合結果,硬式野球部,0
403030,武蔵丘,令和5年度,2023(令和5年) 秋季東京都高等学校野球大会 一次予選,硬式野球,,,二回戦進出,一般財団法人 東京都高等学校野球連盟 試合結果,硬式野球部,0
403030,武蔵丘,令和6年度,2024(令和6年) 春季東京都高等学校野球大会 (兼関東地区高等学校野球大会出場校決定戦),硬式野球,,,二回戦進出,一般財団法人 東京都高等学校野球連盟 試合結果,硬式野球部,0
403030,武蔵丘,令和6年度,2025(令和7年) 春季東京都高等学校野球大会 一次予選,硬式野球,,,二回戦進出,一般財団法人 東京都高等学校野球連盟 試合結果,硬式野球部,0
403030,武蔵丘,令和7年度,2025(令和7年) 秋季東京都高等学校野球大会,硬式野球,,,一回戦出場,一般財団法人 東京都高等学校野球連盟 試合結果,硬式野球部,0
403030,武蔵丘,令和7年度,2025(令和7年) 秋季東京都高等学校野球大会 一次予選,硬式野球,,,二回戦進出,一般財団法人 東京都高等学校野球連盟 試合結果,硬式野球部,0
403030,武蔵丘,令和8年度,2026(令和8年) 春季東京都高等学校野球大会 (兼関東地区高等学校野球大会出場校決定戦),硬式野球,,,二回戦進出,一般財団法人 東京都高等学校野球連盟 試合結果,硬式野球部,0
403030,武蔵丘,令和5年度,第105回全国高等学校野球選手権記念大会 東東京大会,硬式野球,,,四回戦進出,一般財団法人 東京都高等学校野球連盟 試合結果,硬式野球部,0
403030,武蔵丘,令和6年度,第106回全国高等学校野球選手権大会 東東京大会,硬式野球,,,二回戦進出,一般財団法人 東京都高等学校野球連盟 試合結果,硬式野球部,0
403030,武蔵丘,令和7年度,第107回全国高等学校野球選手権大会 東東京大会,硬式野球,,,二回戦進出,一般財団法人 東京都高等学校野球連盟 試合結果,硬式野球部,0
403030,武蔵丘,令和8年度,第108回全国高等学校野球選手権大会 東東京大会,硬式野球,,,四回戦進出,一般財団法人 東京都高等学校野球連盟 試合結果,硬式野球部,0
408070,武蔵村山,令和4年度,2022(令和4年)年度 秋季東京都高等学校野球大会 一次予選,硬式野球,,,一回戦出場,一般財団法人 東京都高等学校野球連盟 試合結果,硬式野球部,0
408070,武蔵村山,令和4年度,2023(令和5年) 春季東京都高等学校野球大会 一次予選,硬式野球,,,一回戦出場,一般財団法人 東京都高等学校野球連盟 試合結果,硬式野球部,0
408070,武蔵村山,令和5年度,2023(令和5年) 秋季東京都高等学校野球大会 一次予選,硬式野球,,,一回戦出場,一般財団法人 東京都高等学校野球連盟 試合結果,硬式野球部,0
408070,武蔵村山,令和6年度,2024(令和6年) 春季東京都高等学校野球大会 (兼関東地区高等学校野球大会出場校決定戦),硬式野球,,,一回戦出場,一般財団法人 東京都高等学校野球連盟 試合結果,硬式野球部,0
408070,武蔵村山,令和6年度,2024(令和6年) 秋季東京都高等学校野球大会 一次予選,硬式野球,,,二回戦進出,一般財団法人 東京都高等学校野球連盟 試合結果,硬式野球部,0
408070,武蔵村山,令和6年度,2025(令和7年) 春季東京都高等学校野球大会 一次予選,硬式野球,,,一回戦出場,一般財団法人 東京都高等学校野球連盟 試合結果,硬式野球部,0
408070,武蔵村山,令和7年度,2025(令和7年) 秋季東京都高等学校野球大会 一次予選,硬式野球,,,一回戦出場,一般財団法人 東京都高等学校野球連盟 試合結果,硬式野球部,0
408070,武蔵村山,令和7年度,2026(令和8年) 春季東京都高等学校野球大会 一次予選,硬式野球,,,一回戦出場,一般財団法人 東京都高等学校野球連盟 試合結果,硬式野球部,0
409020,武蔵野北,令和4年度,2022(令和4年)年度 秋季東京都高等学校野球大会 一次予選,硬式野球,,,一回戦出場,一般財団法人 東京都高等学校野球連盟 試合結果,硬式野球部,0
409020,武蔵野北,令和4年度,2023(令和5年) 春季東京都高等学校野球大会 一次予選,硬式野球,,,二回戦進出,一般財団法人 東京都高等学校野球連盟 試合結果,硬式野球部,0
409020,武蔵野北,令和5年度,2023(令和5年) 秋季東京都高等学校野球大会 一次予選,硬式野球,,,一回戦出場,一般財団法人 東京都高等学校野球連盟 試合結果,硬式野球部,0
409020,武蔵野北,令和5年度,2024(令和6年) 春季東京都高等学校野球大会 一次予選,硬式野球,,,二回戦進出,一般財団法人 東京都高等学校野球連盟 試合結果,硬式野球部,0
409020,武蔵野北,令和6年度,2024(令和6年) 秋季東京都高等学校野球大会 一次予選,硬式野球,,,一回戦出場,一般財団法人 東京都高等学校野球連盟 試合結果,硬式野球部,0
409020,武蔵野北,令和6年度,2025(令和7年) 春季東京都高等学校野球大会 一次予選,硬式野球,,,一回戦出場,一般財団法人 東京都高等学校野球連盟 試合結果,硬式野球部,0
409020,武蔵野北,令和7年度,2025(令和7年) 秋季東京都高等学校野球大会 一次予選,硬式野球,,,一回戦出場,一般財団法人 東京都高等学校野球連盟 試合結果,硬式野球部,0
409020,武蔵野北,令和7年度,2026(令和8年) 春季東京都高等学校野球大会 一次予選,硬式野球,,,一回戦出場,一般財団法人 東京都高等学校野球連盟 試合結果,硬式野球部,0
410250,永山,令和4年度,2022(令和4年)年度 秋季東京都高等学校野球大会 一次予選,硬式野球,,,一回戦出場,一般財団法人 東京都高等学校野球連盟 試合結果,硬式野球部,0
410250,永山,令和4年度,2023(令和5年) 春季東京都高等学校野球大会 一次予選,硬式野球,,,一回戦出場,一般財団法人 東京都高等学校野球連盟 試合結果,硬式野球部,0
410250,永山,令和5年度,2023(令和5年) 秋季東京都高等学校野球大会 一次予選,硬式野球,,,一回戦出場,一般財団法人 東京都高等学校野球連盟 試合結果,硬式野球部,0
410250,永山,令和5年度,2024(令和6年) 春季東京都高等学校野球大会 一次予選,硬式野球,,,一回戦出場,一般財団法人 東京都高等学校野球連盟 試合結果,硬式野球部,0
410250,永山,令和6年度,2024(令和6年) 秋季東京都高等学校野球大会 一次予選,硬式野球,,,一回戦出場,一般財団法人 東京都高等学校野球連盟 試合結果,硬式野球部,0
410250,永山,令和6年度,2025(令和7年) 春季東京都高等学校野球大会 一次予選,硬式野球,,,一回戦出場,一般財団法人 東京都高等学校野球連盟 試合結果,硬式野球部,0
410250,永山,令和7年度,2025(令和7年) 秋季東京都高等学校野球大会 一次予選,硬式野球,,,二回戦進出,一般財団法人 東京都高等学校野球連盟 試合結果,硬式野球部,0
410250,永山,令和7年度,2026(令和8年) 春季東京都高等学校野球大会 一次予選,硬式野球,,,一回戦出場,一般財団法人 東京都高等学校野球連盟 試合結果,硬式野球部,0
406250,江戸川,令和4年度,2022(令和4年)年度 秋季東京都高等学校野球大会 一次予選,硬式野球,,,二回戦進出,一般財団法人 東京都高等学校野球連盟 試合結果,硬式野球部,0
406250,江戸川,令和5年度,2023(令和5年) 春季東京都高等学校野球大会 (兼関東地区高等学校野球大会出場校決定戦),硬式野球,,,二回戦進出,一般財団法人 東京都高等学校野球連盟 試合結果,硬式野球部,0
406250,江戸川,令和4年度,2023(令和5年) 春季東京都高等学校野球大会 一次予選,硬式野球,,,二回戦進出,一般財団法人 東京都高等学校野球連盟 試合結果,硬式野球部,0
406250,江戸川,令和5年度,2023(令和5年) 秋季東京都高等学校野球大会 一次予選,硬式野球,,,一回戦出場,一般財団法人 東京都高等学校野球連盟 試合結果,硬式野球部,0
406250,江戸川,令和6年度,2024(令和6年) 春季東京都高等学校野球大会 (兼関東地区高等学校野球大会出場校決定戦),硬式野球,,,一回戦出場,一般財団法人 東京都高等学校野球連盟 試合結果,硬式野球部,0
406250,江戸川,令和5年度,2024(令和6年) 春季東京都高等学校野球大会 一次予選,硬式野球,,,二回戦進出,一般財団法人 東京都高等学校野球連盟 試合結果,硬式野球部,0
406250,江戸川,令和6年度,2024(令和6年) 秋季東京都高等学校野球大会 一次予選,硬式野球,,,一回戦出場,一般財団法人 東京都高等学校野球連盟 試合結果,硬式野球部,0
406250,江戸川,令和7年度,2025(令和7年) 春季東京都高等学校野球大会 (兼関東地区高等学校野球大会出場校決定戦),硬式野球,,,四回戦進出,一般財団法人 東京都高等学校野球連盟 試合結果,硬式野球部,0
406250,江戸川,令和6年度,2025(令和7年) 春季東京都高等学校野球大会 一次予選,硬式野球,,,二回戦進出,一般財団法人 東京都高等学校野球連盟 試合結果,硬式野球部,0
406250,江戸川,令和7年度,2025(令和7年) 秋季東京都高等学校野球大会,硬式野球,,,一回戦出場,一般財団法人 東京都高等学校野球連盟 試合結果,硬式野球部,0
406250,江戸川,令和7年度,2025(令和7年) 秋季東京都高等学校野球大会 一次予選,硬式野球,,,二回戦進出,一般財団法人 東京都高等学校野球連盟 試合結果,硬式野球部,0
406250,江戸川,令和8年度,2026(令和8年) 春季東京都高等学校野球大会 (兼関東地区高等学校野球大会出場校決定戦),硬式野球,,,三回戦進出,一般財団法人 東京都高等学校野球連盟 試合結果,硬式野球部,0
406250,江戸川,令和5年度,第105回全国高等学校野球選手権記念大会 東東京大会,硬式野球,,,三回戦進出,一般財団法人 東京都高等学校野球連盟 試合結果,硬式野球部,0
406250,江戸川,令和6年度,第106回全国高等学校野球選手権大会 東東京大会,硬式野球,,,四回戦進出,一般財団法人 東京都高等学校野球連盟 試合結果,硬式野球部,0
406250,江戸川,令和7年度,第107回全国高等学校野球選手権大会 東東京大会,硬式野球,,,ベスト8,一般財団法人 東京都高等学校野球連盟 試合結果,硬式野球部,0
406250,江戸川,令和8年度,第108回全国高等学校野球選手権大会 東東京大会,硬式野球,,,四回戦進出,一般財団法人 東京都高等学校野球連盟 試合結果,硬式野球部,0
405520,浅草,令和4年度,2022(令和4年)年度 秋季東京都高等学校野球大会 一次予選,硬式野球,,,一回戦出場,一般財団法人 東京都高等学校野球連盟 試合結果,硬式野球部,0
405520,浅草,令和4年度,2023(令和5年) 春季東京都高等学校野球大会 一次予選,硬式野球,,,一回戦出場,一般財団法人 東京都高等学校野球連盟 試合結果,硬式野球部,0
405520,浅草,令和5年度,第105回全国高等学校野球選手権記念大会 東東京大会,硬式野球,,,三回戦進出,一般財団法人 東京都高等学校野球連盟 試合結果,硬式野球部,0
406210,深川,令和4年度,2022(令和4年)年度 秋季東京都高等学校野球大会 一次予選,硬式野球,,,一回戦出場,一般財団法人 東京都高等学校野球連盟 試合結果,硬式野球部,0
406210,深川,令和4年度,2023(令和5年) 春季東京都高等学校野球大会 一次予選,硬式野球,,,一回戦出場,一般財団法人 東京都高等学校野球連盟 試合結果,硬式野球部,0
406210,深川,令和5年度,2023(令和5年) 秋季東京都高等学校野球大会 一次予選,硬式野球,,,一回戦出場,一般財団法人 東京都高等学校野球連盟 試合結果,硬式野球部,0
406210,深川,令和5年度,2024(令和6年) 春季東京都高等学校野球大会 一次予選,硬式野球,,,一回戦出場,一般財団法人 東京都高等学校野球連盟 試合結果,硬式野球部,0
406210,深川,令和6年度,2024(令和6年) 秋季東京都高等学校野球大会 一次予選,硬式野球,,,一回戦出場,一般財団法人 東京都高等学校野球連盟 試合結果,硬式野球部,0
406210,深川,令和6年度,2025(令和7年) 春季東京都高等学校野球大会 一次予選,硬式野球,,,一回戦出場,一般財団法人 東京都高等学校野球連盟 試合結果,硬式野球部,0
406210,深川,令和7年度,2025(令和7年) 秋季東京都高等学校野球大会 一次予選,硬式野球,,,一回戦出場,一般財団法人 東京都高等学校野球連盟 試合結果,硬式野球部,0
406210,深川,令和7年度,2026(令和8年) 春季東京都高等学校野球大会 一次予選,硬式野球,,,一回戦出場,一般財団法人 東京都高等学校野球連盟 試合結果,硬式野球部,0
406210,深川,令和5年度,第105回全国高等学校野球選手権記念大会 東東京大会,硬式野球,,,三回戦進出,一般財団法人 東京都高等学校野球連盟 試合結果,硬式野球部,0
406210,深川,令和6年度,第106回全国高等学校野球選手権大会 東東京大会,硬式野球,,,一回戦出場,一般財団法人 東京都高等学校野球連盟 試合結果,硬式野球部,0
406210,深川,令和7年度,第107回全国高等学校野球選手権大会 東東京大会,硬式野球,,,三回戦進出,一般財団法人 東京都高等学校野球連盟 試合結果,硬式野球部,0
406210,深川,令和8年度,第108回全国高等学校野球選手権大会 東東京大会,硬式野球,,,二回戦進出,一般財団法人 東京都高等学校野球連盟 試合結果,硬式野球部,0
402270,深沢,令和4年度,2022(令和4年)年度 秋季東京都高等学校野球大会 一次予選,硬式野球,,,一回戦出場,一般財団法人 東京都高等学校野球連盟 試合結果,野球部,0
402270,深沢,令和4年度,2023(令和5年) 春季東京都高等学校野球大会 一次予選,硬式野球,,,一回戦出場,一般財団法人 東京都高等学校野球連盟 試合結果,野球部,0
402270,深沢,令和5年度,2023(令和5年) 秋季東京都高等学校野球大会 一次予選,硬式野球,,,一回戦出場,一般財団法人 東京都高等学校野球連盟 試合結果,野球部,0
402270,深沢,令和5年度,2024(令和6年) 春季東京都高等学校野球大会 一次予選,硬式野球,,,一回戦出場,一般財団法人 東京都高等学校野球連盟 試合結果,野球部,0
402270,深沢,令和6年度,2024(令和6年) 秋季東京都高等学校野球大会 一次予選,硬式野球,,,一回戦出場,一般財団法人 東京都高等学校野球連盟 試合結果,野球部,0
402270,深沢,令和6年度,2025(令和7年) 春季東京都高等学校野球大会 一次予選,硬式野球,,,一回戦出場,一般財団法人 東京都高等学校野球連盟 試合結果,野球部,0
402270,深沢,令和7年度,2025(令和7年) 秋季東京都高等学校野球大会 一次予選,硬式野球,,,一回戦出場,一般財団法人 東京都高等学校野球連盟 試合結果,野球部,0
402270,深沢,令和7年度,2026(令和8年) 春季東京都高等学校野球大会 一次予選,硬式野球,,,一回戦出場,一般財団法人 東京都高等学校野球連盟 試合結果,野球部,0
405230,淵江,令和4年度,2022(令和4年)年度 秋季東京都高等学校野球大会 一次予選,硬式野球,,,二回戦進出,一般財団法人 東京都高等学校野球連盟 試合結果,硬式野球部,0
405230,淵江,令和4年度,2023(令和5年) 春季東京都高等学校野球大会 一次予選,硬式野球,,,一回戦出場,一般財団法人 東京都高等学校野球連盟 試合結果,硬式野球部,0
405230,淵江,令和5年度,2023(令和5年) 秋季東京都高等学校野球大会,硬式野球,,,一回戦出場,一般財団法人 東京都高等学校野球連盟 試合結果,硬式野球部,0
405230,淵江,令和6年度,2024(令和6年) 春季東京都高等学校野球大会 (兼関東地区高等学校野球大会出場校決定戦),硬式野球,,,一回戦出場,一般財団法人 東京都高等学校野球連盟 試合結果,硬式野球部,0
405230,淵江,令和6年度,2024(令和6年) 秋季東京都高等学校野球大会 一次予選,硬式野球,,,一回戦出場,一般財団法人 東京都高等学校野球連盟 試合結果,硬式野球部,0
405230,淵江,令和6年度,2025(令和7年) 春季東京都高等学校野球大会 一次予選,硬式野球,,,一回戦出場,一般財団法人 東京都高等学校野球連盟 試合結果,硬式野球部,0
405230,淵江,令和7年度,2025(令和7年) 秋季東京都高等学校野球大会 一次予選,硬式野球,,,一回戦出場,一般財団法人 東京都高等学校野球連盟 試合結果,硬式野球部,0
405230,淵江,令和7年度,2026(令和8年) 春季東京都高等学校野球大会 一次予選,硬式野球,,,一回戦出場,一般財団法人 東京都高等学校野球連盟 試合結果,硬式野球部,0
405230,淵江,令和5年度,第105回全国高等学校野球選手権記念大会 東東京大会,硬式野球,,,三回戦進出,一般財団法人 東京都高等学校野球連盟 試合結果,硬式野球部,0
405230,淵江,令和6年度,第106回全国高等学校野球選手権大会 東東京大会,硬式野球,,,二回戦進出,一般財団法人 東京都高等学校野球連盟 試合結果,硬式野球部,0
405230,淵江,令和7年度,第107回全国高等学校野球選手権大会 東東京大会,硬式野球,,,二回戦進出,一般財団法人 東京都高等学校野球連盟 試合結果,硬式野球部,0
405230,淵江,令和8年度,第108回全国高等学校野球選手権大会 東東京大会,硬式野球,,,二回戦進出,一般財団法人 東京都高等学校野球連盟 試合結果,硬式野球部,0
409250,清瀬,令和4年度,2022(令和4年)年度 秋季東京都高等学校野球大会 一次予選,硬式野球,,,一回戦出場,一般財団法人 東京都高等学校野球連盟 試合結果,硬式野球部,0
409250,清瀬,令和4年度,2023(令和5年) 春季東京都高等学校野球大会 一次予選,硬式野球,,,二回戦進出,一般財団法人 東京都高等学校野球連盟 試合結果,硬式野球部,0
409250,清瀬,令和5年度,2023(令和5年) 秋季東京都高等学校野球大会,硬式野球,,,一回戦出場,一般財団法人 東京都高等学校野球連盟 試合結果,硬式野球部,0
409250,清瀬,令和5年度,2023(令和5年) 秋季東京都高等学校野球大会 一次予選,硬式野球,,,二回戦進出,一般財団法人 東京都高等学校野球連盟 試合結果,硬式野球部,0
409250,清瀬,令和6年度,2024(令和6年) 春季東京都高等学校野球大会 (兼関東地区高等学校野球大会出場校決定戦),硬式野球,,,一回戦出場,一般財団法人 東京都高等学校野球連盟 試合結果,硬式野球部,0
409250,清瀬,令和6年度,2024(令和6年) 秋季東京都高等学校野球大会 一次予選,硬式野球,,,一回戦出場,一般財団法人 東京都高等学校野球連盟 試合結果,硬式野球部,0
409250,清瀬,令和6年度,2025(令和7年) 春季東京都高等学校野球大会 一次予選,硬式野球,,,二回戦進出,一般財団法人 東京都高等学校野球連盟 試合結果,硬式野球部,0
409250,清瀬,令和7年度,2025(令和7年) 秋季東京都高等学校野球大会 一次予選,硬式野球,,,一回戦出場,一般財団法人 東京都高等学校野球連盟 試合結果,硬式野球部,0
409250,清瀬,令和7年度,2026(令和8年) 春季東京都高等学校野球大会 一次予選,硬式野球,,,一回戦出場,一般財団法人 東京都高等学校野球連盟 試合結果,硬式野球部,0
407030,片倉,令和4年度,2022(令和4年) 秋季東京都高等学校野球大会,硬式野球,,,二回戦進出,一般財団法人 東京都高等学校野球連盟 試合結果,硬式野球,0
407030,片倉,令和4年度,2022(令和4年)年度 秋季東京都高等学校野球大会 一次予選,硬式野球,,,二回戦進出,一般財団法人 東京都高等学校野球連盟 試合結果,硬式野球,0
407030,片倉,令和5年度,2023(令和5年) 春季東京都高等学校野球大会 (兼関東地区高等学校野球大会出場校決定戦),硬式野球,,,二回戦進出,一般財団法人 東京都高等学校野球連盟 試合結果,硬式野球,0
407030,片倉,令和5年度,2023(令和5年) 秋季東京都高等学校野球大会,硬式野球,,,一回戦出場,一般財団法人 東京都高等学校野球連盟 試合結果,硬式野球,0
407030,片倉,令和5年度,2023(令和5年) 秋季東京都高等学校野球大会 一次予選,硬式野球,,,二回戦進出,一般財団法人 東京都高等学校野球連盟 試合結果,硬式野球,0
407030,片倉,令和6年度,2024(令和6年) 春季東京都高等学校野球大会 (兼関東地区高等学校野球大会出場校決定戦),硬式野球,,,三回戦進出,一般財団法人 東京都高等学校野球連盟 試合結果,硬式野球,0
407030,片倉,令和6年度,2024(令和6年) 秋季東京都高等学校野球大会 一次予選,硬式野球,,,二回戦進出,一般財団法人 東京都高等学校野球連盟 試合結果,硬式野球,0
407030,片倉,令和7年度,2025(令和7年) 春季東京都高等学校野球大会 (兼関東地区高等学校野球大会出場校決定戦),硬式野球,,,二回戦進出,一般財団法人 東京都高等学校野球連盟 試合結果,硬式野球,0
407030,片倉,令和6年度,2025(令和7年) 春季東京都高等学校野球大会 一次予選,硬式野球,,,二回戦進出,一般財団法人 東京都高等学校野球連盟 試合結果,硬式野球,0
407030,片倉,令和7年度,2025(令和7年) 秋季東京都高等学校野球大会,硬式野球,,,二回戦進出,一般財団法人 東京都高等学校野球連盟 試合結果,硬式野球,0
407030,片倉,令和7年度,2025(令和7年) 秋季東京都高等学校野球大会 一次予選,硬式野球,,,二回戦進出,一般財団法人 東京都高等学校野球連盟 試合結果,硬式野球,0
407030,片倉,令和8年度,2026(令和8年) 春季東京都高等学校野球大会 (兼関東地区高等学校野球大会出場校決定戦),硬式野球,,,一回戦出場,一般財団法人 東京都高等学校野球連盟 試合結果,硬式野球,0
410050,狛江,令和4年度,2022(令和4年) 秋季東京都高等学校野球大会,硬式野球,,,一回戦出場,一般財団法人 東京都高等学校野球連盟 試合結果,硬式野球部,0
410050,狛江,令和5年度,2023(令和5年) 春季東京都高等学校野球大会 (兼関東地区高等学校野球大会出場校決定戦),硬式野球,,,一回戦出場,一般財団法人 東京都高等学校野球連盟 試合結果,硬式野球部,0
410050,狛江,令和5年度,2023(令和5年) 秋季東京都高等学校野球大会 一次予選,硬式野球,,,一回戦出場,一般財団法人 東京都高等学校野球連盟 試合結果,硬式野球部,0
410050,狛江,令和5年度,2024(令和6年) 春季東京都高等学校野球大会 一次予選,硬式野球,,,二回戦進出,一般財団法人 東京都高等学校野球連盟 試合結果,硬式野球部,0
410050,狛江,令和6年度,2024(令和6年) 秋季東京都高等学校野球大会,硬式野球,,,一回戦出場,一般財団法人 東京都高等学校野球連盟 試合結果,硬式野球部,0
410050,狛江,令和6年度,2024(令和6年) 秋季東京都高等学校野球大会 一次予選,硬式野球,,,二回戦進出,一般財団法人 東京都高等学校野球連盟 試合結果,硬式野球部,0
410050,狛江,令和7年度,2025(令和7年) 春季東京都高等学校野球大会 (兼関東地区高等学校野球大会出場校決定戦),硬式野球,,,二回戦進出,一般財団法人 東京都高等学校野球連盟 試合結果,硬式野球部,0
410050,狛江,令和7年度,2025(令和7年) 秋季東京都高等学校野球大会,硬式野球,,,二回戦進出,一般財団法人 東京都高等学校野球連盟 試合結果,硬式野球部,0
410050,狛江,令和7年度,2025(令和7年) 秋季東京都高等学校野球大会 一次予選,硬式野球,,,二回戦進出,一般財団法人 東京都高等学校野球連盟 試合結果,硬式野球部,0
410050,狛江,令和8年度,2026(令和8年) 春季東京都高等学校野球大会 (兼関東地区高等学校野球大会出場校決定戦),硬式野球,,,二回戦進出,一般財団法人 東京都高等学校野球連盟 試合結果,硬式野球部,0
404420,王子総合,令和4年度,2022(令和4年) 秋季東京都高等学校野球大会,硬式野球,,,二回戦進出,一般財団法人 東京都高等学校野球連盟 試合結果,硬式野球部,0
404420,王子総合,令和4年度,2022(令和4年)年度 秋季東京都高等学校野球大会 一次予選,硬式野球,,,二回戦進出,一般財団法人 東京都高等学校野球連盟 試合結果,硬式野球部,0
404420,王子総合,令和5年度,2023(令和5年) 春季東京都高等学校野球大会 (兼関東地区高等学校野球大会出場校決定戦),硬式野球,,,二回戦進出,一般財団法人 東京都高等学校野球連盟 試合結果,硬式野球部,0
404420,王子総合,令和5年度,2023(令和5年) 秋季東京都高等学校野球大会 一次予選,硬式野球,,,一回戦出場,一般財団法人 東京都高等学校野球連盟 試合結果,硬式野球部,0
404420,王子総合,令和5年度,2024(令和6年) 春季東京都高等学校野球大会 一次予選,硬式野球,,,一回戦出場,一般財団法人 東京都高等学校野球連盟 試合結果,硬式野球部,0
404420,王子総合,令和6年度,2024(令和6年) 秋季東京都高等学校野球大会 一次予選,硬式野球,,,一回戦出場,一般財団法人 東京都高等学校野球連盟 試合結果,硬式野球部,0
404420,王子総合,令和6年度,2025(令和7年) 春季東京都高等学校野球大会 一次予選,硬式野球,,,二回戦進出,一般財団法人 東京都高等学校野球連盟 試合結果,硬式野球部,0
404420,王子総合,令和7年度,2025(令和7年) 秋季東京都高等学校野球大会 一次予選,硬式野球,,,一回戦出場,一般財団法人 東京都高等学校野球連盟 試合結果,硬式野球部,0
404420,王子総合,令和7年度,2026(令和8年) 春季東京都高等学校野球大会 一次予選,硬式野球,,,一回戦出場,一般財団法人 東京都高等学校野球連盟 試合結果,硬式野球部,0
404420,王子総合,令和5年度,第105回全国高等学校野球選手権記念大会 東東京大会,硬式野球,,,三回戦進出,一般財団法人 東京都高等学校野球連盟 試合結果,硬式野球部,0
404420,王子総合,令和6年度,第106回全国高等学校野球選手権大会 東東京大会,硬式野球,,,二回戦進出,一般財団法人 東京都高等学校野球連盟 試合結果,硬式野球部,0
404420,王子総合,令和7年度,第107回全国高等学校野球選手権大会 東東京大会,硬式野球,,,二回戦進出,一般財団法人 東京都高等学校野球連盟 試合結果,硬式野球部,0
404420,王子総合,令和8年度,第108回全国高等学校野球選手権大会 東東京大会,硬式野球,,,三回戦進出,一般財団法人 東京都高等学校野球連盟 試合結果,硬式野球部,0
408820,瑞穂農芸,令和4年度,2022(令和4年)年度 秋季東京都高等学校野球大会 一次予選,硬式野球,,,一回戦出場,一般財団法人 東京都高等学校野球連盟 試合結果,硬式野球部,0
408820,瑞穂農芸,令和4年度,2023(令和5年) 春季東京都高等学校野球大会 一次予選,硬式野球,,,一回戦出場,一般財団法人 東京都高等学校野球連盟 試合結果,硬式野球部,0
408820,瑞穂農芸,令和5年度,2023(令和5年) 秋季東京都高等学校野球大会 一次予選,硬式野球,,,一回戦出場,一般財団法人 東京都高等学校野球連盟 試合結果,硬式野球部,0
408820,瑞穂農芸,令和5年度,2024(令和6年) 春季東京都高等学校野球大会 一次予選,硬式野球,,,一回戦出場,一般財団法人 東京都高等学校野球連盟 試合結果,硬式野球部,0
408820,瑞穂農芸,令和6年度,2024(令和6年) 秋季東京都高等学校野球大会 一次予選,硬式野球,,,一回戦出場,一般財団法人 東京都高等学校野球連盟 試合結果,硬式野球部,0
408820,瑞穂農芸,令和6年度,2025(令和7年) 春季東京都高等学校野球大会 一次予選,硬式野球,,,一回戦出場,一般財団法人 東京都高等学校野球連盟 試合結果,硬式野球部,0
408820,瑞穂農芸,令和7年度,2025(令和7年) 秋季東京都高等学校野球大会 一次予選,硬式野球,,,一回戦出場,一般財団法人 東京都高等学校野球連盟 試合結果,硬式野球部,0
408820,瑞穂農芸,令和7年度,2026(令和8年) 春季東京都高等学校野球大会 一次予選,硬式野球,,,一回戦出場,一般財団法人 東京都高等学校野球連盟 試合結果,硬式野球部,0
401260,田園調布,令和4年度,2022(令和4年)年度 秋季東京都高等学校野球大会 一次予選,硬式野球,,,一回戦出場,一般財団法人 東京都高等学校野球連盟 試合結果,硬式野球部,0
401260,田園調布,令和4年度,2023(令和5年) 春季東京都高等学校野球大会 一次予選,硬式野球,,,一回戦出場,一般財団法人 東京都高等学校野球連盟 試合結果,硬式野球部,0
401260,田園調布,令和5年度,2023(令和5年) 秋季東京都高等学校野球大会 一次予選,硬式野球,,,一回戦出場,一般財団法人 東京都高等学校野球連盟 試合結果,硬式野球部,0
401260,田園調布,令和6年度,2024(令和6年) 秋季東京都高等学校野球大会 一次予選,硬式野球,,,一回戦出場,一般財団法人 東京都高等学校野球連盟 試合結果,硬式野球部,0
401260,田園調布,令和7年度,2025(令和7年) 秋季東京都高等学校野球大会 一次予選,硬式野球,,,二回戦進出,一般財団法人 東京都高等学校野球連盟 試合結果,硬式野球部,0
401260,田園調布,令和8年度,2026(令和8年) 春季東京都高等学校野球大会 (兼関東地区高等学校野球大会出場校決定戦),硬式野球,,,一回戦出場,一般財団法人 東京都高等学校野球連盟 試合結果,硬式野球部,0
401260,田園調布,令和5年度,第105回全国高等学校野球選手権記念大会 東東京大会,硬式野球,,,一回戦出場,一般財団法人 東京都高等学校野球連盟 試合結果,硬式野球部,0
401260,田園調布,令和6年度,第106回全国高等学校野球選手権大会 東東京大会,硬式野球,,,二回戦進出,一般財団法人 東京都高等学校野球連盟 試合結果,硬式野球部,0
401260,田園調布,令和7年度,第107回全国高等学校野球選手権大会 東東京大会,硬式野球,,,二回戦進出,一般財団法人 東京都高等学校野球連盟 試合結果,硬式野球部,0
401260,田園調布,令和8年度,第108回全国高等学校野球選手権大会 東東京大会,硬式野球,,,五回戦進出,一般財団法人 東京都高等学校野球連盟 試合結果,硬式野球部,0
403280,田柄,令和4年度,2022(令和4年)年度 秋季東京都高等学校野球大会 一次予選,硬式野球,,,一回戦出場,一般財団法人 東京都高等学校野球連盟 試合結果,,0
403280,田柄,令和5年度,2023(令和5年) 春季東京都高等学校野球大会 (兼関東地区高等学校野球大会出場校決定戦),硬式野球,,,二回戦進出,一般財団法人 東京都高等学校野球連盟 試合結果,,0
403280,田柄,令和4年度,2023(令和5年) 春季東京都高等学校野球大会 一次予選,硬式野球,,,二回戦進出,一般財団法人 東京都高等学校野球連盟 試合結果,,0
403280,田柄,令和5年度,2023(令和5年) 秋季東京都高等学校野球大会 一次予選,硬式野球,,,一回戦出場,一般財団法人 東京都高等学校野球連盟 試合結果,,0
403280,田柄,令和5年度,2024(令和6年) 春季東京都高等学校野球大会 一次予選,硬式野球,,,一回戦出場,一般財団法人 東京都高等学校野球連盟 試合結果,,0
403280,田柄,令和6年度,2024(令和6年) 秋季東京都高等学校野球大会 一次予選,硬式野球,,,一回戦出場,一般財団法人 東京都高等学校野球連盟 試合結果,,0
403280,田柄,令和6年度,2025(令和7年) 春季東京都高等学校野球大会 一次予選,硬式野球,,,一回戦出場,一般財団法人 東京都高等学校野球連盟 試合結果,,0
409070,田無,令和4年度,2022(令和4年)年度 秋季東京都高等学校野球大会 一次予選,硬式野球,,,一回戦出場,一般財団法人 東京都高等学校野球連盟 試合結果,野球部,0
409070,田無,令和5年度,2023(令和5年) 春季東京都高等学校野球大会 (兼関東地区高等学校野球大会出場校決定戦),硬式野球,,,一回戦出場,一般財団法人 東京都高等学校野球連盟 試合結果,野球部,0
409070,田無,令和5年度,2023(令和5年) 秋季東京都高等学校野球大会 一次予選,硬式野球,,,二回戦進出,一般財団法人 東京都高等学校野球連盟 試合結果,野球部,0
409070,田無,令和5年度,2024(令和6年) 春季東京都高等学校野球大会 一次予選,硬式野球,,,二回戦進出,一般財団法人 東京都高等学校野球連盟 試合結果,野球部,0
409070,田無,令和6年度,2024(令和6年) 秋季東京都高等学校野球大会 一次予選,硬式野球,,,二回戦進出,一般財団法人 東京都高等学校野球連盟 試合結果,野球部,0
409070,田無,令和6年度,2025(令和7年) 春季東京都高等学校野球大会 一次予選,硬式野球,,,二回戦進出,一般財団法人 東京都高等学校野球連盟 試合結果,野球部,0
409070,田無,令和7年度,2025(令和7年) 秋季東京都高等学校野球大会 一次予選,硬式野球,,,二回戦進出,一般財団法人 東京都高等学校野球連盟 試合結果,野球部,0
409070,田無,令和7年度,2026(令和8年) 春季東京都高等学校野球大会 一次予選,硬式野球,,,二回戦進出,一般財団法人 東京都高等学校野球連盟 試合結果,野球部,0
409720,田無工科,令和5年度,2023(令和5年) 秋季東京都高等学校野球大会 一次予選,硬式野球,,,一回戦出場,一般財団法人 東京都高等学校野球連盟 試合結果,硬式野球部,0
409720,田無工科,令和5年度,2024(令和6年) 春季東京都高等学校野球大会 一次予選,硬式野球,,,一回戦出場,一般財団法人 東京都高等学校野球連盟 試合結果,硬式野球部,0
409720,田無工科,令和6年度,2024(令和6年) 秋季東京都高等学校野球大会 一次予選,硬式野球,,,一回戦出場,一般財団法人 東京都高等学校野球連盟 試合結果,硬式野球部,0
409720,田無工科,令和6年度,2025(令和7年) 春季東京都高等学校野球大会 一次予選,硬式野球,,,一回戦出場,一般財団法人 東京都高等学校野球連盟 試合結果,硬式野球部,0
409720,田無工科,令和7年度,2025(令和7年) 秋季東京都高等学校野球大会 一次予選,硬式野球,,,一回戦出場,一般財団法人 東京都高等学校野球連盟 試合結果,硬式野球部,0
409720,田無工科,令和7年度,2026(令和8年) 春季東京都高等学校野球大会 一次予選,硬式野球,,,二回戦進出,一般財団法人 東京都高等学校野球連盟 試合結果,硬式野球部,0
407210,町田,令和4年度,2022(令和4年) 秋季東京都高等学校野球大会,硬式野球,,,一回戦出場,一般財団法人 東京都高等学校野球連盟 試合結果,硬式野球部,0
407210,町田,令和4年度,2022(令和4年)年度 秋季東京都高等学校野球大会 一次予選,硬式野球,,,二回戦進出,一般財団法人 東京都高等学校野球連盟 試合結果,硬式野球部,0
407210,町田,令和5年度,2023(令和5年) 春季東京都高等学校野球大会 (兼関東地区高等学校野球大会出場校決定戦),硬式野球,,,二回戦進出,一般財団法人 東京都高等学校野球連盟 試合結果,硬式野球部,0
407210,町田,令和5年度,2023(令和5年) 秋季東京都高等学校野球大会 一次予選,硬式野球,,,一回戦出場,一般財団法人 東京都高等学校野球連盟 試合結果,硬式野球部,0
407210,町田,令和6年度,2024(令和6年) 春季東京都高等学校野球大会 (兼関東地区高等学校野球大会出場校決定戦),硬式野球,,,一回戦出場,一般財団法人 東京都高等学校野球連盟 試合結果,硬式野球部,0
407210,町田,令和5年度,2024(令和6年) 春季東京都高等学校野球大会 一次予選,硬式野球,,,二回戦進出,一般財団法人 東京都高等学校野球連盟 試合結果,硬式野球部,0
407210,町田,令和6年度,2024(令和6年) 秋季東京都高等学校野球大会 一次予選,硬式野球,,,一回戦出場,一般財団法人 東京都高等学校野球連盟 試合結果,硬式野球部,0
407210,町田,令和6年度,2025(令和7年) 春季東京都高等学校野球大会 一次予選,硬式野球,,,二回戦進出,一般財団法人 東京都高等学校野球連盟 試合結果,硬式野球部,0
407210,町田,令和7年度,2025(令和7年) 秋季東京都高等学校野球大会,硬式野球,,,一回戦出場,一般財団法人 東京都高等学校野球連盟 試合結果,硬式野球部,0
407210,町田,令和7年度,2025(令和7年) 秋季東京都高等学校野球大会 一次予選,硬式野球,,,二回戦進出,一般財団法人 東京都高等学校野球連盟 試合結果,硬式野球部,0
407210,町田,令和8年度,2026(令和8年) 春季東京都高等学校野球大会 (兼関東地区高等学校野球大会出場校決定戦),硬式野球,,,一回戦出場,一般財団法人 東京都高等学校野球連盟 試合結果,硬式野球部,0
407720,町田工科,令和5年度,2023(令和5年) 秋季東京都高等学校野球大会 一次予選,硬式野球,,,一回戦出場,一般財団法人 東京都高等学校野球連盟 試合結果,硬式野球部,0
407720,町田工科,令和6年度,2024(令和6年) 秋季東京都高等学校野球大会 一次予選,硬式野球,,,一回戦出場,一般財団法人 東京都高等学校野球連盟 試合結果,硬式野球部,0
407720,町田工科,令和6年度,2025(令和7年) 春季東京都高等学校野球大会 一次予選,硬式野球,,,一回戦出場,一般財団法人 東京都高等学校野球連盟 試合結果,硬式野球部,0
407720,町田工科,令和7年度,2026(令和8年) 春季東京都高等学校野球大会 一次予選,硬式野球,,,二回戦進出,一般財団法人 東京都高等学校野球連盟 試合結果,硬式野球部,0
402040,目黒,令和4年度,2022(令和4年) 秋季東京都高等学校野球大会,硬式野球,,,二回戦進出,一般財団法人 東京都高等学校野球連盟 試合結果,硬式野球部,0
402040,目黒,令和4年度,2022(令和4年)年度 秋季東京都高等学校野球大会 一次予選,硬式野球,,,二回戦進出,一般財団法人 東京都高等学校野球連盟 試合結果,硬式野球部,0
402040,目黒,令和5年度,2023(令和5年) 春季東京都高等学校野球大会 (兼関東地区高等学校野球大会出場校決定戦),硬式野球,,,一回戦出場,一般財団法人 東京都高等学校野球連盟 試合結果,硬式野球部,0
402040,目黒,令和5年度,2023(令和5年) 秋季東京都高等学校野球大会 一次予選,硬式野球,,,二回戦進出,一般財団法人 東京都高等学校野球連盟 試合結果,硬式野球部,0
402040,目黒,令和5年度,2024(令和6年) 春季東京都高等学校野球大会 一次予選,硬式野球,,,一回戦出場,一般財団法人 東京都高等学校野球連盟 試合結果,硬式野球部,0
402040,目黒,令和6年度,2024(令和6年) 秋季東京都高等学校野球大会 一次予選,硬式野球,,,一回戦出場,一般財団法人 東京都高等学校野球連盟 試合結果,硬式野球部,0
402040,目黒,令和6年度,2025(令和7年) 春季東京都高等学校野球大会 一次予選,硬式野球,,,二回戦進出,一般財団法人 東京都高等学校野球連盟 試合結果,硬式野球部,0
402040,目黒,令和7年度,2026(令和8年) 春季東京都高等学校野球大会 一次予選,硬式野球,,,二回戦進出,一般財団法人 東京都高等学校野球連盟 試合結果,硬式野球部,0
402040,目黒,令和5年度,第105回全国高等学校野球選手権記念大会 東東京大会,硬式野球,,,二回戦進出,一般財団法人 東京都高等学校野球連盟 試合結果,硬式野球部,0
402040,目黒,令和6年度,第106回全国高等学校野球選手権大会 東東京大会,硬式野球,,,二回戦進出,一般財団法人 東京都高等学校野球連盟 試合結果,硬式野球部,0
402040,目黒,令和7年度,第107回全国高等学校野球選手権大会 東東京大会,硬式野球,,,二回戦進出,一般財団法人 東京都高等学校野球連盟 試合結果,硬式野球部,0
402040,目黒,令和8年度,第108回全国高等学校野球選手権大会 東東京大会,硬式野球,,,二回戦進出,一般財団法人 東京都高等学校野球連盟 試合結果,硬式野球部,0
403210,石神井,令和4年度,2022(令和4年)年度 秋季東京都高等学校野球大会 一次予選,硬式野球,,,二回戦進出,一般財団法人 東京都高等学校野球連盟 試合結果,野球部,0
403210,石神井,令和5年度,2023(令和5年) 春季東京都高等学校野球大会 (兼関東地区高等学校野球大会出場校決定戦),硬式野球,,,一回戦出場,一般財団法人 東京都高等学校野球連盟 試合結果,野球部,0
403210,石神井,令和5年度,2023(令和5年) 秋季東京都高等学校野球大会 一次予選,硬式野球,,,一回戦出場,一般財団法人 東京都高等学校野球連盟 試合結果,野球部,0
403210,石神井,令和5年度,2024(令和6年) 春季東京都高等学校野球大会 一次予選,硬式野球,,,一回戦出場,一般財団法人 東京都高等学校野球連盟 試合結果,野球部,0
403210,石神井,令和6年度,2024(令和6年) 秋季東京都高等学校野球大会 一次予選,硬式野球,,,二回戦進出,一般財団法人 東京都高等学校野球連盟 試合結果,野球部,0
403210,石神井,令和6年度,2025(令和7年) 春季東京都高等学校野球大会 一次予選,硬式野球,,,二回戦進出,一般財団法人 東京都高等学校野球連盟 試合結果,野球部,0
403210,石神井,令和7年度,2025(令和7年) 秋季東京都高等学校野球大会 一次予選,硬式野球,,,二回戦進出,一般財団法人 東京都高等学校野球連盟 試合結果,野球部,0
403210,石神井,令和7年度,2026(令和8年) 春季東京都高等学校野球大会 一次予選,硬式野球,,,一回戦出場,一般財団法人 東京都高等学校野球連盟 試合結果,野球部,0
410020,神代,令和4年度,2022(令和4年)年度 秋季東京都高等学校野球大会 一次予選,硬式野球,,,一回戦出場,一般財団法人 東京都高等学校野球連盟 試合結果,硬式野球部,0
410020,神代,令和5年度,2023(令和5年) 秋季東京都高等学校野球大会 一次予選,硬式野球,,,一回戦出場,一般財団法人 東京都高等学校野球連盟 試合結果,硬式野球部,0
410020,神代,令和5年度,2024(令和6年) 春季東京都高等学校野球大会 一次予選,硬式野球,,,二回戦進出,一般財団法人 東京都高等学校野球連盟 試合結果,硬式野球部,0
410020,神代,令和6年度,2025(令和7年) 春季東京都高等学校野球大会 一次予選,硬式野球,,,二回戦進出,一般財団法人 東京都高等学校野球連盟 試合結果,硬式野球部,0
410020,神代,令和7年度,2025(令和7年) 秋季東京都高等学校野球大会 一次予選,硬式野球,,,一回戦出場,一般財団法人 東京都高等学校野球連盟 試合結果,硬式野球部,0
408230,福生,令和4年度,2022(令和4年)年度 秋季東京都高等学校野球大会 一次予選,硬式野球,,,二回戦進出,一般財団法人 東京都高等学校野球連盟 試合結果,硬式野球部,0
408230,福生,令和4年度,2023(令和5年) 春季東京都高等学校野球大会 一次予選,硬式野球,,,二回戦進出,一般財団法人 東京都高等学校野球連盟 試合結果,硬式野球部,0
408230,福生,令和5年度,2023(令和5年) 秋季東京都高等学校野球大会 一次予選,硬式野球,,,一回戦出場,一般財団法人 東京都高等学校野球連盟 試合結果,硬式野球部,0
408230,福生,令和5年度,2024(令和6年) 春季東京都高等学校野球大会 一次予選,硬式野球,,,一回戦出場,一般財団法人 東京都高等学校野球連盟 試合結果,硬式野球部,0
408230,福生,令和6年度,2024(令和6年) 秋季東京都高等学校野球大会 一次予選,硬式野球,,,一回戦出場,一般財団法人 東京都高等学校野球連盟 試合結果,硬式野球部,0
408230,福生,令和6年度,2025(令和7年) 春季東京都高等学校野球大会 一次予選,硬式野球,,,一回戦出場,一般財団法人 東京都高等学校野球連盟 試合結果,硬式野球部,0
408230,福生,令和7年度,2025(令和7年) 秋季東京都高等学校野球大会 一次予選,硬式野球,,,一回戦出場,一般財団法人 東京都高等学校野球連盟 試合結果,硬式野球部,0
408230,福生,令和8年度,2026(令和8年) 春季東京都高等学校野球大会 (兼関東地区高等学校野球大会出場校決定戦),硬式野球,,,二回戦進出,一般財団法人 東京都高等学校野球連盟 試合結果,硬式野球部,0
408240,秋留台,令和4年度,2022(令和4年)年度 秋季東京都高等学校野球大会 一次予選,硬式野球,,,一回戦出場,一般財団法人 東京都高等学校野球連盟 試合結果,硬式野球部,0
408240,秋留台,令和4年度,2023(令和5年) 春季東京都高等学校野球大会 一次予選,硬式野球,,,二回戦進出,一般財団法人 東京都高等学校野球連盟 試合結果,硬式野球部,0
408240,秋留台,令和5年度,2023(令和5年) 秋季東京都高等学校野球大会 一次予選,硬式野球,,,一回戦出場,一般財団法人 東京都高等学校野球連盟 試合結果,硬式野球部,0
408240,秋留台,令和5年度,2024(令和6年) 春季東京都高等学校野球大会 一次予選,硬式野球,,,一回戦出場,一般財団法人 東京都高等学校野球連盟 試合結果,硬式野球部,0
408240,秋留台,令和6年度,2024(令和6年) 秋季東京都高等学校野球大会 一次予選,硬式野球,,,一回戦出場,一般財団法人 東京都高等学校野球連盟 試合結果,硬式野球部,0
408240,秋留台,令和6年度,2025(令和7年) 春季東京都高等学校野球大会 一次予選,硬式野球,,,一回戦出場,一般財団法人 東京都高等学校野球連盟 試合結果,硬式野球部,0
408240,秋留台,令和7年度,2025(令和7年) 秋季東京都高等学校野球大会 一次予選,硬式野球,,,一回戦出場,一般財団法人 東京都高等学校野球連盟 試合結果,硬式野球部,0
408240,秋留台,令和7年度,2026(令和8年) 春季東京都高等学校野球大会 一次予選,硬式野球,,,一回戦出場,一般財団法人 東京都高等学校野球連盟 試合結果,硬式野球部,0
406780,科学技術,令和4年度,2022(令和4年)年度 秋季東京都高等学校野球大会 一次予選,硬式野球,,,一回戦出場,一般財団法人 東京都高等学校野球連盟 試合結果,硬式野球部,0
406780,科学技術,令和4年度,2023(令和5年) 春季東京都高等学校野球大会 一次予選,硬式野球,,,一回戦出場,一般財団法人 東京都高等学校野球連盟 試合結果,硬式野球部,0
406780,科学技術,令和5年度,2023(令和5年) 秋季東京都高等学校野球大会 一次予選,硬式野球,,,一回戦出場,一般財団法人 東京都高等学校野球連盟 試合結果,硬式野球部,0
406780,科学技術,令和5年度,2024(令和6年) 春季東京都高等学校野球大会 一次予選,硬式野球,,,一回戦出場,一般財団法人 東京都高等学校野球連盟 試合結果,硬式野球部,0
406780,科学技術,令和6年度,2024(令和6年) 秋季東京都高等学校野球大会 一次予選,硬式野球,,,一回戦出場,一般財団法人 東京都高等学校野球連盟 試合結果,硬式野球部,0
406780,科学技術,令和6年度,2025(令和7年) 春季東京都高等学校野球大会 一次予選,硬式野球,,,一回戦出場,一般財団法人 東京都高等学校野球連盟 試合結果,硬式野球部,0
406780,科学技術,令和7年度,2025(令和7年) 秋季東京都高等学校野球大会 一次予選,硬式野球,,,一回戦出場,一般財団法人 東京都高等学校野球連盟 試合結果,硬式野球部,0
406780,科学技術,令和7年度,2026(令和8年) 春季東京都高等学校野球大会 一次予選,硬式野球,,,二回戦進出,一般財団法人 東京都高等学校野球連盟 試合結果,硬式野球部,0
406780,科学技術,令和5年度,第105回全国高等学校野球選手権記念大会 東東京大会,硬式野球,,,三回戦進出,一般財団法人 東京都高等学校野球連盟 試合結果,硬式野球部,0
406780,科学技術,令和6年度,第106回全国高等学校野球選手権大会 東東京大会,硬式野球,,,二回戦進出,一般財団法人 東京都高等学校野球連盟 試合結果,硬式野球部,0
406780,科学技術,令和7年度,第107回全国高等学校野球選手権大会 東東京大会,硬式野球,,,二回戦進出,一般財団法人 東京都高等学校野球連盟 試合結果,硬式野球部,0
406780,科学技術,令和8年度,第108回全国高等学校野球選手権大会 東東京大会,硬式野球,,,二回戦進出,一般財団法人 東京都高等学校野球連盟 試合結果,硬式野球部,0
408010,立川,令和4年度,2022(令和4年) 秋季東京都高等学校野球大会,硬式野球,,,一回戦出場,一般財団法人 東京都高等学校野球連盟 試合結果,硬式野球部,0
408010,立川,令和4年度,2022(令和4年)年度 秋季東京都高等学校野球大会 一次予選,硬式野球,,,二回戦進出,一般財団法人 東京都高等学校野球連盟 試合結果,硬式野球部,0
408010,立川,令和5年度,2023(令和5年) 春季東京都高等学校野球大会 (兼関東地区高等学校野球大会出場校決定戦),硬式野球,,,一回戦出場,一般財団法人 東京都高等学校野球連盟 試合結果,硬式野球部,0
408010,立川,令和5年度,2023(令和5年) 秋季東京都高等学校野球大会,硬式野球,,,一回戦出場,一般財団法人 東京都高等学校野球連盟 試合結果,硬式野球部,0
408010,立川,令和5年度,2023(令和5年) 秋季東京都高等学校野球大会 一次予選,硬式野球,,,二回戦進出,一般財団法人 東京都高等学校野球連盟 試合結果,硬式野球部,0
408010,立川,令和6年度,2024(令和6年) 春季東京都高等学校野球大会 (兼関東地区高等学校野球大会出場校決定戦),硬式野球,,,一回戦出場,一般財団法人 東京都高等学校野球連盟 試合結果,硬式野球部,0
408010,立川,令和6年度,2024(令和6年) 秋季東京都高等学校野球大会 一次予選,硬式野球,,,二回戦進出,一般財団法人 東京都高等学校野球連盟 試合結果,硬式野球部,0
408010,立川,令和6年度,2025(令和7年) 春季東京都高等学校野球大会 一次予選,硬式野球,,,二回戦進出,一般財団法人 東京都高等学校野球連盟 試合結果,硬式野球部,0
408010,立川,令和7年度,2025(令和7年) 秋季東京都高等学校野球大会 一次予選,硬式野球,,,一回戦出場,一般財団法人 東京都高等学校野球連盟 試合結果,硬式野球部,0
408010,立川,令和8年度,2026(令和8年) 春季東京都高等学校野球大会 (兼関東地区高等学校野球大会出場校決定戦),硬式野球,,,一回戦出場,一般財団法人 東京都高等学校野球連盟 試合結果,硬式野球部,0
408010,立川,令和7年度,2026(令和8年) 春季東京都高等学校野球大会 一次予選,硬式野球,,,二回戦進出,一般財団法人 東京都高等学校野球連盟 試合結果,硬式野球部,0
405070,竹台,令和6年度,2024(令和6年) 秋季東京都高等学校野球大会 一次予選,硬式野球,,,二回戦進出,一般財団法人 東京都高等学校野球連盟 試合結果,硬式野球部,0
405070,竹台,令和6年度,2025(令和7年) 春季東京都高等学校野球大会 一次予選,硬式野球,,,二回戦進出,一般財団法人 東京都高等学校野球連盟 試合結果,硬式野球部,0
405070,竹台,令和7年度,2025(令和7年) 秋季東京都高等学校野球大会 一次予選,硬式野球,,,一回戦出場,一般財団法人 東京都高等学校野球連盟 試合結果,硬式野球部,0
405070,竹台,令和7年度,2026(令和8年) 春季東京都高等学校野球大会 一次予選,硬式野球,,,二回戦進出,一般財団法人 東京都高等学校野球連盟 試合結果,硬式野球部,0
405070,竹台,令和6年度,第106回全国高等学校野球選手権大会 東東京大会,硬式野球,,,二回戦進出,一般財団法人 東京都高等学校野球連盟 試合結果,硬式野球部,0
405070,竹台,令和7年度,第107回全国高等学校野球選手権大会 東東京大会,硬式野球,,,四回戦進出,一般財団法人 東京都高等学校野球連盟 試合結果,硬式野球部,0
405070,竹台,令和8年度,第108回全国高等学校野球選手権大会 東東京大会,硬式野球,,,三回戦進出,一般財団法人 東京都高等学校野球連盟 試合結果,硬式野球部,0
406280,篠崎,令和4年度,2022(令和4年) 秋季東京都高等学校野球大会,硬式野球,,,一回戦出場,一般財団法人 東京都高等学校野球連盟 試合結果,硬式野球部,0
406280,篠崎,令和4年度,2022(令和4年)年度 秋季東京都高等学校野球大会 一次予選,硬式野球,,,二回戦進出,一般財団法人 東京都高等学校野球連盟 試合結果,硬式野球部,0
406280,篠崎,令和5年度,2023(令和5年) 春季東京都高等学校野球大会 (兼関東地区高等学校野球大会出場校決定戦),硬式野球,,,一回戦出場,一般財団法人 東京都高等学校野球連盟 試合結果,硬式野球部,0
406280,篠崎,令和5年度,2023(令和5年) 秋季東京都高等学校野球大会,硬式野球,,,一回戦出場,一般財団法人 東京都高等学校野球連盟 試合結果,硬式野球部,0
406280,篠崎,令和5年度,2023(令和5年) 秋季東京都高等学校野球大会 一次予選,硬式野球,,,二回戦進出,一般財団法人 東京都高等学校野球連盟 試合結果,硬式野球部,0
406280,篠崎,令和6年度,2024(令和6年) 春季東京都高等学校野球大会 (兼関東地区高等学校野球大会出場校決定戦),硬式野球,,,一回戦出場,一般財団法人 東京都高等学校野球連盟 試合結果,硬式野球部,0
406280,篠崎,令和6年度,2024(令和6年) 秋季東京都高等学校野球大会 一次予選,硬式野球,,,一回戦出場,一般財団法人 東京都高等学校野球連盟 試合結果,硬式野球部,0
406280,篠崎,令和6年度,2025(令和7年) 春季東京都高等学校野球大会 一次予選,硬式野球,,,一回戦出場,一般財団法人 東京都高等学校野球連盟 試合結果,硬式野球部,0
406280,篠崎,令和7年度,2025(令和7年) 秋季東京都高等学校野球大会 一次予選,硬式野球,,,二回戦進出,一般財団法人 東京都高等学校野球連盟 試合結果,硬式野球部,0
406280,篠崎,令和8年度,2026(令和8年) 春季東京都高等学校野球大会 (兼関東地区高等学校野球大会出場校決定戦),硬式野球,,,一回戦出場,一般財団法人 東京都高等学校野球連盟 試合結果,硬式野球部,0
406280,篠崎,令和7年度,2026(令和8年) 春季東京都高等学校野球大会 一次予選,硬式野球,,,二回戦進出,一般財団法人 東京都高等学校野球連盟 試合結果,硬式野球部,0
406280,篠崎,令和5年度,第105回全国高等学校野球選手権記念大会 東東京大会,硬式野球,,,三回戦進出,一般財団法人 東京都高等学校野球連盟 試合結果,硬式野球部,0
406280,篠崎,令和6年度,第106回全国高等学校野球選手権大会 東東京大会,硬式野球,,,三回戦進出,一般財団法人 東京都高等学校野球連盟 試合結果,硬式野球部,0
406280,篠崎,令和7年度,第107回全国高等学校野球選手権大会 東東京大会,硬式野球,,,二回戦進出,一般財団法人 東京都高等学校野球連盟 試合結果,硬式野球部,0
406280,篠崎,令和8年度,第108回全国高等学校野球選手権大会 東東京大会,硬式野球,,,二回戦進出,一般財団法人 東京都高等学校野球連盟 試合結果,硬式野球部,0
406290,紅葉川,令和4年度,2022(令和4年) 秋季東京都高等学校野球大会,硬式野球,,,一回戦出場,一般財団法人 東京都高等学校野球連盟 試合結果,野球部,0
406290,紅葉川,令和4年度,2022(令和4年)年度 秋季東京都高等学校野球大会 一次予選,硬式野球,,,二回戦進出,一般財団法人 東京都高等学校野球連盟 試合結果,野球部,0
406290,紅葉川,令和5年度,2023(令和5年) 春季東京都高等学校野球大会 (兼関東地区高等学校野球大会出場校決定戦),硬式野球,,,一回戦出場,一般財団法人 東京都高等学校野球連盟 試合結果,野球部,0
406290,紅葉川,令和5年度,2023(令和5年) 秋季東京都高等学校野球大会,硬式野球,,,二回戦進出,一般財団法人 東京都高等学校野球連盟 試合結果,野球部,0
406290,紅葉川,令和6年度,2024(令和6年) 春季東京都高等学校野球大会 (兼関東地区高等学校野球大会出場校決定戦),硬式野球,,,二回戦進出,一般財団法人 東京都高等学校野球連盟 試合結果,野球部,0
406290,紅葉川,令和6年度,2024(令和6年) 秋季東京都高等学校野球大会 一次予選,硬式野球,,,一回戦出場,一般財団法人 東京都高等学校野球連盟 試合結果,野球部,0
406290,紅葉川,令和6年度,2025(令和7年) 春季東京都高等学校野球大会 一次予選,硬式野球,,,一回戦出場,一般財団法人 東京都高等学校野球連盟 試合結果,野球部,0
406290,紅葉川,令和7年度,2026(令和8年) 春季東京都高等学校野球大会 一次予選,硬式野球,,,二回戦進出,一般財団法人 東京都高等学校野球連盟 試合結果,野球部,0
406290,紅葉川,令和5年度,第105回全国高等学校野球選手権記念大会 東東京大会,硬式野球,,,三回戦進出,一般財団法人 東京都高等学校野球連盟 試合結果,野球部,0
406290,紅葉川,令和6年度,第106回全国高等学校野球選手権大会 東東京大会,硬式野球,,,三回戦進出,一般財団法人 東京都高等学校野球連盟 試合結果,野球部,0
406290,紅葉川,令和7年度,第107回全国高等学校野球選手権大会 東東京大会,硬式野球,,,二回戦進出,一般財団法人 東京都高等学校野球連盟 試合結果,野球部,0
406290,紅葉川,令和8年度,第108回全国高等学校野球選手権大会 東東京大会,硬式野球,,,四回戦進出,一般財団法人 東京都高等学校野球連盟 試合結果,野球部,0
402750,総合工科,令和4年度,2022(令和4年)年度 秋季東京都高等学校野球大会 一次予選,硬式野球,,,二回戦進出,一般財団法人 東京都高等学校野球連盟 試合結果,硬式野球部,0
402750,総合工科,令和4年度,2023(令和5年) 春季東京都高等学校野球大会 一次予選,硬式野球,,,二回戦進出,一般財団法人 東京都高等学校野球連盟 試合結果,硬式野球部,0
402750,総合工科,令和5年度,2023(令和5年) 秋季東京都高等学校野球大会,硬式野球,,,一回戦出場,一般財団法人 東京都高等学校野球連盟 試合結果,硬式野球部,0
402750,総合工科,令和5年度,2023(令和5年) 秋季東京都高等学校野球大会 一次予選,硬式野球,,,二回戦進出,一般財団法人 東京都高等学校野球連盟 試合結果,硬式野球部,0
402750,総合工科,令和6年度,2024(令和6年) 春季東京都高等学校野球大会 (兼関東地区高等学校野球大会出場校決定戦),硬式野球,,,二回戦進出,一般財団法人 東京都高等学校野球連盟 試合結果,硬式野球部,0
402750,総合工科,令和7年度,2025(令和7年) 春季東京都高等学校野球大会 (兼関東地区高等学校野球大会出場校決定戦),硬式野球,,,一回戦出場,一般財団法人 東京都高等学校野球連盟 試合結果,硬式野球部,0
402750,総合工科,令和6年度,2025(令和7年) 春季東京都高等学校野球大会 一次予選,硬式野球,,,二回戦進出,一般財団法人 東京都高等学校野球連盟 試合結果,硬式野球部,0
402750,総合工科,令和7年度,2025(令和7年) 秋季東京都高等学校野球大会 一次予選,硬式野球,,,一回戦出場,一般財団法人 東京都高等学校野球連盟 試合結果,硬式野球部,0
402750,総合工科,令和7年度,2026(令和8年) 春季東京都高等学校野球大会 一次予選,硬式野球,,,二回戦進出,一般財団法人 東京都高等学校野球連盟 試合結果,硬式野球部,0
403240,練馬,令和4年度,2022(令和4年)年度 秋季東京都高等学校野球大会 一次予選,硬式野球,,,二回戦進出,一般財団法人 東京都高等学校野球連盟 試合結果,硬式野球部,0
403240,練馬,令和4年度,2023(令和5年) 春季東京都高等学校野球大会 一次予選,硬式野球,,,一回戦出場,一般財団法人 東京都高等学校野球連盟 試合結果,硬式野球部,0
403240,練馬,令和5年度,2023(令和5年) 秋季東京都高等学校野球大会 一次予選,硬式野球,,,二回戦進出,一般財団法人 東京都高等学校野球連盟 試合結果,硬式野球部,0
403240,練馬,令和5年度,2024(令和6年) 春季東京都高等学校野球大会 一次予選,硬式野球,,,二回戦進出,一般財団法人 東京都高等学校野球連盟 試合結果,硬式野球部,0
403240,練馬,令和6年度,2024(令和6年) 秋季東京都高等学校野球大会,硬式野球,,,一回戦出場,一般財団法人 東京都高等学校野球連盟 試合結果,硬式野球部,0
403240,練馬,令和7年度,2025(令和7年) 春季東京都高等学校野球大会 (兼関東地区高等学校野球大会出場校決定戦),硬式野球,,,一回戦出場,一般財団法人 東京都高等学校野球連盟 試合結果,硬式野球部,0
403240,練馬,令和7年度,2025(令和7年) 秋季東京都高等学校野球大会 一次予選,硬式野球,,,一回戦出場,一般財団法人 東京都高等学校野球連盟 試合結果,硬式野球部,0
403240,練馬,令和8年度,2026(令和8年) 春季東京都高等学校野球大会 (兼関東地区高等学校野球大会出場校決定戦),硬式野球,,,一回戦出場,一般財団法人 東京都高等学校野球連盟 試合結果,硬式野球部,0
403240,練馬,令和7年度,2026(令和8年) 春季東京都高等学校野球大会 一次予選,硬式野球,,,二回戦進出,一般財団法人 東京都高等学校野球連盟 試合結果,硬式野球部,0
403730,練馬工科,令和5年度,2023(令和5年) 秋季東京都高等学校野球大会 一次予選,硬式野球,,,一回戦出場,一般財団法人 東京都高等学校野球連盟 試合結果,硬式野球部,0
403730,練馬工科,令和5年度,2024(令和6年) 春季東京都高等学校野球大会 一次予選,硬式野球,,,一回戦出場,一般財団法人 東京都高等学校野球連盟 試合結果,硬式野球部,0
403730,練馬工科,令和6年度,2024(令和6年) 秋季東京都高等学校野球大会 一次予選,硬式野球,,,一回戦出場,一般財団法人 東京都高等学校野球連盟 試合結果,硬式野球部,0
403730,練馬工科,令和6年度,2025(令和7年) 春季東京都高等学校野球大会 一次予選,硬式野球,,,一回戦出場,一般財団法人 東京都高等学校野球連盟 試合結果,硬式野球部,0
403730,練馬工科,令和7年度,2025(令和7年) 秋季東京都高等学校野球大会 一次予選,硬式野球,,,一回戦出場,一般財団法人 東京都高等学校野球連盟 試合結果,硬式野球部,0
403730,練馬工科,令和7年度,2026(令和8年) 春季東京都高等学校野球大会 一次予選,硬式野球,,,一回戦出場,一般財団法人 東京都高等学校野球連盟 試合結果,硬式野球部,0
408250,羽村,令和5年度,2023(令和5年) 春季東京都高等学校野球大会 (兼関東地区高等学校野球大会出場校決定戦),硬式野球,,,一回戦出場,一般財団法人 東京都高等学校野球連盟 試合結果,硬式野球部,0
408250,羽村,令和4年度,2023(令和5年) 春季東京都高等学校野球大会 一次予選,硬式野球,,,二回戦進出,一般財団法人 東京都高等学校野球連盟 試合結果,硬式野球部,0
408250,羽村,令和5年度,2023(令和5年) 秋季東京都高等学校野球大会 一次予選,硬式野球,,,二回戦進出,一般財団法人 東京都高等学校野球連盟 試合結果,硬式野球部,0
408250,羽村,令和5年度,2024(令和6年) 春季東京都高等学校野球大会 一次予選,硬式野球,,,一回戦出場,一般財団法人 東京都高等学校野球連盟 試合結果,硬式野球部,0
408250,羽村,令和7年度,2025(令和7年) 秋季東京都高等学校野球大会 一次予選,硬式野球,,,二回戦進出,一般財団法人 東京都高等学校野球連盟 試合結果,硬式野球部,0
408250,羽村,令和7年度,2026(令和8年) 春季東京都高等学校野球大会 一次予選,硬式野球,,,一回戦出場,一般財団法人 東京都高等学校野球連盟 試合結果,硬式野球部,0
407510,翔陽,令和4年度,2022(令和4年)年度 秋季東京都高等学校野球大会 一次予選,硬式野球,,,二回戦進出,一般財団法人 東京都高等学校野球連盟 試合結果,硬式野球部,0
407510,翔陽,令和4年度,2023(令和5年) 春季東京都高等学校野球大会 一次予選,硬式野球,,,一回戦出場,一般財団法人 東京都高等学校野球連盟 試合結果,硬式野球部,0
407510,翔陽,令和5年度,2023(令和5年) 秋季東京都高等学校野球大会 一次予選,硬式野球,,,一回戦出場,一般財団法人 東京都高等学校野球連盟 試合結果,硬式野球部,0
407510,翔陽,令和5年度,2024(令和6年) 春季東京都高等学校野球大会 一次予選,硬式野球,,,二回戦進出,一般財団法人 東京都高等学校野球連盟 試合結果,硬式野球部,0
407510,翔陽,令和6年度,2024(令和6年) 秋季東京都高等学校野球大会 一次予選,硬式野球,,,一回戦出場,一般財団法人 東京都高等学校野球連盟 試合結果,硬式野球部,0
407510,翔陽,令和6年度,2025(令和7年) 春季東京都高等学校野球大会 一次予選,硬式野球,,,一回戦出場,一般財団法人 東京都高等学校野球連盟 試合結果,硬式野球部,0
407510,翔陽,令和7年度,2025(令和7年) 秋季東京都高等学校野球大会 一次予選,硬式野球,,,一回戦出場,一般財団法人 東京都高等学校野球連盟 試合結果,硬式野球部,0
407510,翔陽,令和7年度,2026(令和8年) 春季東京都高等学校野球大会 一次予選,硬式野球,,,一回戦出場,一般財団法人 東京都高等学校野球連盟 試合結果,硬式野球部,0
402530,芦花,令和4年度,2022(令和4年)年度 秋季東京都高等学校野球大会 一次予選,硬式野球,,,一回戦出場,一般財団法人 東京都高等学校野球連盟 試合結果,硬式野球部,0
402530,芦花,令和4年度,2023(令和5年) 春季東京都高等学校野球大会 一次予選,硬式野球,,,一回戦出場,一般財団法人 東京都高等学校野球連盟 試合結果,硬式野球部,0
402530,芦花,令和5年度,2023(令和5年) 秋季東京都高等学校野球大会 一次予選,硬式野球,,,一回戦出場,一般財団法人 東京都高等学校野球連盟 試合結果,硬式野球部,0
402530,芦花,令和6年度,2024(令和6年) 秋季東京都高等学校野球大会 一次予選,硬式野球,,,二回戦進出,一般財団法人 東京都高等学校野球連盟 試合結果,硬式野球部,0
402530,芦花,令和6年度,2025(令和7年) 春季東京都高等学校野球大会 一次予選,硬式野球,,,一回戦出場,一般財団法人 東京都高等学校野球連盟 試合結果,硬式野球部,0
402530,芦花,令和7年度,2025(令和7年) 秋季東京都高等学校野球大会 一次予選,硬式野球,,,一回戦出場,一般財団法人 東京都高等学校野球連盟 試合結果,硬式野球部,0
402530,芦花,令和8年度,2026(令和8年) 春季東京都高等学校野球大会 (兼関東地区高等学校野球大会出場校決定戦),硬式野球,,,二回戦進出,一般財団法人 東京都高等学校野球連盟 試合結果,硬式野球部,0
402530,芦花,令和7年度,2026(令和8年) 春季東京都高等学校野球大会 一次予選,硬式野球,,,二回戦進出,一般財団法人 東京都高等学校野球連盟 試合結果,硬式野球部,0
405720,荒川工科,令和5年度,2023(令和5年) 秋季東京都高等学校野球大会 一次予選,硬式野球,,,一回戦出場,一般財団法人 東京都高等学校野球連盟 試合結果,硬式野球部,0
405720,荒川工科,令和5年度,2024(令和6年) 春季東京都高等学校野球大会 一次予選,硬式野球,,,一回戦出場,一般財団法人 東京都高等学校野球連盟 試合結果,硬式野球部,0
405720,荒川工科,令和6年度,2024(令和6年) 秋季東京都高等学校野球大会 一次予選,硬式野球,,,一回戦出場,一般財団法人 東京都高等学校野球連盟 試合結果,硬式野球部,0
405720,荒川工科,令和6年度,2025(令和7年) 春季東京都高等学校野球大会 一次予選,硬式野球,,,一回戦出場,一般財団法人 東京都高等学校野球連盟 試合結果,硬式野球部,0
405720,荒川工科,令和7年度,2025(令和7年) 秋季東京都高等学校野球大会 一次予選,硬式野球,,,一回戦出場,一般財団法人 東京都高等学校野球連盟 試合結果,硬式野球部,0
405720,荒川工科,令和7年度,2026(令和8年) 春季東京都高等学校野球大会 一次予選,硬式野球,,,二回戦進出,一般財団法人 東京都高等学校野球連盟 試合結果,硬式野球部,0
405720,荒川工科,令和5年度,第105回全国高等学校野球選手権記念大会 東東京大会,硬式野球,,,二回戦進出,一般財団法人 東京都高等学校野球連盟 試合結果,硬式野球部,0
405720,荒川工科,令和6年度,第106回全国高等学校野球選手権大会 東東京大会,硬式野球,,,三回戦進出,一般財団法人 東京都高等学校野球連盟 試合結果,硬式野球部,0
405720,荒川工科,令和7年度,第107回全国高等学校野球選手権大会 東東京大会,硬式野球,,,二回戦進出,一般財団法人 東京都高等学校野球連盟 試合結果,硬式野球部,0
405720,荒川工科,令和8年度,第108回全国高等学校野球選手権大会 東東京大会,硬式野球,,,一回戦出場,一般財団法人 東京都高等学校野球連盟 試合結果,硬式野球部,0
406270,葛西南,令和6年度,2024(令和6年) 秋季東京都高等学校野球大会 一次予選,硬式野球,,,一回戦出場,一般財団法人 東京都高等学校野球連盟 試合結果,野球,0
406270,葛西南,令和6年度,2025(令和7年) 春季東京都高等学校野球大会 一次予選,硬式野球,,,一回戦出場,一般財団法人 東京都高等学校野球連盟 試合結果,野球,0
406270,葛西南,令和6年度,第106回全国高等学校野球選手権大会 東東京大会,硬式野球,,,二回戦進出,一般財団法人 東京都高等学校野球連盟 試合結果,野球,0
406270,葛西南,令和7年度,第107回全国高等学校野球選手権大会 東東京大会,硬式野球,,,二回戦進出,一般財団法人 東京都高等学校野球連盟 試合結果,野球,0
406270,葛西南,令和8年度,第108回全国高等学校野球選手権大会 東東京大会,硬式野球,,,二回戦進出,一般財団法人 東京都高等学校野球連盟 試合結果,野球,0
406760,葛西工科,令和5年度,2023(令和5年) 秋季東京都高等学校野球大会 一次予選,硬式野球,,,一回戦出場,一般財団法人 東京都高等学校野球連盟 試合結果,硬式野球部,0
406760,葛西工科,令和5年度,2024(令和6年) 春季東京都高等学校野球大会 一次予選,硬式野球,,,一回戦出場,一般財団法人 東京都高等学校野球連盟 試合結果,硬式野球部,0
406760,葛西工科,令和6年度,2024(令和6年) 秋季東京都高等学校野球大会 一次予選,硬式野球,,,一回戦出場,一般財団法人 東京都高等学校野球連盟 試合結果,硬式野球部,0
406760,葛西工科,令和6年度,2025(令和7年) 春季東京都高等学校野球大会 一次予選,硬式野球,,,一回戦出場,一般財団法人 東京都高等学校野球連盟 試合結果,硬式野球部,0
406760,葛西工科,令和7年度,2025(令和7年) 秋季東京都高等学校野球大会 一次予選,硬式野球,,,二回戦進出,一般財団法人 東京都高等学校野球連盟 試合結果,硬式野球部,0
406760,葛西工科,令和5年度,第105回全国高等学校野球選手権記念大会 東東京大会,硬式野球,,,二回戦進出,一般財団法人 東京都高等学校野球連盟 試合結果,硬式野球部,0
406760,葛西工科,令和6年度,第106回全国高等学校野球選手権大会 東東京大会,硬式野球,,,二回戦進出,一般財団法人 東京都高等学校野球連盟 試合結果,硬式野球部,0
406760,葛西工科,令和7年度,第107回全国高等学校野球選手権大会 東東京大会,硬式野球,,,二回戦進出,一般財団法人 東京都高等学校野球連盟 試合結果,硬式野球部,0
406760,葛西工科,令和8年度,第108回全国高等学校野球選手権大会 東東京大会,硬式野球,,,二回戦進出,一般財団法人 東京都高等学校野球連盟 試合結果,硬式野球部,0
406420,葛飾総合,令和4年度,2022(令和4年)年度 秋季東京都高等学校野球大会 一次予選,硬式野球,,,一回戦出場,一般財団法人 東京都高等学校野球連盟 試合結果,硬式野球部,0
406420,葛飾総合,令和4年度,2023(令和5年) 春季東京都高等学校野球大会 一次予選,硬式野球,,,一回戦出場,一般財団法人 東京都高等学校野球連盟 試合結果,硬式野球部,0
406420,葛飾総合,令和5年度,2023(令和5年) 秋季東京都高等学校野球大会 一次予選,硬式野球,,,一回戦出場,一般財団法人 東京都高等学校野球連盟 試合結果,硬式野球部,0
406420,葛飾総合,令和6年度,2024(令和6年) 秋季東京都高等学校野球大会 一次予選,硬式野球,,,一回戦出場,一般財団法人 東京都高等学校野球連盟 試合結果,硬式野球部,0
406420,葛飾総合,令和6年度,2025(令和7年) 春季東京都高等学校野球大会 一次予選,硬式野球,,,一回戦出場,一般財団法人 東京都高等学校野球連盟 試合結果,硬式野球部,0
406420,葛飾総合,令和7年度,2025(令和7年) 秋季東京都高等学校野球大会 一次予選,硬式野球,,,一回戦出場,一般財団法人 東京都高等学校野球連盟 試合結果,硬式野球部,0
406420,葛飾総合,令和7年度,2026(令和8年) 春季東京都高等学校野球大会 一次予選,硬式野球,,,一回戦出場,一般財団法人 東京都高等学校野球連盟 試合結果,硬式野球部,0
406420,葛飾総合,令和5年度,第105回全国高等学校野球選手権記念大会 東東京大会,硬式野球,,,二回戦進出,一般財団法人 東京都高等学校野球連盟 試合結果,硬式野球部,0
406420,葛飾総合,令和6年度,第106回全国高等学校野球選手権大会 東東京大会,硬式野球,,,二回戦進出,一般財団法人 東京都高等学校野球連盟 試合結果,硬式野球部,0
406420,葛飾総合,令和7年度,第107回全国高等学校野球選手権大会 東東京大会,硬式野球,,,三回戦進出,一般財団法人 東京都高等学校野球連盟 試合結果,硬式野球部,0
406420,葛飾総合,令和8年度,第108回全国高等学校野球選手権大会 東東京大会,硬式野球,,,二回戦進出,一般財団法人 東京都高等学校野球連盟 試合結果,硬式野球部,0
406040,葛飾野,令和4年度,2022(令和4年)年度 秋季東京都高等学校野球大会 一次予選,硬式野球,,,一回戦出場,一般財団法人 東京都高等学校野球連盟 試合結果,野球部,0
406040,葛飾野,令和5年度,2023(令和5年) 春季東京都高等学校野球大会 (兼関東地区高等学校野球大会出場校決定戦),硬式野球,,,二回戦進出,一般財団法人 東京都高等学校野球連盟 試合結果,野球部,0
406040,葛飾野,令和4年度,2023(令和5年) 春季東京都高等学校野球大会 一次予選,硬式野球,,,二回戦進出,一般財団法人 東京都高等学校野球連盟 試合結果,野球部,0
406040,葛飾野,令和5年度,2024(令和6年) 春季東京都高等学校野球大会 一次予選,硬式野球,,,二回戦進出,一般財団法人 東京都高等学校野球連盟 試合結果,野球部,0
406040,葛飾野,令和6年度,2024(令和6年) 秋季東京都高等学校野球大会 一次予選,硬式野球,,,二回戦進出,一般財団法人 東京都高等学校野球連盟 試合結果,野球部,0
406040,葛飾野,令和6年度,2025(令和7年) 春季東京都高等学校野球大会 一次予選,硬式野球,,,二回戦進出,一般財団法人 東京都高等学校野球連盟 試合結果,野球部,0
406040,葛飾野,令和7年度,2025(令和7年) 秋季東京都高等学校野球大会,硬式野球,,,一回戦出場,一般財団法人 東京都高等学校野球連盟 試合結果,野球部,0
406040,葛飾野,令和7年度,2025(令和7年) 秋季東京都高等学校野球大会 一次予選,硬式野球,,,二回戦進出,一般財団法人 東京都高等学校野球連盟 試合結果,野球部,0
406040,葛飾野,令和8年度,2026(令和8年) 春季東京都高等学校野球大会 (兼関東地区高等学校野球大会出場校決定戦),硬式野球,,,一回戦出場,一般財団法人 東京都高等学校野球連盟 試合結果,野球部,0
406040,葛飾野,令和5年度,第105回全国高等学校野球選手権記念大会 東東京大会,硬式野球,,,三回戦進出,一般財団法人 東京都高等学校野球連盟 試合結果,野球部,0
406040,葛飾野,令和6年度,第106回全国高等学校野球選手権大会 東東京大会,硬式野球,,,三回戦進出,一般財団法人 東京都高等学校野球連盟 試合結果,野球部,0
406040,葛飾野,令和7年度,第107回全国高等学校野球選手権大会 東東京大会,硬式野球,,,五回戦進出,一般財団法人 東京都高等学校野球連盟 試合結果,野球部,0
406040,葛飾野,令和8年度,第108回全国高等学校野球選手権大会 東東京大会,硬式野球,,,三回戦進出,一般財団法人 東京都高等学校野球連盟 試合結果,野球部,0
401290,蒲田,令和5年度,2023(令和5年) 秋季東京都高等学校野球大会 一次予選,硬式野球,,,一回戦出場,一般財団法人 東京都高等学校野球連盟 試合結果,,0
401290,蒲田,令和6年度,2024(令和6年) 秋季東京都高等学校野球大会 一次予選,硬式野球,,,一回戦出場,一般財団法人 東京都高等学校野球連盟 試合結果,,0
401290,蒲田,令和6年度,2025(令和7年) 春季東京都高等学校野球大会 一次予選,硬式野球,,,一回戦出場,一般財団法人 東京都高等学校野球連盟 試合結果,,0
401290,蒲田,令和5年度,第105回全国高等学校野球選手権記念大会 東東京大会,硬式野球,,,二回戦進出,一般財団法人 東京都高等学校野球連盟 試合結果,,0
401290,蒲田,令和6年度,第106回全国高等学校野球選手権大会 東東京大会,硬式野球,,,二回戦進出,一般財団法人 東京都高等学校野球連盟 試合結果,,0
403050,西,令和4年度,2022(令和4年)年度 秋季東京都高等学校野球大会 一次予選,硬式野球,,,二回戦進出,一般財団法人 東京都高等学校野球連盟 試合結果,硬式野球部,0
403050,西,令和4年度,2023(令和5年) 春季東京都高等学校野球大会 一次予選,硬式野球,,,一回戦出場,一般財団法人 東京都高等学校野球連盟 試合結果,硬式野球部,0
403050,西,令和5年度,2023(令和5年) 秋季東京都高等学校野球大会 一次予選,硬式野球,,,一回戦出場,一般財団法人 東京都高等学校野球連盟 試合結果,硬式野球部,0
403050,西,令和6年度,2024(令和6年) 秋季東京都高等学校野球大会 一次予選,硬式野球,,,二回戦進出,一般財団法人 東京都高等学校野球連盟 試合結果,硬式野球部,0
403050,西,令和6年度,2025(令和7年) 春季東京都高等学校野球大会 一次予選,硬式野球,,,二回戦進出,一般財団法人 東京都高等学校野球連盟 試合結果,硬式野球部,0
403050,西,令和7年度,2025(令和7年) 秋季東京都高等学校野球大会 一次予選,硬式野球,,,一回戦出場,一般財団法人 東京都高等学校野球連盟 試合結果,硬式野球部,0
403050,西,令和7年度,2026(令和8年) 春季東京都高等学校野球大会 一次予選,硬式野球,,,一回戦出場,一般財団法人 東京都高等学校野球連盟 試合結果,硬式野球部,0
410030,調布北,令和4年度,2022(令和4年)年度 秋季東京都高等学校野球大会 一次予選,硬式野球,,,一回戦出場,一般財団法人 東京都高等学校野球連盟 試合結果,硬式野球部,0
410030,調布北,令和5年度,2023(令和5年) 秋季東京都高等学校野球大会 一次予選,硬式野球,,,一回戦出場,一般財団法人 東京都高等学校野球連盟 試合結果,硬式野球部,0
410030,調布北,令和5年度,2024(令和6年) 春季東京都高等学校野球大会 一次予選,硬式野球,,,一回戦出場,一般財団法人 東京都高等学校野球連盟 試合結果,硬式野球部,0
410030,調布北,令和6年度,2024(令和6年) 秋季東京都高等学校野球大会 一次予選,硬式野球,,,一回戦出場,一般財団法人 東京都高等学校野球連盟 試合結果,硬式野球部,0
410030,調布北,令和6年度,2025(令和7年) 春季東京都高等学校野球大会 一次予選,硬式野球,,,一回戦出場,一般財団法人 東京都高等学校野球連盟 試合結果,硬式野球部,0
410030,調布北,令和7年度,2025(令和7年) 秋季東京都高等学校野球大会 一次予選,硬式野球,,,一回戦出場,一般財団法人 東京都高等学校野球連盟 試合結果,硬式野球部,0
410040,調布南,令和4年度,2022(令和4年)年度 秋季東京都高等学校野球大会 一次予選,硬式野球,,,一回戦出場,一般財団法人 東京都高等学校野球連盟 試合結果,東京都立調布南高等学校硬式野球部,0
410040,調布南,令和5年度,2023(令和5年) 春季東京都高等学校野球大会 (兼関東地区高等学校野球大会出場校決定戦),硬式野球,,,一回戦出場,一般財団法人 東京都高等学校野球連盟 試合結果,東京都立調布南高等学校硬式野球部,0
410040,調布南,令和5年度,2023(令和5年) 秋季東京都高等学校野球大会 一次予選,硬式野球,,,一回戦出場,一般財団法人 東京都高等学校野球連盟 試合結果,東京都立調布南高等学校硬式野球部,0
410040,調布南,令和5年度,2024(令和6年) 春季東京都高等学校野球大会 一次予選,硬式野球,,,一回戦出場,一般財団法人 東京都高等学校野球連盟 試合結果,東京都立調布南高等学校硬式野球部,0
410040,調布南,令和6年度,2024(令和6年) 秋季東京都高等学校野球大会 一次予選,硬式野球,,,一回戦出場,一般財団法人 東京都高等学校野球連盟 試合結果,東京都立調布南高等学校硬式野球部,0
410040,調布南,令和6年度,2025(令和7年) 春季東京都高等学校野球大会 一次予選,硬式野球,,,二回戦進出,一般財団法人 東京都高等学校野球連盟 試合結果,東京都立調布南高等学校硬式野球部,0
410040,調布南,令和7年度,2025(令和7年) 秋季東京都高等学校野球大会 一次予選,硬式野球,,,一回戦出場,一般財団法人 東京都高等学校野球連盟 試合結果,東京都立調布南高等学校硬式野球部,0
410040,調布南,令和8年度,2026(令和8年) 春季東京都高等学校野球大会 (兼関東地区高等学校野球大会出場校決定戦),硬式野球,,,三回戦進出,一般財団法人 東京都高等学校野球連盟 試合結果,東京都立調布南高等学校硬式野球部,0
410040,調布南,令和7年度,2026(令和8年) 春季東京都高等学校野球大会 一次予選,硬式野球,,,二回戦進出,一般財団法人 東京都高等学校野球連盟 試合結果,東京都立調布南高等学校硬式野球部,0
403060,豊多摩,令和4年度,2022(令和4年) 秋季東京都高等学校野球大会,硬式野球,,,一回戦出場,一般財団法人 東京都高等学校野球連盟 試合結果,硬式野球部,0
403060,豊多摩,令和4年度,2022(令和4年)年度 秋季東京都高等学校野球大会 一次予選,硬式野球,,,二回戦進出,一般財団法人 東京都高等学校野球連盟 試合結果,硬式野球部,0
403060,豊多摩,令和5年度,2023(令和5年) 春季東京都高等学校野球大会 (兼関東地区高等学校野球大会出場校決定戦),硬式野球,,,一回戦出場,一般財団法人 東京都高等学校野球連盟 試合結果,硬式野球部,0
403060,豊多摩,令和5年度,2024(令和6年) 春季東京都高等学校野球大会 一次予選,硬式野球,,,一回戦出場,一般財団法人 東京都高等学校野球連盟 試合結果,硬式野球部,0
403060,豊多摩,令和6年度,2024(令和6年) 秋季東京都高等学校野球大会 一次予選,硬式野球,,,一回戦出場,一般財団法人 東京都高等学校野球連盟 試合結果,硬式野球部,0
403060,豊多摩,令和7年度,2025(令和7年) 春季東京都高等学校野球大会 (兼関東地区高等学校野球大会出場校決定戦),硬式野球,,,一回戦出場,一般財団法人 東京都高等学校野球連盟 試合結果,硬式野球部,0
403060,豊多摩,令和6年度,2025(令和7年) 春季東京都高等学校野球大会 一次予選,硬式野球,,,二回戦進出,一般財団法人 東京都高等学校野球連盟 試合結果,硬式野球部,0
403060,豊多摩,令和8年度,2026(令和8年) 春季東京都高等学校野球大会 (兼関東地区高等学校野球大会出場校決定戦),硬式野球,,,一回戦出場,一般財団法人 東京都高等学校野球連盟 試合結果,硬式野球部,0
403060,豊多摩,令和7年度,2026(令和8年) 春季東京都高等学校野球大会 一次予選,硬式野球,,,二回戦進出,一般財団法人 東京都高等学校野球連盟 試合結果,硬式野球部,0
405730,足立工科,令和5年度,2023(令和5年) 秋季東京都高等学校野球大会 一次予選,硬式野球,,,一回戦出場,一般財団法人 東京都高等学校野球連盟 試合結果,硬式野球部,0
405730,足立工科,令和5年度,2024(令和6年) 春季東京都高等学校野球大会 一次予選,硬式野球,,,一回戦出場,一般財団法人 東京都高等学校野球連盟 試合結果,硬式野球部,0
405730,足立工科,令和7年度,2025(令和7年) 秋季東京都高等学校野球大会 一次予選,硬式野球,,,二回戦進出,一般財団法人 東京都高等学校野球連盟 試合結果,硬式野球部,0
405730,足立工科,令和7年度,2026(令和8年) 春季東京都高等学校野球大会 一次予選,硬式野球,,,一回戦出場,一般財団法人 東京都高等学校野球連盟 試合結果,硬式野球部,0
405730,足立工科,令和5年度,第105回全国高等学校野球選手権記念大会 東東京大会,硬式野球,,,二回戦進出,一般財団法人 東京都高等学校野球連盟 試合結果,硬式野球部,0
405730,足立工科,令和7年度,第107回全国高等学校野球選手権大会 東東京大会,硬式野球,,,二回戦進出,一般財団法人 東京都高等学校野球連盟 試合結果,硬式野球部,0
405270,足立新田,令和4年度,2022(令和4年) 秋季東京都高等学校野球大会,硬式野球,,,二回戦進出,一般財団法人 東京都高等学校野球連盟 試合結果,硬式野球部,0
405270,足立新田,令和4年度,2022(令和4年)年度 秋季東京都高等学校野球大会 一次予選,硬式野球,,,二回戦進出,一般財団法人 東京都高等学校野球連盟 試合結果,硬式野球部,0
405270,足立新田,令和5年度,2023(令和5年) 春季東京都高等学校野球大会 (兼関東地区高等学校野球大会出場校決定戦),硬式野球,,,一回戦出場,一般財団法人 東京都高等学校野球連盟 試合結果,硬式野球部,0
405270,足立新田,令和5年度,2024(令和6年) 春季東京都高等学校野球大会 一次予選,硬式野球,,,一回戦出場,一般財団法人 東京都高等学校野球連盟 試合結果,硬式野球部,0
405270,足立新田,令和6年度,2024(令和6年) 秋季東京都高等学校野球大会 一次予選,硬式野球,,,二回戦進出,一般財団法人 東京都高等学校野球連盟 試合結果,硬式野球部,0
405270,足立新田,令和7年度,2025(令和7年) 秋季東京都高等学校野球大会 一次予選,硬式野球,,,二回戦進出,一般財団法人 東京都高等学校野球連盟 試合結果,硬式野球部,0
405270,足立新田,令和7年度,2026(令和8年) 春季東京都高等学校野球大会 一次予選,硬式野球,,,一回戦出場,一般財団法人 東京都高等学校野球連盟 試合結果,硬式野球部,0
405270,足立新田,令和5年度,第105回全国高等学校野球選手権記念大会 東東京大会,硬式野球,,,三回戦進出,一般財団法人 東京都高等学校野球連盟 試合結果,硬式野球部,0
405270,足立新田,令和6年度,第106回全国高等学校野球選手権大会 東東京大会,硬式野球,,,四回戦進出,一般財団法人 東京都高等学校野球連盟 試合結果,硬式野球部,0
405270,足立新田,令和7年度,第107回全国高等学校野球選手権大会 東東京大会,硬式野球,,,二回戦進出,一般財団法人 東京都高等学校野球連盟 試合結果,硬式野球部,0
405270,足立新田,令和8年度,第108回全国高等学校野球選手権大会 東東京大会,硬式野球,,,三回戦進出,一般財団法人 東京都高等学校野球連盟 試合結果,硬式野球部,0
405250,足立東,令和4年度,2022(令和4年)年度 秋季東京都高等学校野球大会 一次予選,硬式野球,,,一回戦出場,一般財団法人 東京都高等学校野球連盟 試合結果,硬式野球部,0
405250,足立東,令和4年度,2023(令和5年) 春季東京都高等学校野球大会 一次予選,硬式野球,,,一回戦出場,一般財団法人 東京都高等学校野球連盟 試合結果,硬式野球部,0
405250,足立東,令和5年度,2023(令和5年) 秋季東京都高等学校野球大会 一次予選,硬式野球,,,一回戦出場,一般財団法人 東京都高等学校野球連盟 試合結果,硬式野球部,0
405250,足立東,令和6年度,2024(令和6年) 秋季東京都高等学校野球大会 一次予選,硬式野球,,,一回戦出場,一般財団法人 東京都高等学校野球連盟 試合結果,硬式野球部,0
405250,足立東,令和6年度,2025(令和7年) 春季東京都高等学校野球大会 一次予選,硬式野球,,,一回戦出場,一般財団法人 東京都高等学校野球連盟 試合結果,硬式野球部,0
405250,足立東,令和7年度,2025(令和7年) 秋季東京都高等学校野球大会 一次予選,硬式野球,,,一回戦出場,一般財団法人 東京都高等学校野球連盟 試合結果,硬式野球部,0
405250,足立東,令和7年度,2026(令和8年) 春季東京都高等学校野球大会 一次予選,硬式野球,,,一回戦出場,一般財団法人 東京都高等学校野球連盟 試合結果,硬式野球部,0
405250,足立東,令和5年度,第105回全国高等学校野球選手権記念大会 東東京大会,硬式野球,,,二回戦進出,一般財団法人 東京都高等学校野球連盟 試合結果,硬式野球部,0
405250,足立東,令和6年度,第106回全国高等学校野球選手権大会 東東京大会,硬式野球,,,二回戦進出,一般財団法人 東京都高等学校野球連盟 試合結果,硬式野球部,0
405250,足立東,令和7年度,第107回全国高等学校野球選手権大会 東東京大会,硬式野球,,,三回戦進出,一般財団法人 東京都高等学校野球連盟 試合結果,硬式野球部,0
405250,足立東,令和8年度,第108回全国高等学校野球選手権大会 東東京大会,硬式野球,,,二回戦進出,一般財団法人 東京都高等学校野球連盟 試合結果,硬式野球部,0
405240,足立西,令和4年度,2023(令和5年) 春季東京都高等学校野球大会 一次予選,硬式野球,,,二回戦進出,一般財団法人 東京都高等学校野球連盟 試合結果,硬式野球部,0
405240,足立西,令和5年度,2023(令和5年) 秋季東京都高等学校野球大会 一次予選,硬式野球,,,一回戦出場,一般財団法人 東京都高等学校野球連盟 試合結果,硬式野球部,0
405240,足立西,令和6年度,2024(令和6年) 春季東京都高等学校野球大会 (兼関東地区高等学校野球大会出場校決定戦),硬式野球,,,一回戦出場,一般財団法人 東京都高等学校野球連盟 試合結果,硬式野球部,0
405240,足立西,令和5年度,2024(令和6年) 春季東京都高等学校野球大会 一次予選,硬式野球,,,二回戦進出,一般財団法人 東京都高等学校野球連盟 試合結果,硬式野球部,0
405240,足立西,令和6年度,2024(令和6年) 秋季東京都高等学校野球大会 一次予選,硬式野球,,,二回戦進出,一般財団法人 東京都高等学校野球連盟 試合結果,硬式野球部,0
405240,足立西,令和7年度,2025(令和7年) 春季東京都高等学校野球大会 (兼関東地区高等学校野球大会出場校決定戦),硬式野球,,,二回戦進出,一般財団法人 東京都高等学校野球連盟 試合結果,硬式野球部,0
405240,足立西,令和7年度,2025(令和7年) 秋季東京都高等学校野球大会 一次予選,硬式野球,,,一回戦出場,一般財団法人 東京都高等学校野球連盟 試合結果,硬式野球部,0
405240,足立西,令和7年度,2026(令和8年) 春季東京都高等学校野球大会 一次予選,硬式野球,,,二回戦進出,一般財団法人 東京都高等学校野球連盟 試合結果,硬式野球部,0
405240,足立西,令和5年度,第105回全国高等学校野球選手権記念大会 東東京大会,硬式野球,,,三回戦進出,一般財団法人 東京都高等学校野球連盟 試合結果,硬式野球部,0
405240,足立西,令和6年度,第106回全国高等学校野球選手権大会 東東京大会,硬式野球,,,二回戦進出,一般財団法人 東京都高等学校野球連盟 試合結果,硬式野球部,0
405240,足立西,令和7年度,第107回全国高等学校野球選手権大会 東東京大会,硬式野球,,,二回戦進出,一般財団法人 東京都高等学校野球連盟 試合結果,硬式野球部,0
405240,足立西,令和8年度,第108回全国高等学校野球選手権大会 東東京大会,硬式野球,,,二回戦進出,一般財団法人 東京都高等学校野球連盟 試合結果,硬式野球部,0
410810,農業,令和4年度,2022(令和4年)年度 秋季東京都高等学校野球大会 一次予選,硬式野球,,,一回戦出場,一般財団法人 東京都高等学校野球連盟 試合結果,硬式野球部,0
410810,農業,令和5年度,2023(令和5年) 春季東京都高等学校野球大会 (兼関東地区高等学校野球大会出場校決定戦),硬式野球,,,一回戦出場,一般財団法人 東京都高等学校野球連盟 試合結果,硬式野球部,0
410810,農業,令和5年度,2023(令和5年) 秋季東京都高等学校野球大会 一次予選,硬式野球,,,一回戦出場,一般財団法人 東京都高等学校野球連盟 試合結果,硬式野球部,0
410810,農業,令和5年度,2024(令和6年) 春季東京都高等学校野球大会 一次予選,硬式野球,,,二回戦進出,一般財団法人 東京都高等学校野球連盟 試合結果,硬式野球部,0
410810,農業,令和6年度,2024(令和6年) 秋季東京都高等学校野球大会 一次予選,硬式野球,,,一回戦出場,一般財団法人 東京都高等学校野球連盟 試合結果,硬式野球部,0
410810,農業,令和7年度,2025(令和7年) 秋季東京都高等学校野球大会 一次予選,硬式野球,,,一回戦出場,一般財団法人 東京都高等学校野球連盟 試合結果,硬式野球部,0
410810,農業,令和7年度,2026(令和8年) 春季東京都高等学校野球大会 一次予選,硬式野球,,,一回戦出場,一般財団法人 東京都高等学校野球連盟 試合結果,硬式野球部,0
406810,農産,令和4年度,2022(令和4年)年度 秋季東京都高等学校野球大会 一次予選,硬式野球,,,一回戦出場,一般財団法人 東京都高等学校野球連盟 試合結果,硬式野球部,0
406810,農産,令和5年度,2023(令和5年) 秋季東京都高等学校野球大会 一次予選,硬式野球,,,一回戦出場,一般財団法人 東京都高等学校野球連盟 試合結果,硬式野球部,0
406810,農産,令和6年度,2024(令和6年) 秋季東京都高等学校野球大会 一次予選,硬式野球,,,一回戦出場,一般財団法人 東京都高等学校野球連盟 試合結果,硬式野球部,0
406810,農産,令和6年度,2025(令和7年) 春季東京都高等学校野球大会 一次予選,硬式野球,,,一回戦出場,一般財団法人 東京都高等学校野球連盟 試合結果,硬式野球部,0
406810,農産,令和7年度,2025(令和7年) 秋季東京都高等学校野球大会 一次予選,硬式野球,,,一回戦出場,一般財団法人 東京都高等学校野球連盟 試合結果,硬式野球部,0
406810,農産,令和7年度,2026(令和8年) 春季東京都高等学校野球大会 一次予選,硬式野球,,,一回戦出場,一般財団法人 東京都高等学校野球連盟 試合結果,硬式野球部,0
406810,農産,令和5年度,第105回全国高等学校野球選手権記念大会 東東京大会,硬式野球,,,一回戦出場,一般財団法人 東京都高等学校野球連盟 試合結果,硬式野球部,0
406810,農産,令和6年度,第106回全国高等学校野球選手権大会 東東京大会,硬式野球,,,一回戦出場,一般財団法人 東京都高等学校野球連盟 試合結果,硬式野球部,0
406810,農産,令和7年度,第107回全国高等学校野球選手権大会 東東京大会,硬式野球,,,三回戦進出,一般財団法人 東京都高等学校野球連盟 試合結果,硬式野球部,0
406810,農産,令和8年度,第108回全国高等学校野球選手権大会 東東京大会,硬式野球,,,二回戦進出,一般財団法人 東京都高等学校野球連盟 試合結果,硬式野球部,0
401240,雪谷,令和4年度,2022(令和4年)年度 秋季東京都高等学校野球大会 一次予選,硬式野球,,,一回戦出場,一般財団法人 東京都高等学校野球連盟 試合結果,硬式野球部,0
401240,雪谷,令和5年度,2023(令和5年) 春季東京都高等学校野球大会 (兼関東地区高等学校野球大会出場校決定戦),硬式野球,,,一回戦出場,一般財団法人 東京都高等学校野球連盟 試合結果,硬式野球部,0
401240,雪谷,令和4年度,2023(令和5年) 春季東京都高等学校野球大会 一次予選,硬式野球,,,二回戦進出,一般財団法人 東京都高等学校野球連盟 試合結果,硬式野球部,0
401240,雪谷,令和5年度,2023(令和5年) 秋季東京都高等学校野球大会 一次予選,硬式野球,,,二回戦進出,一般財団法人 東京都高等学校野球連盟 試合結果,硬式野球部,0
401240,雪谷,令和6年度,2024(令和6年) 春季東京都高等学校野球大会 (兼関東地区高等学校野球大会出場校決定戦),硬式野球,,,三回戦進出,一般財団法人 東京都高等学校野球連盟 試合結果,硬式野球部,0
401240,雪谷,令和5年度,2024(令和6年) 春季東京都高等学校野球大会 一次予選,硬式野球,,,二回戦進出,一般財団法人 東京都高等学校野球連盟 試合結果,硬式野球部,0
401240,雪谷,令和6年度,2024(令和6年) 秋季東京都高等学校野球大会,硬式野球,,,二回戦進出,一般財団法人 東京都高等学校野球連盟 試合結果,硬式野球部,0
401240,雪谷,令和6年度,2024(令和6年) 秋季東京都高等学校野球大会 一次予選,硬式野球,,,二回戦進出,一般財団法人 東京都高等学校野球連盟 試合結果,硬式野球部,0
401240,雪谷,令和7年度,2025(令和7年) 春季東京都高等学校野球大会 (兼関東地区高等学校野球大会出場校決定戦),硬式野球,,,一回戦出場,一般財団法人 東京都高等学校野球連盟 試合結果,硬式野球部,0
401240,雪谷,令和7年度,2025(令和7年) 秋季東京都高等学校野球大会 一次予選,硬式野球,,,二回戦進出,一般財団法人 東京都高等学校野球連盟 試合結果,硬式野球部,0
401240,雪谷,令和7年度,2026(令和8年) 春季東京都高等学校野球大会 一次予選,硬式野球,,,一回戦出場,一般財団法人 東京都高等学校野球連盟 試合結果,硬式野球部,0
401240,雪谷,令和5年度,第105回全国高等学校野球選手権記念大会 東東京大会,硬式野球,,,二回戦進出,一般財団法人 東京都高等学校野球連盟 試合結果,硬式野球部,0
401240,雪谷,令和6年度,第106回全国高等学校野球選手権大会 東東京大会,硬式野球,,,二回戦進出,一般財団法人 東京都高等学校野球連盟 試合結果,硬式野球部,0
401240,雪谷,令和7年度,第107回全国高等学校野球選手権大会 東東京大会,硬式野球,,,五回戦進出,一般財団法人 東京都高等学校野球連盟 試合結果,硬式野球部,0
401240,雪谷,令和8年度,第108回全国高等学校野球選手権大会 東東京大会,硬式野球,,,四回戦進出,一般財団法人 東京都高等学校野球連盟 試合結果,硬式野球部,0
405260,青井,令和4年度,2022(令和4年)年度 秋季東京都高等学校野球大会 一次予選,硬式野球,,,一回戦出場,一般財団法人 東京都高等学校野球連盟 試合結果,硬式野球部,0
405260,青井,令和4年度,2023(令和5年) 春季東京都高等学校野球大会 一次予選,硬式野球,,,一回戦出場,一般財団法人 東京都高等学校野球連盟 試合結果,硬式野球部,0
405260,青井,令和5年度,2023(令和5年) 秋季東京都高等学校野球大会 一次予選,硬式野球,,,一回戦出場,一般財団法人 東京都高等学校野球連盟 試合結果,硬式野球部,0
405260,青井,令和6年度,2024(令和6年) 秋季東京都高等学校野球大会 一次予選,硬式野球,,,一回戦出場,一般財団法人 東京都高等学校野球連盟 試合結果,硬式野球部,0
405260,青井,令和6年度,2025(令和7年) 春季東京都高等学校野球大会 一次予選,硬式野球,,,一回戦出場,一般財団法人 東京都高等学校野球連盟 試合結果,硬式野球部,0
405260,青井,令和7年度,2025(令和7年) 秋季東京都高等学校野球大会 一次予選,硬式野球,,,一回戦出場,一般財団法人 東京都高等学校野球連盟 試合結果,硬式野球部,0
405260,青井,令和7年度,2026(令和8年) 春季東京都高等学校野球大会 一次予選,硬式野球,,,一回戦出場,一般財団法人 東京都高等学校野球連盟 試合結果,硬式野球部,0
405260,青井,令和5年度,第105回全国高等学校野球選手権記念大会 東東京大会,硬式野球,,,二回戦進出,一般財団法人 東京都高等学校野球連盟 試合結果,硬式野球部,0
405260,青井,令和6年度,第106回全国高等学校野球選手権大会 東東京大会,硬式野球,,,二回戦進出,一般財団法人 東京都高等学校野球連盟 試合結果,硬式野球部,0
405260,青井,令和7年度,第107回全国高等学校野球選手権大会 東東京大会,硬式野球,,,三回戦進出,一般財団法人 東京都高等学校野球連盟 試合結果,硬式野球部,0
405260,青井,令和8年度,第108回全国高等学校野球選手権大会 東東京大会,硬式野球,,,二回戦進出,一般財団法人 東京都高等学校野球連盟 試合結果,硬式野球部,0
402070,青山,令和4年度,2022(令和4年) 秋季東京都高等学校野球大会,硬式野球,,,一回戦出場,一般財団法人 東京都高等学校野球連盟 試合結果,硬式野球部,0
402070,青山,令和4年度,2022(令和4年)年度 秋季東京都高等学校野球大会 一次予選,硬式野球,,,二回戦進出,一般財団法人 東京都高等学校野球連盟 試合結果,硬式野球部,0
402070,青山,令和5年度,2023(令和5年) 春季東京都高等学校野球大会 (兼関東地区高等学校野球大会出場校決定戦),硬式野球,,,二回戦進出,一般財団法人 東京都高等学校野球連盟 試合結果,硬式野球部,0
402070,青山,令和5年度,2023(令和5年) 秋季東京都高等学校野球大会 一次予選,硬式野球,,,二回戦進出,一般財団法人 東京都高等学校野球連盟 試合結果,硬式野球部,0
402070,青山,令和5年度,2024(令和6年) 春季東京都高等学校野球大会 一次予選,硬式野球,,,一回戦出場,一般財団法人 東京都高等学校野球連盟 試合結果,硬式野球部,0
402070,青山,令和6年度,2024(令和6年) 秋季東京都高等学校野球大会 一次予選,硬式野球,,,一回戦出場,一般財団法人 東京都高等学校野球連盟 試合結果,硬式野球部,0
402070,青山,令和6年度,2025(令和7年) 春季東京都高等学校野球大会 一次予選,硬式野球,,,二回戦進出,一般財団法人 東京都高等学校野球連盟 試合結果,硬式野球部,0
402070,青山,令和7年度,2025(令和7年) 秋季東京都高等学校野球大会,硬式野球,,,一回戦出場,一般財団法人 東京都高等学校野球連盟 試合結果,硬式野球部,0
402070,青山,令和7年度,2025(令和7年) 秋季東京都高等学校野球大会 一次予選,硬式野球,,,二回戦進出,一般財団法人 東京都高等学校野球連盟 試合結果,硬式野球部,0
402070,青山,令和5年度,第105回全国高等学校野球選手権記念大会 東東京大会,硬式野球,,,三回戦進出,一般財団法人 東京都高等学校野球連盟 試合結果,硬式野球部,0
402070,青山,令和6年度,第106回全国高等学校野球選手権大会 東東京大会,硬式野球,,,二回戦進出,一般財団法人 東京都高等学校野球連盟 試合結果,硬式野球部,0
402070,青山,令和7年度,第107回全国高等学校野球選手権大会 東東京大会,硬式野球,,,三回戦進出,一般財団法人 東京都高等学校野球連盟 試合結果,硬式野球部,0
402070,青山,令和8年度,第108回全国高等学校野球選手権大会 東東京大会,硬式野球,,,三回戦進出,一般財団法人 東京都高等学校野球連盟 試合結果,硬式野球部,0
408420,青梅総合,令和4年度,2022(令和4年)年度 秋季東京都高等学校野球大会 一次予選,硬式野球,,,二回戦進出,一般財団法人 東京都高等学校野球連盟 試合結果,硬式野球部,0
408420,青梅総合,令和4年度,2023(令和5年) 春季東京都高等学校野球大会 一次予選,硬式野球,,,一回戦出場,一般財団法人 東京都高等学校野球連盟 試合結果,硬式野球部,0
408420,青梅総合,令和5年度,2023(令和5年) 秋季東京都高等学校野球大会 一次予選,硬式野球,,,一回戦出場,一般財団法人 東京都高等学校野球連盟 試合結果,硬式野球部,0
408420,青梅総合,令和5年度,2024(令和6年) 春季東京都高等学校野球大会 一次予選,硬式野球,,,二回戦進出,一般財団法人 東京都高等学校野球連盟 試合結果,硬式野球部,0
408420,青梅総合,令和6年度,2024(令和6年) 秋季東京都高等学校野球大会 一次予選,硬式野球,,,一回戦出場,一般財団法人 東京都高等学校野球連盟 試合結果,硬式野球部,0
408420,青梅総合,令和6年度,2025(令和7年) 春季東京都高等学校野球大会 一次予選,硬式野球,,,二回戦進出,一般財団法人 東京都高等学校野球連盟 試合結果,硬式野球部,0
408420,青梅総合,令和7年度,2025(令和7年) 秋季東京都高等学校野球大会 一次予選,硬式野球,,,二回戦進出,一般財団法人 東京都高等学校野球連盟 試合結果,硬式野球部,0
408420,青梅総合,令和7年度,2026(令和8年) 春季東京都高等学校野球大会 一次予選,硬式野球,,,一回戦出場,一般財団法人 東京都高等学校野球連盟 試合結果,硬式野球部,0
402030,駒場,令和4年度,2022(令和4年)年度 秋季東京都高等学校野球大会 一次予選,硬式野球,,,一回戦出場,一般財団法人 東京都高等学校野球連盟 試合結果,硬式野球部,0
402030,駒場,令和4年度,2023(令和5年) 春季東京都高等学校野球大会 一次予選,硬式野球,,,一回戦出場,一般財団法人 東京都高等学校野球連盟 試合結果,硬式野球部,0
402030,駒場,令和5年度,2023(令和5年) 秋季東京都高等学校野球大会 一次予選,硬式野球,,,一回戦出場,一般財団法人 東京都高等学校野球連盟 試合結果,硬式野球部,0
402030,駒場,令和5年度,2024(令和6年) 春季東京都高等学校野球大会 一次予選,硬式野球,,,一回戦出場,一般財団法人 東京都高等学校野球連盟 試合結果,硬式野球部,0
402030,駒場,令和6年度,2024(令和6年) 秋季東京都高等学校野球大会 一次予選,硬式野球,,,一回戦出場,一般財団法人 東京都高等学校野球連盟 試合結果,硬式野球部,0
402030,駒場,令和6年度,2025(令和7年) 春季東京都高等学校野球大会 一次予選,硬式野球,,,二回戦進出,一般財団法人 東京都高等学校野球連盟 試合結果,硬式野球部,0
402030,駒場,令和7年度,2025(令和7年) 秋季東京都高等学校野球大会 一次予選,硬式野球,,,一回戦出場,一般財団法人 東京都高等学校野球連盟 試合結果,硬式野球部,0
402030,駒場,令和7年度,2026(令和8年) 春季東京都高等学校野球大会 一次予選,硬式野球,,,二回戦進出,一般財団法人 東京都高等学校野球連盟 試合結果,硬式野球部,0
402030,駒場,令和5年度,第105回全国高等学校野球選手権記念大会 東東京大会,硬式野球,,,二回戦進出,一般財団法人 東京都高等学校野球連盟 試合結果,硬式野球部,0
402030,駒場,令和6年度,第106回全国高等学校野球選手権大会 東東京大会,硬式野球,,,二回戦進出,一般財団法人 東京都高等学校野球連盟 試合結果,硬式野球部,0
402030,駒場,令和7年度,第107回全国高等学校野球選手権大会 東東京大会,硬式野球,,,二回戦進出,一般財団法人 東京都高等学校野球連盟 試合結果,硬式野球部,0
402030,駒場,令和8年度,第108回全国高等学校野球選手権大会 東東京大会,硬式野球,,,二回戦進出,一般財団法人 東京都高等学校野球連盟 試合結果,硬式野球部,0
404260,高島,令和4年度,2022(令和4年)年度 秋季東京都高等学校野球大会 一次予選,硬式野球,,,一回戦出場,一般財団法人 東京都高等学校野球連盟 試合結果,硬式野球部,0
404260,高島,令和5年度,2023(令和5年) 春季東京都高等学校野球大会 (兼関東地区高等学校野球大会出場校決定戦),硬式野球,,,一回戦出場,一般財団法人 東京都高等学校野球連盟 試合結果,硬式野球部,0
404260,高島,令和4年度,2023(令和5年) 春季東京都高等学校野球大会 一次予選,硬式野球,,,二回戦進出,一般財団法人 東京都高等学校野球連盟 試合結果,硬式野球部,0
404260,高島,令和5年度,2023(令和5年) 秋季東京都高等学校野球大会,硬式野球,,,二回戦進出,一般財団法人 東京都高等学校野球連盟 試合結果,硬式野球部,0
404260,高島,令和6年度,2024(令和6年) 春季東京都高等学校野球大会 (兼関東地区高等学校野球大会出場校決定戦),硬式野球,,,一回戦出場,一般財団法人 東京都高等学校野球連盟 試合結果,硬式野球部,0
404260,高島,令和6年度,2024(令和6年) 秋季東京都高等学校野球大会 一次予選,硬式野球,,,二回戦進出,一般財団法人 東京都高等学校野球連盟 試合結果,硬式野球部,0
404260,高島,令和7年度,2025(令和7年) 春季東京都高等学校野球大会 (兼関東地区高等学校野球大会出場校決定戦),硬式野球,,,一回戦出場,一般財団法人 東京都高等学校野球連盟 試合結果,硬式野球部,0
404260,高島,令和6年度,2025(令和7年) 春季東京都高等学校野球大会 一次予選,硬式野球,,,二回戦進出,一般財団法人 東京都高等学校野球連盟 試合結果,硬式野球部,0
404260,高島,令和7年度,2025(令和7年) 秋季東京都高等学校野球大会,硬式野球,,,一回戦出場,一般財団法人 東京都高等学校野球連盟 試合結果,硬式野球部,0
404260,高島,令和7年度,2025(令和7年) 秋季東京都高等学校野球大会 一次予選,硬式野球,,,二回戦進出,一般財団法人 東京都高等学校野球連盟 試合結果,硬式野球部,0
404260,高島,令和8年度,2026(令和8年) 春季東京都高等学校野球大会 (兼関東地区高等学校野球大会出場校決定戦),硬式野球,,,二回戦進出,一般財団法人 東京都高等学校野球連盟 試合結果,硬式野球部,0
404260,高島,令和5年度,第105回全国高等学校野球選手権記念大会 東東京大会,硬式野球,,,三回戦進出,一般財団法人 東京都高等学校野球連盟 試合結果,硬式野球部,0
404260,高島,令和6年度,第106回全国高等学校野球選手権大会 東東京大会,硬式野球,,,四回戦進出,一般財団法人 東京都高等学校野球連盟 試合結果,硬式野球部,0
404260,高島,令和7年度,第107回全国高等学校野球選手権大会 東東京大会,硬式野球,,,三回戦進出,一般財団法人 東京都高等学校野球連盟 試合結果,硬式野球部,0
404260,高島,令和8年度,第108回全国高等学校野球選手権大会 東東京大会,硬式野球,,,三回戦進出,一般財団法人 東京都高等学校野球連盟 試合結果,硬式野球部,0
403010,鷺宮,令和4年度,2022(令和4年)年度 秋季東京都高等学校野球大会 一次予選,硬式野球,,,一回戦出場,一般財団法人 東京都高等学校野球連盟 試合結果,硬式野球部,0
403010,鷺宮,令和4年度,2023(令和5年) 春季東京都高等学校野球大会 一次予選,硬式野球,,,一回戦出場,一般財団法人 東京都高等学校野球連盟 試合結果,硬式野球部,0
403010,鷺宮,令和5年度,2023(令和5年) 秋季東京都高等学校野球大会 一次予選,硬式野球,,,一回戦出場,一般財団法人 東京都高等学校野球連盟 試合結果,硬式野球部,0
403010,鷺宮,令和5年度,2024(令和6年) 春季東京都高等学校野球大会 一次予選,硬式野球,,,一回戦出場,一般財団法人 東京都高等学校野球連盟 試合結果,硬式野球部,0
403010,鷺宮,令和6年度,2024(令和6年) 秋季東京都高等学校野球大会 一次予選,硬式野球,,,二回戦進出,一般財団法人 東京都高等学校野球連盟 試合結果,硬式野球部,0
403010,鷺宮,令和6年度,2025(令和7年) 春季東京都高等学校野球大会 一次予選,硬式野球,,,一回戦出場,一般財団法人 東京都高等学校野球連盟 試合結果,硬式野球部,0
403010,鷺宮,令和7年度,2025(令和7年) 秋季東京都高等学校野球大会 一次予選,硬式野球,,,一回戦出場,一般財団法人 東京都高等学校野球連盟 試合結果,硬式野球部,0
403010,鷺宮,令和8年度,2026(令和8年) 春季東京都高等学校野球大会 (兼関東地区高等学校野球大会出場校決定戦),硬式野球,,,二回戦進出,一般財団法人 東京都高等学校野球連盟 試合結果,硬式野球部,0
403010,鷺宮,令和7年度,2026(令和8年) 春季東京都高等学校野球大会 一次予選,硬式野球,,,二回戦進出,一般財団法人 東京都高等学校野球連盟 試合結果,硬式野球部,0
403010,鷺宮,令和5年度,第105回全国高等学校野球選手権記念大会 東東京大会,硬式野球,,,二回戦進出,一般財団法人 東京都高等学校野球連盟 試合結果,硬式野球部,0
403010,鷺宮,令和6年度,第106回全国高等学校野球選手権大会 東東京大会,硬式野球,,,三回戦進出,一般財団法人 東京都高等学校野球連盟 試合結果,硬式野球部,0
403010,鷺宮,令和7年度,第107回全国高等学校野球選手権大会 東東京大会,硬式野球,,,三回戦進出,一般財団法人 東京都高等学校野球連盟 試合結果,硬式野球部,0
403010,鷺宮,令和8年度,第108回全国高等学校野球選手権大会 東東京大会,硬式野球,,,三回戦進出,一般財団法人 東京都高等学校野球連盟 試合結果,硬式野球部,0
401040,三田,令和5年度,東京都高等学校吹奏楽コンクール（第63回）,吹奏楽,C組,,銀賞,https://tokousuiren.com/wp/wp-content/uploads/2023/08/ba579a8411d950a64621fd883ab21b16.pdf,吹奏楽部,0
401040,三田,令和5年度,東京都高等学校吹奏楽コンクール（第63回）,吹奏楽,B組,,金賞,https://tokousuiren.com/wp/wp-content/uploads/2023/08/faa0f6568724e6579e4b131c379c3da8.pdf,吹奏楽部,0
401040,三田,令和6年度,東京都高等学校吹奏楽コンクール（第64回）,吹奏楽,C組,,銅賞,https://tokousuiren.com/wp/wp-content/uploads/2024/08/b4e7c00ade28fec9b7e02142c8914e3a-1.pdf,吹奏楽部,0
401040,三田,令和7年度,東京都高等学校吹奏楽コンクール（第65回）,吹奏楽,B組,,金賞,https://tokousuiren.com/wp/wp-content/uploads/2025/08/13B-1.pdf,吹奏楽部,0
401040,三田,令和7年度,東京都高等学校吹奏楽コンクール（第65回）,吹奏楽,C組,,金賞,https://tokousuiren.com/wp/wp-content/uploads/2025/08/15C.pdf,吹奏楽部,0
401040,三田,令和8年度,東京都高等学校吹奏楽コンクール（第66回）,吹奏楽,B組,,金賞,https://tokousuiren.com/wp/wp-content/uploads/2026/08/34a0a8684a4a5dde7c2f7f49cdd146f4-3.pdf,吹奏楽部,0
401040,三田,令和8年度,東京都高等学校吹奏楽コンクール（第66回）,吹奏楽,C組,,金賞,https://tokousuiren.com/wp/wp-content/uploads/2026/08/7d680b3494d788f321dd9ce6cce6ee74.pdf,吹奏楽部,0
401210,大崎,令和6年度,東京都高等学校吹奏楽コンクール（第64回）,吹奏楽,C組,,金賞,https://tokousuiren.com/wp/wp-content/uploads/2024/08/b4e7c00ade28fec9b7e02142c8914e3a-1.pdf,吹奏楽部,0
401210,大崎,令和7年度,東京都高等学校吹奏楽コンクール（第65回）,吹奏楽,C組,,金賞,https://tokousuiren.com/wp/wp-content/uploads/2025/08/14C.pdf,吹奏楽部,0
401210,大崎,令和8年度,東京都高等学校吹奏楽コンクール（第66回）,吹奏楽,B組,,銅賞,https://tokousuiren.com/wp/wp-content/uploads/2026/08/d561582e9acf3539f4c9a76ff302fd4f-1.pdf,吹奏楽部,0
401230,小山台,令和5年度,東京都高等学校吹奏楽コンクール（第63回）,吹奏楽,A組,,金賞,https://tokousuiren.com/wp/wp-content/uploads/2023/08/a05c33982e146a93e87d9b9a635ebaed.pdf,,0
401230,小山台,令和5年度,東京都高等学校吹奏楽コンクール（第63回）,吹奏楽,B組,,金賞・最優秀,https://tokousuiren.com/wp/wp-content/uploads/2023/08/faa0f6568724e6579e4b131c379c3da8.pdf,,0
401230,小山台,令和6年度,東京都高等学校吹奏楽コンクール（第64回）,吹奏楽,A組,,銀賞,https://tokousuiren.com/wp/wp-content/uploads/2024/08/5c8581956a76f340f29d38433d277bf7-1.pdf,,0
401230,小山台,令和6年度,東京都高等学校吹奏楽コンクール（第64回）,吹奏楽,B組,,金賞,https://tokousuiren.com/wp/wp-content/uploads/2024/08/1320a9bee6735a923c87fd4240e7763e.pdf,,0
401230,小山台,令和7年度,東京都高等学校吹奏楽コンクール（第65回）,吹奏楽,A組,,金賞,https://tokousuiren.com/wp/wp-content/uploads/2025/08/11A.pdf,,0
401230,小山台,令和7年度,東京都高等学校吹奏楽コンクール（第65回）,吹奏楽,B組,,銀賞,https://tokousuiren.com/wp/wp-content/uploads/2025/08/14B.pdf,,0
401230,小山台,令和8年度,東京都高等学校吹奏楽コンクール（第66回）,吹奏楽,B組,,金賞,https://tokousuiren.com/wp/wp-content/uploads/2026/08/d561582e9acf3539f4c9a76ff302fd4f-1.pdf,,0
401240,雪谷,令和5年度,東京都高等学校吹奏楽コンクール（第63回）,吹奏楽,B組,,銀賞,https://tokousuiren.com/wp/wp-content/uploads/2023/08/faa0f6568724e6579e4b131c379c3da8.pdf,吹奏楽部,0
401240,雪谷,令和6年度,東京都高等学校吹奏楽コンクール（第64回）,吹奏楽,B組,,銀賞,https://tokousuiren.com/wp/wp-content/uploads/2024/08/53e3451720747af128373fcdcc3b006c.pdf,吹奏楽部,0
401240,雪谷,令和7年度,東京都高等学校吹奏楽コンクール（第65回）,吹奏楽,B組,,銀賞,https://tokousuiren.com/wp/wp-content/uploads/2025/08/14B.pdf,吹奏楽部,0
401240,雪谷,令和8年度,東京都高等学校吹奏楽コンクール（第66回）,吹奏楽,B組,,銀賞,https://tokousuiren.com/wp/wp-content/uploads/2026/08/34a0a8684a4a5dde7c2f7f49cdd146f4-3.pdf,吹奏楽部,0
401250,大森,令和5年度,東京都高等学校吹奏楽コンクール（第63回）,吹奏楽,C組,,銅賞,https://tokousuiren.com/wp/wp-content/uploads/2023/08/3b7f8c5af57b6c3a70ddb9864e824e68-1.pdf,吹奏楽部,0
401250,大森,令和6年度,東京都高等学校吹奏楽コンクール（第64回）,吹奏楽,C組,,銀賞,https://tokousuiren.com/wp/wp-content/uploads/2024/08/bb46b813d7292eef7aa357dc1d245884-1.pdf,吹奏楽部,0
401250,大森,令和7年度,東京都高等学校吹奏楽コンクール（第65回）,吹奏楽,C組,,銅賞,https://tokousuiren.com/wp/wp-content/uploads/2025/08/15C.pdf,吹奏楽部,0
401250,大森,令和8年度,東京都高等学校吹奏楽コンクール（第66回）,吹奏楽,C組,,銅賞,https://tokousuiren.com/wp/wp-content/uploads/2026/08/7d680b3494d788f321dd9ce6cce6ee74.pdf,吹奏楽部,0
401260,田園調布,令和5年度,東京都高等学校吹奏楽コンクール（第63回）,吹奏楽,C組,,銀賞,https://tokousuiren.com/wp/wp-content/uploads/2023/08/ba579a8411d950a64621fd883ab21b16.pdf,吹奏楽部,0
401260,田園調布,令和6年度,東京都高等学校吹奏楽コンクール（第64回）,吹奏楽,C組,,金賞,https://tokousuiren.com/wp/wp-content/uploads/2024/08/b4e7c00ade28fec9b7e02142c8914e3a-1.pdf,吹奏楽部,0
401260,田園調布,令和7年度,東京都高等学校吹奏楽コンクール（第65回）,吹奏楽,C組,,銅賞,https://tokousuiren.com/wp/wp-content/uploads/2025/08/14C.pdf,吹奏楽部,0
401260,田園調布,令和8年度,東京都高等学校吹奏楽コンクール（第66回）,吹奏楽,C組,,銅賞,https://tokousuiren.com/wp/wp-content/uploads/2026/08/3a7f12fc7d75f389b7699ec6d069c857.pdf,吹奏楽部,0
401410,つばさ総合,令和5年度,東京都高等学校吹奏楽コンクール（第63回）,吹奏楽,C組,,銀賞,https://tokousuiren.com/wp/wp-content/uploads/2023/08/3b7f8c5af57b6c3a70ddb9864e824e68-1.pdf,吹奏楽部,0
401410,つばさ総合,令和6年度,東京都高等学校吹奏楽コンクール（第64回）,吹奏楽,B組,,銀賞,https://tokousuiren.com/wp/wp-content/uploads/2024/08/1320a9bee6735a923c87fd4240e7763e.pdf,吹奏楽部,0
401410,つばさ総合,令和7年度,東京都高等学校吹奏楽コンクール（第65回）,吹奏楽,B組,,銅賞,https://tokousuiren.com/wp/wp-content/uploads/2025/08/13B-1.pdf,吹奏楽部,0
401410,つばさ総合,令和8年度,東京都高等学校吹奏楽コンクール（第66回）,吹奏楽,C組,,銀賞,https://tokousuiren.com/wp/wp-content/uploads/2026/08/3a7f12fc7d75f389b7699ec6d069c857.pdf,吹奏楽部,0
401520,美原,令和5年度,東京都高等学校吹奏楽コンクール（第63回）,吹奏楽,C組,,銅賞,https://tokousuiren.com/wp/wp-content/uploads/2023/08/ba579a8411d950a64621fd883ab21b16.pdf,吹奏楽部,0
401520,美原,令和6年度,東京都高等学校吹奏楽コンクール（第64回）,吹奏楽,C組,,銅賞,https://tokousuiren.com/wp/wp-content/uploads/2024/08/b4e7c00ade28fec9b7e02142c8914e3a-1.pdf,吹奏楽部,0
401520,美原,令和7年度,東京都高等学校吹奏楽コンクール（第65回）,吹奏楽,C組,,銅賞,https://tokousuiren.com/wp/wp-content/uploads/2025/08/14C.pdf,吹奏楽部,0
401520,美原,令和8年度,東京都高等学校吹奏楽コンクール（第66回）,吹奏楽,C組,,銀賞,https://tokousuiren.com/wp/wp-content/uploads/2026/08/8048f64de0e35faf3b1e3242a3a4515a.pdf,吹奏楽部,0
401610,芝商業,令和5年度,東京都高等学校吹奏楽コンクール（第63回）,吹奏楽,C組,,金賞,https://tokousuiren.com/wp/wp-content/uploads/2023/08/3b7f8c5af57b6c3a70ddb9864e824e68-1.pdf,吹奏楽部,0
402040,目黒,令和5年度,東京都高等学校吹奏楽コンクール（第63回）,吹奏楽,B組,,銅賞,https://tokousuiren.com/wp/wp-content/uploads/2023/08/2c9e4a14f98a3ad4c7c6fc470edef9e1.pdf,吹奏楽部,0
402040,目黒,令和6年度,東京都高等学校吹奏楽コンクール（第64回）,吹奏楽,B組,,銅賞,https://tokousuiren.com/wp/wp-content/uploads/2024/08/3d48d95b16a2ffd6ce9242fd8a9f2a6b.pdf,吹奏楽部,0
402040,目黒,令和7年度,東京都高等学校吹奏楽コンクール（第65回）,吹奏楽,B組,,銅賞,https://tokousuiren.com/wp/wp-content/uploads/2025/08/13B-1.pdf,吹奏楽部,0
402040,目黒,令和8年度,東京都高等学校吹奏楽コンクール（第66回）,吹奏楽,B組,,銀賞,https://tokousuiren.com/wp/wp-content/uploads/2026/08/34a0a8684a4a5dde7c2f7f49cdd146f4-3.pdf,吹奏楽部,0
402080,広尾,令和5年度,東京都高等学校吹奏楽コンクール（第63回）,吹奏楽,C組,,銀賞,https://tokousuiren.com/wp/wp-content/uploads/2023/08/bc1617a16c8e43a4934b54c400f159f1.pdf,吹奏楽,0
402080,広尾,令和6年度,東京都高等学校吹奏楽コンクール（第64回）,吹奏楽,C組,,銀賞,https://tokousuiren.com/wp/wp-content/uploads/2024/08/bb46b813d7292eef7aa357dc1d245884-1.pdf,吹奏楽,0
402080,広尾,令和7年度,東京都高等学校吹奏楽コンクール（第65回）,吹奏楽,C組,,金賞,https://tokousuiren.com/wp/wp-content/uploads/2025/08/13C.pdf,吹奏楽,0
402080,広尾,令和8年度,東京都高等学校吹奏楽コンクール（第66回）,吹奏楽,B組,,銀賞,https://tokousuiren.com/wp/wp-content/uploads/2026/08/34a0a8684a4a5dde7c2f7f49cdd146f4-3.pdf,吹奏楽,0
402420,世田谷総合,令和5年度,東京都高等学校吹奏楽コンクール（第63回）,吹奏楽,C組,,銀賞,https://tokousuiren.com/wp/wp-content/uploads/2023/08/ba579a8411d950a64621fd883ab21b16.pdf,吹奏楽部,0
402420,世田谷総合,令和6年度,東京都高等学校吹奏楽コンクール（第64回）,吹奏楽,C組,,銀賞,https://tokousuiren.com/wp/wp-content/uploads/2024/08/b4e7c00ade28fec9b7e02142c8914e3a-1.pdf,吹奏楽部,0
402420,世田谷総合,令和7年度,東京都高等学校吹奏楽コンクール（第65回）,吹奏楽,C組,,金賞,https://tokousuiren.com/wp/wp-content/uploads/2025/08/14C.pdf,吹奏楽部,0
402420,世田谷総合,令和8年度,東京都高等学校吹奏楽コンクール（第66回）,吹奏楽,C組,,銀賞,https://tokousuiren.com/wp/wp-content/uploads/2026/08/3a7f12fc7d75f389b7699ec6d069c857.pdf,吹奏楽部,0
402530,芦花,令和5年度,東京都高等学校吹奏楽コンクール（第63回）,吹奏楽,C組,,銀賞,https://tokousuiren.com/wp/wp-content/uploads/2023/08/bc1617a16c8e43a4934b54c400f159f1.pdf,吹奏楽部,0
402530,芦花,令和7年度,東京都高等学校吹奏楽コンクール（第65回）,吹奏楽,東日本組,,銀賞,https://tokousuiren.com/wp/wp-content/uploads/2025/08/3de6c248aa47bc7faa0bba774abea48e.pdf,吹奏楽部,0
402530,芦花,令和8年度,東京都高等学校吹奏楽コンクール（第66回）,吹奏楽,東日本組,,銀賞,https://tokousuiren.com/wp/wp-content/uploads/2026/08/aaa091c582d08a722acb89b77b55f308.pdf,吹奏楽部,0
402620,第一商業,令和5年度,東京都高等学校吹奏楽コンクール（第63回）,吹奏楽,C組,,銅賞,https://tokousuiren.com/wp/wp-content/uploads/2023/08/bc1617a16c8e43a4934b54c400f159f1.pdf,吹奏楽部,0
402620,第一商業,令和6年度,東京都高等学校吹奏楽コンクール（第64回）,吹奏楽,C組,,銅賞,https://tokousuiren.com/wp/wp-content/uploads/2024/08/b7ce6a09e040af45476be5a780be11c7.pdf,吹奏楽部,0
402620,第一商業,令和7年度,東京都高等学校吹奏楽コンクール（第65回）,吹奏楽,C組,,銅賞,https://tokousuiren.com/wp/wp-content/uploads/2025/08/13C.pdf,吹奏楽部,0
402620,第一商業,令和8年度,東京都高等学校吹奏楽コンクール（第66回）,吹奏楽,C組,,銅賞,https://tokousuiren.com/wp/wp-content/uploads/2026/08/8048f64de0e35faf3b1e3242a3a4515a.pdf,吹奏楽部,0
402810,園芸,令和7年度,東京都高等学校吹奏楽コンクール（第65回）,吹奏楽,C組,,金賞,https://tokousuiren.com/wp/wp-content/uploads/2025/08/15C.pdf,吹奏楽部,0
402930,国際,令和5年度,東京都高等学校吹奏楽コンクール（第63回）,吹奏楽,B組,,銀賞,https://tokousuiren.com/wp/wp-content/uploads/2023/08/2c9e4a14f98a3ad4c7c6fc470edef9e1.pdf,,0
402930,国際,令和6年度,東京都高等学校吹奏楽コンクール（第64回）,吹奏楽,A組,,銅賞,https://tokousuiren.com/wp/wp-content/uploads/2024/08/5c8581956a76f340f29d38433d277bf7-1.pdf,,0
402930,国際,令和7年度,東京都高等学校吹奏楽コンクール（第65回）,吹奏楽,東日本組,,銅賞,https://tokousuiren.com/wp/wp-content/uploads/2025/08/3de6c248aa47bc7faa0bba774abea48e.pdf,,0
402930,国際,令和8年度,東京都高等学校吹奏楽コンクール（第66回）,吹奏楽,B組,,銅賞,https://tokousuiren.com/wp/wp-content/uploads/2026/08/34a0a8684a4a5dde7c2f7f49cdd146f4-3.pdf,,0
403010,鷺宮,令和5年度,東京都高等学校吹奏楽コンクール（第63回）,吹奏楽,C組,,銀賞,https://tokousuiren.com/wp/wp-content/uploads/2023/08/bc1617a16c8e43a4934b54c400f159f1.pdf,吹奏楽部,0
403010,鷺宮,令和7年度,東京都高等学校吹奏楽コンクール（第65回）,吹奏楽,C組,,銅賞,https://tokousuiren.com/wp/wp-content/uploads/2025/08/14C.pdf,吹奏楽部,0
403030,武蔵丘,令和5年度,東京都高等学校吹奏楽コンクール（第63回）,吹奏楽,B組,,銀賞,https://tokousuiren.com/wp/wp-content/uploads/2023/08/faa0f6568724e6579e4b131c379c3da8.pdf,吹奏楽部,0
403030,武蔵丘,令和6年度,東京都高等学校吹奏楽コンクール（第64回）,吹奏楽,東日本組,,銅賞,https://tokousuiren.com/wp/wp-content/uploads/2024/08/1713acdbfaa0888e468b698cc4325f9b.pdf,吹奏楽部,0
403030,武蔵丘,令和7年度,東京都高等学校吹奏楽コンクール（第65回）,吹奏楽,B組,,銀賞,https://tokousuiren.com/wp/wp-content/uploads/2025/08/14B.pdf,吹奏楽部,0
403030,武蔵丘,令和8年度,東京都高等学校吹奏楽コンクール（第66回）,吹奏楽,B組,,銀賞,https://tokousuiren.com/wp/wp-content/uploads/2026/08/d561582e9acf3539f4c9a76ff302fd4f-1.pdf,吹奏楽部,0
403050,西,令和5年度,東京都高等学校吹奏楽コンクール（第63回）,吹奏楽,A組,,銅賞,https://tokousuiren.com/wp/wp-content/uploads/2023/08/c812336cac0bc9664a017898ef785d48.pdf,吹奏楽部,0
403050,西,令和6年度,東京都高等学校吹奏楽コンクール（第64回）,吹奏楽,A組,,銅賞,https://tokousuiren.com/wp/wp-content/uploads/2024/08/5c8581956a76f340f29d38433d277bf7-1.pdf,吹奏楽部,0
403050,西,令和7年度,東京都高等学校吹奏楽コンクール（第65回）,吹奏楽,A組,,銅賞,https://tokousuiren.com/wp/wp-content/uploads/2025/08/10A.pdf,吹奏楽部,0
403050,西,令和8年度,東京都高等学校吹奏楽コンクール（第66回）,吹奏楽,A組,,銅賞,https://tokousuiren.com/wp/wp-content/uploads/2026/08/1b8c17a4b0186dfeff3c5501deff8f23.pdf,吹奏楽部,0
403060,豊多摩,令和5年度,東京都高等学校吹奏楽コンクール（第63回）,吹奏楽,A組,,銀賞,https://tokousuiren.com/wp/wp-content/uploads/2023/08/9fda05990901427f29b02340979df9b4.pdf,吹奏楽部,0
403060,豊多摩,令和6年度,東京都高等学校吹奏楽コンクール（第64回）,吹奏楽,A組,,銅賞,https://tokousuiren.com/wp/wp-content/uploads/2024/08/41bbfe1fe2f9b38a425df5046172fb4b.pdf,吹奏楽部,0
403060,豊多摩,令和7年度,東京都高等学校吹奏楽コンクール（第65回）,吹奏楽,A組,,銅賞,https://tokousuiren.com/wp/wp-content/uploads/2025/08/12A.pdf,吹奏楽部,0
403060,豊多摩,令和8年度,東京都高等学校吹奏楽コンクール（第66回）,吹奏楽,B組,,銀賞,https://tokousuiren.com/wp/wp-content/uploads/2026/08/d561582e9acf3539f4c9a76ff302fd4f-1.pdf,吹奏楽部,0
403070,杉並,令和5年度,東京都高等学校吹奏楽コンクール（第63回）,吹奏楽,C組,,金賞・最優秀,https://tokousuiren.com/wp/wp-content/uploads/2023/08/3b7f8c5af57b6c3a70ddb9864e824e68-1.pdf,吹奏楽部,0
403070,杉並,令和6年度,東京都高等学校吹奏楽コンクール（第64回）,吹奏楽,B組,,金賞,https://tokousuiren.com/wp/wp-content/uploads/2024/08/1320a9bee6735a923c87fd4240e7763e.pdf,吹奏楽部,0
403070,杉並,令和7年度,東京都高等学校吹奏楽コンクール（第65回）,吹奏楽,C組,,金賞,https://tokousuiren.com/wp/wp-content/uploads/2025/08/13C.pdf,吹奏楽部,0
403070,杉並,令和8年度,東京都高等学校吹奏楽コンクール（第66回）,吹奏楽,B組,,金賞,https://tokousuiren.com/wp/wp-content/uploads/2026/08/34a0a8684a4a5dde7c2f7f49cdd146f4-3.pdf,吹奏楽部,0
403210,石神井,令和5年度,東京都高等学校吹奏楽コンクール（第63回）,吹奏楽,B組,,銅賞,https://tokousuiren.com/wp/wp-content/uploads/2023/08/faa0f6568724e6579e4b131c379c3da8.pdf,吹奏楽部,0
403210,石神井,令和6年度,東京都高等学校吹奏楽コンクール（第64回）,吹奏楽,C組,,銀賞,https://tokousuiren.com/wp/wp-content/uploads/2024/08/bb46b813d7292eef7aa357dc1d245884-1.pdf,吹奏楽部,0
403210,石神井,令和7年度,東京都高等学校吹奏楽コンクール（第65回）,吹奏楽,C組,,銀賞,https://tokousuiren.com/wp/wp-content/uploads/2025/08/14C.pdf,吹奏楽部,0
403210,石神井,令和8年度,東京都高等学校吹奏楽コンクール（第66回）,吹奏楽,C組,,銀賞,https://tokousuiren.com/wp/wp-content/uploads/2026/08/7d680b3494d788f321dd9ce6cce6ee74.pdf,吹奏楽部,0
403220,井草,令和7年度,東京都高等学校吹奏楽コンクール（第65回）,吹奏楽,C組,,銅賞,https://tokousuiren.com/wp/wp-content/uploads/2025/08/15C.pdf,吹奏楽部,0
403220,井草,令和8年度,東京都高等学校吹奏楽コンクール（第66回）,吹奏楽,C組,,銀賞,https://tokousuiren.com/wp/wp-content/uploads/2026/08/7d680b3494d788f321dd9ce6cce6ee74.pdf,吹奏楽部,0
403410,杉並総合,令和5年度,東京都高等学校吹奏楽コンクール（第63回）,吹奏楽,東日本組,,銀賞,https://tokousuiren.com/wp/wp-content/uploads/2023/08/dc8aff67e9fb5cc1e90402e7625dc897.pdf,,0
403410,杉並総合,令和6年度,東京都高等学校吹奏楽コンクール（第64回）,吹奏楽,東日本組,,金賞,https://tokousuiren.com/wp/wp-content/uploads/2024/08/5fbc23275411a8bbfdfa5630a0e937ad.pdf,,0
403410,杉並総合,令和7年度,東京都高等学校吹奏楽コンクール（第65回）,吹奏楽,C組,,銀賞,https://tokousuiren.com/wp/wp-content/uploads/2025/08/15C.pdf,,0
403410,杉並総合,令和8年度,東京都高等学校吹奏楽コンクール（第66回）,吹奏楽,東日本組,,銀賞,https://tokousuiren.com/wp/wp-content/uploads/2026/08/ef419615aaec36d61c235f53aa40ef52.pdf,,0
403510,大泉桜,令和5年度,東京都高等学校吹奏楽コンクール（第63回）,吹奏楽,C組,,銀賞,https://tokousuiren.com/wp/wp-content/uploads/2023/08/bc1617a16c8e43a4934b54c400f159f1.pdf,吹奏楽部,0
403510,大泉桜,令和6年度,東京都高等学校吹奏楽コンクール（第64回）,吹奏楽,C組,,銀賞,https://tokousuiren.com/wp/wp-content/uploads/2024/08/bb46b813d7292eef7aa357dc1d245884-1.pdf,吹奏楽部,0
403510,大泉桜,令和7年度,東京都高等学校吹奏楽コンクール（第65回）,吹奏楽,C組,,金賞,https://tokousuiren.com/wp/wp-content/uploads/2025/08/13C.pdf,吹奏楽部,0
403510,大泉桜,令和8年度,東京都高等学校吹奏楽コンクール（第66回）,吹奏楽,C組,,銀賞,https://tokousuiren.com/wp/wp-content/uploads/2026/08/8048f64de0e35faf3b1e3242a3a4515a.pdf,吹奏楽部,0
403630,第四商業,令和5年度,東京都高等学校吹奏楽コンクール（第63回）,吹奏楽,C組,,銅賞,https://tokousuiren.com/wp/wp-content/uploads/2023/08/ba579a8411d950a64621fd883ab21b16.pdf,吹奏楽部,0
403630,第四商業,令和6年度,東京都高等学校吹奏楽コンクール（第64回）,吹奏楽,C組,,銀賞,https://tokousuiren.com/wp/wp-content/uploads/2024/08/b4e7c00ade28fec9b7e02142c8914e3a-1.pdf,吹奏楽部,0
403630,第四商業,令和7年度,東京都高等学校吹奏楽コンクール（第65回）,吹奏楽,C組,,銅賞,https://tokousuiren.com/wp/wp-content/uploads/2025/08/13C.pdf,吹奏楽部,0
403630,第四商業,令和8年度,東京都高等学校吹奏楽コンクール（第66回）,吹奏楽,C組,,銀賞,https://tokousuiren.com/wp/wp-content/uploads/2026/08/8048f64de0e35faf3b1e3242a3a4515a.pdf,吹奏楽部,0
404010,竹早,令和5年度,東京都高等学校吹奏楽コンクール（第63回）,吹奏楽,B組,,金賞,https://tokousuiren.com/wp/wp-content/uploads/2023/08/faa0f6568724e6579e4b131c379c3da8.pdf,吹奏楽部,0
404010,竹早,令和6年度,東京都高等学校吹奏楽コンクール（第64回）,吹奏楽,B組,,金賞,https://tokousuiren.com/wp/wp-content/uploads/2024/08/53e3451720747af128373fcdcc3b006c.pdf,吹奏楽部,0
404010,竹早,令和7年度,東京都高等学校吹奏楽コンクール（第65回）,吹奏楽,B組,,金賞,https://tokousuiren.com/wp/wp-content/uploads/2025/08/13B-1.pdf,吹奏楽部,0
404010,竹早,令和8年度,東京都高等学校吹奏楽コンクール（第66回）,吹奏楽,B組,,銀賞,https://tokousuiren.com/wp/wp-content/uploads/2026/08/d561582e9acf3539f4c9a76ff302fd4f-1.pdf,吹奏楽部,0
404010,竹早,令和8年度,東京都高等学校吹奏楽コンクール（第66回）,吹奏楽,C組,,銅賞,https://tokousuiren.com/wp/wp-content/uploads/2026/08/7d680b3494d788f321dd9ce6cce6ee74.pdf,吹奏楽部,0
404020,向丘,令和5年度,東京都高等学校吹奏楽コンクール（第63回）,吹奏楽,A組,,銅賞,https://tokousuiren.com/wp/wp-content/uploads/2023/08/9fda05990901427f29b02340979df9b4.pdf,吹奏楽部,0
404020,向丘,令和6年度,東京都高等学校吹奏楽コンクール（第64回）,吹奏楽,A組,,銅賞,https://tokousuiren.com/wp/wp-content/uploads/2024/08/b6f95390732796040c9ac7d5976206f3.pdf,吹奏楽部,0
404020,向丘,令和7年度,東京都高等学校吹奏楽コンクール（第65回）,吹奏楽,東日本組,,銀賞,https://tokousuiren.com/wp/wp-content/uploads/2025/08/0880e86fbe4b7f898ec883b8ddb8ef07-1.pdf,吹奏楽部,0
404020,向丘,令和8年度,東京都高等学校吹奏楽コンクール（第66回）,吹奏楽,B組,,銀賞,https://tokousuiren.com/wp/wp-content/uploads/2026/08/d561582e9acf3539f4c9a76ff302fd4f-1.pdf,吹奏楽部,0
404040,豊島,令和5年度,東京都高等学校吹奏楽コンクール（第63回）,吹奏楽,B組,,金賞,https://tokousuiren.com/wp/wp-content/uploads/2023/08/2c9e4a14f98a3ad4c7c6fc470edef9e1.pdf,吹奏楽部,0
404040,豊島,令和6年度,東京都高等学校吹奏楽コンクール（第64回）,吹奏楽,B組,,金賞,https://tokousuiren.com/wp/wp-content/uploads/2024/08/3d48d95b16a2ffd6ce9242fd8a9f2a6b.pdf,吹奏楽部,0
404040,豊島,令和7年度,東京都高等学校吹奏楽コンクール（第65回）,吹奏楽,B組,,金賞,https://tokousuiren.com/wp/wp-content/uploads/2025/08/14B.pdf,吹奏楽部,0
404040,豊島,令和8年度,東京都高等学校吹奏楽コンクール（第66回）,吹奏楽,B組,,金賞,https://tokousuiren.com/wp/wp-content/uploads/2026/08/d561582e9acf3539f4c9a76ff302fd4f-1.pdf,吹奏楽部,0
404050,文京,令和5年度,東京都高等学校吹奏楽コンクール（第63回）,吹奏楽,A組,,銀賞,https://tokousuiren.com/wp/wp-content/uploads/2023/08/c812336cac0bc9664a017898ef785d48.pdf,吹奏楽,0
404050,文京,令和6年度,東京都高等学校吹奏楽コンクール（第64回）,吹奏楽,A組,,銀賞,https://tokousuiren.com/wp/wp-content/uploads/2024/08/5c8581956a76f340f29d38433d277bf7-1.pdf,吹奏楽,0
404050,文京,令和7年度,東京都高等学校吹奏楽コンクール（第65回）,吹奏楽,A組,,銀賞,https://tokousuiren.com/wp/wp-content/uploads/2025/08/11A.pdf,吹奏楽,0
404050,文京,令和8年度,東京都高等学校吹奏楽コンクール（第66回）,吹奏楽,A組,,銀賞,https://tokousuiren.com/wp/wp-content/uploads/2026/08/44fb7569251a62225413479e3526177b-1.pdf,吹奏楽,0
404210,北園,令和5年度,東京都高等学校吹奏楽コンクール（第63回）,吹奏楽,C組,,銀賞,https://tokousuiren.com/wp/wp-content/uploads/2023/08/bc1617a16c8e43a4934b54c400f159f1.pdf,吹奏楽部,0
404210,北園,令和6年度,東京都高等学校吹奏楽コンクール（第64回）,吹奏楽,C組,,銀賞,https://tokousuiren.com/wp/wp-content/uploads/2024/08/b7ce6a09e040af45476be5a780be11c7.pdf,吹奏楽部,0
404210,北園,令和7年度,東京都高等学校吹奏楽コンクール（第65回）,吹奏楽,東日本組,,銀賞,https://tokousuiren.com/wp/wp-content/uploads/2025/08/0880e86fbe4b7f898ec883b8ddb8ef07-1.pdf,吹奏楽部,0
404210,北園,令和8年度,東京都高等学校吹奏楽コンクール（第66回）,吹奏楽,東日本組,,銅賞,https://tokousuiren.com/wp/wp-content/uploads/2026/08/d086d835ccb5e21907cd421900e8eb90-2.pdf,吹奏楽部,0
404220,板橋,令和5年度,東京都高等学校吹奏楽コンクール（第63回）,吹奏楽,C組,,銀賞,https://tokousuiren.com/wp/wp-content/uploads/2023/08/3b7f8c5af57b6c3a70ddb9864e824e68-1.pdf,吹奏楽部,0
404220,板橋,令和6年度,東京都高等学校吹奏楽コンクール（第64回）,吹奏楽,C組,,金賞,https://tokousuiren.com/wp/wp-content/uploads/2024/08/b4e7c00ade28fec9b7e02142c8914e3a-1.pdf,吹奏楽部,0
404220,板橋,令和7年度,東京都高等学校吹奏楽コンクール（第65回）,吹奏楽,C組,,銀賞,https://tokousuiren.com/wp/wp-content/uploads/2025/08/13C.pdf,吹奏楽部,0
404220,板橋,令和8年度,東京都高等学校吹奏楽コンクール（第66回）,吹奏楽,東日本組,,銅賞,https://tokousuiren.com/wp/wp-content/uploads/2026/08/aaa091c582d08a722acb89b77b55f308.pdf,吹奏楽部,0
404260,高島,令和5年度,東京都高等学校吹奏楽コンクール（第63回）,吹奏楽,C組,,銀賞,https://tokousuiren.com/wp/wp-content/uploads/2023/08/3b7f8c5af57b6c3a70ddb9864e824e68-1.pdf,吹奏楽部,0
404260,高島,令和8年度,東京都高等学校吹奏楽コンクール（第66回）,吹奏楽,C組,,銅賞,https://tokousuiren.com/wp/wp-content/uploads/2026/08/3a7f12fc7d75f389b7699ec6d069c857.pdf,吹奏楽部,0
404420,王子総合,令和6年度,東京都高等学校吹奏楽コンクール（第64回）,吹奏楽,B組,,銀賞,https://tokousuiren.com/wp/wp-content/uploads/2024/08/1320a9bee6735a923c87fd4240e7763e.pdf,吹奏楽部,0
404420,王子総合,令和7年度,東京都高等学校吹奏楽コンクール（第65回）,吹奏楽,B組,,銀賞,https://tokousuiren.com/wp/wp-content/uploads/2025/08/14B.pdf,吹奏楽部,0
404420,王子総合,令和8年度,東京都高等学校吹奏楽コンクール（第66回）,吹奏楽,B組,,銀賞,https://tokousuiren.com/wp/wp-content/uploads/2026/08/34a0a8684a4a5dde7c2f7f49cdd146f4-3.pdf,吹奏楽部,0
404510,飛鳥,令和5年度,東京都高等学校吹奏楽コンクール（第63回）,吹奏楽,C組,,銅賞,https://tokousuiren.com/wp/wp-content/uploads/2023/08/ba579a8411d950a64621fd883ab21b16.pdf,吹奏楽部,0
404510,飛鳥,令和6年度,東京都高等学校吹奏楽コンクール（第64回）,吹奏楽,C組,,銅賞,https://tokousuiren.com/wp/wp-content/uploads/2024/08/b4e7c00ade28fec9b7e02142c8914e3a-1.pdf,吹奏楽部,0
404510,飛鳥,令和7年度,東京都高等学校吹奏楽コンクール（第65回）,吹奏楽,東日本組,,銅賞,https://tokousuiren.com/wp/wp-content/uploads/2025/08/0880e86fbe4b7f898ec883b8ddb8ef07-1.pdf,吹奏楽部,0
404510,飛鳥,令和8年度,東京都高等学校吹奏楽コンクール（第66回）,吹奏楽,B組,,銅賞,https://tokousuiren.com/wp/wp-content/uploads/2026/08/d561582e9acf3539f4c9a76ff302fd4f-1.pdf,吹奏楽部,0
404520,板橋有徳,令和5年度,東京都高等学校吹奏楽コンクール（第63回）,吹奏楽,C組,,銀賞,https://tokousuiren.com/wp/wp-content/uploads/2023/08/ba579a8411d950a64621fd883ab21b16.pdf,吹奏楽部,0
404520,板橋有徳,令和6年度,東京都高等学校吹奏楽コンクール（第64回）,吹奏楽,C組,,銅賞,https://tokousuiren.com/wp/wp-content/uploads/2024/08/b4e7c00ade28fec9b7e02142c8914e3a-1.pdf,吹奏楽部,0
404520,板橋有徳,令和7年度,東京都高等学校吹奏楽コンクール（第65回）,吹奏楽,C組,,金賞,https://tokousuiren.com/wp/wp-content/uploads/2025/08/14C.pdf,吹奏楽部,0
404520,板橋有徳,令和8年度,東京都高等学校吹奏楽コンクール（第66回）,吹奏楽,C組,,銀賞,https://tokousuiren.com/wp/wp-content/uploads/2026/08/3a7f12fc7d75f389b7699ec6d069c857.pdf,吹奏楽部,0
404640,千早,令和7年度,東京都高等学校吹奏楽コンクール（第65回）,吹奏楽,C組,,銅賞,https://tokousuiren.com/wp/wp-content/uploads/2025/08/15C.pdf,吹奏楽部,0
405050,忍岡,令和5年度,東京都高等学校吹奏楽コンクール（第63回）,吹奏楽,C組,,金賞,https://tokousuiren.com/wp/wp-content/uploads/2023/08/ba579a8411d950a64621fd883ab21b16.pdf,吹奏楽,0
405050,忍岡,令和6年度,東京都高等学校吹奏楽コンクール（第64回）,吹奏楽,C組,,銅賞,https://tokousuiren.com/wp/wp-content/uploads/2024/08/b4e7c00ade28fec9b7e02142c8914e3a-1.pdf,吹奏楽,0
405050,忍岡,令和7年度,東京都高等学校吹奏楽コンクール（第65回）,吹奏楽,C組,,銀賞,https://tokousuiren.com/wp/wp-content/uploads/2025/08/13C.pdf,吹奏楽,0
405050,忍岡,令和8年度,東京都高等学校吹奏楽コンクール（第66回）,吹奏楽,C組,,銅賞,https://tokousuiren.com/wp/wp-content/uploads/2026/08/8048f64de0e35faf3b1e3242a3a4515a.pdf,吹奏楽,0
405060,上野,令和5年度,東京都高等学校吹奏楽コンクール（第63回）,吹奏楽,B組,,銅賞,https://tokousuiren.com/wp/wp-content/uploads/2023/08/2c9e4a14f98a3ad4c7c6fc470edef9e1.pdf,吹奏楽部,0
405060,上野,令和6年度,東京都高等学校吹奏楽コンクール（第64回）,吹奏楽,B組,,銅賞,https://tokousuiren.com/wp/wp-content/uploads/2024/08/53e3451720747af128373fcdcc3b006c.pdf,吹奏楽部,0
405060,上野,令和7年度,東京都高等学校吹奏楽コンクール（第65回）,吹奏楽,C組,,銀賞,https://tokousuiren.com/wp/wp-content/uploads/2025/08/13C.pdf,吹奏楽部,0
405060,上野,令和8年度,東京都高等学校吹奏楽コンクール（第66回）,吹奏楽,C組,,銅賞,https://tokousuiren.com/wp/wp-content/uploads/2026/08/8048f64de0e35faf3b1e3242a3a4515a.pdf,吹奏楽部,0
405070,竹台,令和5年度,東京都高等学校吹奏楽コンクール（第63回）,吹奏楽,東日本組,,銅賞,https://tokousuiren.com/wp/wp-content/uploads/2023/08/5af00a4d2cdedddefa204008173df8c2.pdf,吹奏楽部,0
405070,竹台,令和6年度,東京都高等学校吹奏楽コンクール（第64回）,吹奏楽,C組,,金賞,https://tokousuiren.com/wp/wp-content/uploads/2024/08/b4e7c00ade28fec9b7e02142c8914e3a-1.pdf,吹奏楽部,0
405070,竹台,令和7年度,東京都高等学校吹奏楽コンクール（第65回）,吹奏楽,C組,,金賞,https://tokousuiren.com/wp/wp-content/uploads/2025/08/14C.pdf,吹奏楽部,0
405210,足立,令和7年度,東京都高等学校吹奏楽コンクール（第65回）,吹奏楽,C組,,銅賞,https://tokousuiren.com/wp/wp-content/uploads/2025/08/15C.pdf,吹奏楽部,0
405210,足立,令和8年度,東京都高等学校吹奏楽コンクール（第66回）,吹奏楽,C組,,銀賞,https://tokousuiren.com/wp/wp-content/uploads/2026/08/8048f64de0e35faf3b1e3242a3a4515a.pdf,吹奏楽部,0
405220,江北,令和8年度,東京都高等学校吹奏楽コンクール（第66回）,吹奏楽,C組,,銀賞,https://tokousuiren.com/wp/wp-content/uploads/2026/08/3a7f12fc7d75f389b7699ec6d069c857.pdf,吹奏楽部,0
405240,足立西,令和5年度,東京都高等学校吹奏楽コンクール（第63回）,吹奏楽,C組,,銀賞,https://tokousuiren.com/wp/wp-content/uploads/2023/08/3b7f8c5af57b6c3a70ddb9864e824e68-1.pdf,吹奏楽部,0
405240,足立西,令和6年度,東京都高等学校吹奏楽コンクール（第64回）,吹奏楽,東日本組,,銅賞,https://tokousuiren.com/wp/wp-content/uploads/2024/08/5fbc23275411a8bbfdfa5630a0e937ad.pdf,吹奏楽部,0
405240,足立西,令和7年度,東京都高等学校吹奏楽コンクール（第65回）,吹奏楽,C組,,金賞,https://tokousuiren.com/wp/wp-content/uploads/2025/08/15C.pdf,吹奏楽部,0
405240,足立西,令和8年度,東京都高等学校吹奏楽コンクール（第66回）,吹奏楽,C組,,金賞,https://tokousuiren.com/wp/wp-content/uploads/2026/08/8048f64de0e35faf3b1e3242a3a4515a.pdf,吹奏楽部,0
405250,足立東,令和5年度,東京都高等学校吹奏楽コンクール（第63回）,吹奏楽,C組,,銀賞,https://tokousuiren.com/wp/wp-content/uploads/2023/08/ba579a8411d950a64621fd883ab21b16.pdf,吹奏楽部,0
405250,足立東,令和6年度,東京都高等学校吹奏楽コンクール（第64回）,吹奏楽,C組,,銀賞,https://tokousuiren.com/wp/wp-content/uploads/2024/08/bb46b813d7292eef7aa357dc1d245884-1.pdf,吹奏楽部,0
405250,足立東,令和7年度,東京都高等学校吹奏楽コンクール（第65回）,吹奏楽,C組,,銅賞,https://tokousuiren.com/wp/wp-content/uploads/2025/08/14C.pdf,吹奏楽部,0
405250,足立東,令和8年度,東京都高等学校吹奏楽コンクール（第66回）,吹奏楽,C組,,銅賞,https://tokousuiren.com/wp/wp-content/uploads/2026/08/3a7f12fc7d75f389b7699ec6d069c857.pdf,吹奏楽部,0
405260,青井,令和5年度,東京都高等学校吹奏楽コンクール（第63回）,吹奏楽,C組,,銀賞,https://tokousuiren.com/wp/wp-content/uploads/2023/08/3b7f8c5af57b6c3a70ddb9864e824e68-1.pdf,吹奏楽部,0
405260,青井,令和6年度,東京都高等学校吹奏楽コンクール（第64回）,吹奏楽,C組,,銀賞,https://tokousuiren.com/wp/wp-content/uploads/2024/08/bb46b813d7292eef7aa357dc1d245884-1.pdf,吹奏楽部,0
405270,足立新田,令和5年度,東京都高等学校吹奏楽コンクール（第63回）,吹奏楽,C組,,銀賞,https://tokousuiren.com/wp/wp-content/uploads/2023/08/3b7f8c5af57b6c3a70ddb9864e824e68-1.pdf,吹奏楽部,0
405270,足立新田,令和6年度,東京都高等学校吹奏楽コンクール（第64回）,吹奏楽,C組,,銅賞,https://tokousuiren.com/wp/wp-content/uploads/2024/08/b4e7c00ade28fec9b7e02142c8914e3a-1.pdf,吹奏楽部,0
405270,足立新田,令和7年度,東京都高等学校吹奏楽コンクール（第65回）,吹奏楽,C組,,銅賞,https://tokousuiren.com/wp/wp-content/uploads/2025/08/15C.pdf,吹奏楽部,0
405270,足立新田,令和8年度,東京都高等学校吹奏楽コンクール（第66回）,吹奏楽,C組,,銅賞,https://tokousuiren.com/wp/wp-content/uploads/2026/08/8048f64de0e35faf3b1e3242a3a4515a.pdf,吹奏楽部,0
405410,晴海総合,令和5年度,東京都高等学校吹奏楽コンクール（第63回）,吹奏楽,A組,,銀賞,https://tokousuiren.com/wp/wp-content/uploads/2023/08/c812336cac0bc9664a017898ef785d48.pdf,吹奏楽部,0
405410,晴海総合,令和6年度,東京都高等学校吹奏楽コンクール（第64回）,吹奏楽,A組,,銀賞,https://tokousuiren.com/wp/wp-content/uploads/2024/08/41bbfe1fe2f9b38a425df5046172fb4b.pdf,吹奏楽部,0
405410,晴海総合,令和7年度,東京都高等学校吹奏楽コンクール（第65回）,吹奏楽,A組,,金賞,https://tokousuiren.com/wp/wp-content/uploads/2025/08/12A.pdf,吹奏楽部,0
405410,晴海総合,令和8年度,東京都高等学校吹奏楽コンクール（第66回）,吹奏楽,A組,,金賞,https://tokousuiren.com/wp/wp-content/uploads/2026/08/1b8c17a4b0186dfeff3c5501deff8f23.pdf,吹奏楽部,0
406020,墨田川,令和5年度,東京都高等学校吹奏楽コンクール（第63回）,吹奏楽,B組,,金賞,https://tokousuiren.com/wp/wp-content/uploads/2023/08/2c9e4a14f98a3ad4c7c6fc470edef9e1.pdf,吹奏楽部,0
406020,墨田川,令和5年度,東京都高等学校吹奏楽コンクール（第63回）,吹奏楽,A組,,金賞,https://tokousuiren.com/wp/wp-content/uploads/2023/08/c812336cac0bc9664a017898ef785d48.pdf,吹奏楽部,0
406020,墨田川,令和7年度,東京都高等学校吹奏楽コンクール（第65回）,吹奏楽,B組,,金賞,https://tokousuiren.com/wp/wp-content/uploads/2025/08/13B-1.pdf,吹奏楽部,0
406020,墨田川,令和8年度,東京都高等学校吹奏楽コンクール（第66回）,吹奏楽,A組,,金賞,https://tokousuiren.com/wp/wp-content/uploads/2026/08/f5145bd6ab90ce3a9afe86d9831ce5f3-2.pdf,吹奏楽部,0
406020,墨田川,令和8年度,東京都高等学校吹奏楽コンクール（第66回）,吹奏楽,B組,,金賞,https://tokousuiren.com/wp/wp-content/uploads/2026/08/d561582e9acf3539f4c9a76ff302fd4f-1.pdf,吹奏楽部,0
406040,葛飾野,令和8年度,東京都高等学校吹奏楽コンクール（第66回）,吹奏楽,C組,,銀賞,https://tokousuiren.com/wp/wp-content/uploads/2026/08/3a7f12fc7d75f389b7699ec6d069c857.pdf,吹奏楽部,0
406210,深川,令和5年度,東京都高等学校吹奏楽コンクール（第63回）,吹奏楽,B組,,銀賞,https://tokousuiren.com/wp/wp-content/uploads/2023/08/faa0f6568724e6579e4b131c379c3da8.pdf,吹奏楽部,0
406210,深川,令和6年度,東京都高等学校吹奏楽コンクール（第64回）,吹奏楽,B組,,銀賞,https://tokousuiren.com/wp/wp-content/uploads/2024/08/3d48d95b16a2ffd6ce9242fd8a9f2a6b.pdf,吹奏楽部,0
406210,深川,令和7年度,東京都高等学校吹奏楽コンクール（第65回）,吹奏楽,東日本組,,銅賞,https://tokousuiren.com/wp/wp-content/uploads/2025/08/0880e86fbe4b7f898ec883b8ddb8ef07-1.pdf,吹奏楽部,0
406210,深川,令和8年度,東京都高等学校吹奏楽コンクール（第66回）,吹奏楽,B組,,銀賞,https://tokousuiren.com/wp/wp-content/uploads/2026/08/d561582e9acf3539f4c9a76ff302fd4f-1.pdf,吹奏楽部,0
406220,東,令和5年度,東京都高等学校吹奏楽コンクール（第63回）,吹奏楽,B組,,銅賞,https://tokousuiren.com/wp/wp-content/uploads/2023/08/2c9e4a14f98a3ad4c7c6fc470edef9e1.pdf,吹奏楽部,0
406220,東,令和8年度,東京都高等学校吹奏楽コンクール（第66回）,吹奏楽,東日本組,,銅賞,https://tokousuiren.com/wp/wp-content/uploads/2026/08/ef419615aaec36d61c235f53aa40ef52.pdf,吹奏楽部,0
406230,城東,令和6年度,東京都高等学校吹奏楽コンクール（第64回）,吹奏楽,B組,,銀賞,https://tokousuiren.com/wp/wp-content/uploads/2024/08/53e3451720747af128373fcdcc3b006c.pdf,,0
406230,城東,令和7年度,東京都高等学校吹奏楽コンクール（第65回）,吹奏楽,B組,,銅賞,https://tokousuiren.com/wp/wp-content/uploads/2025/08/14B.pdf,,0
406230,城東,令和8年度,東京都高等学校吹奏楽コンクール（第66回）,吹奏楽,B組,,銀賞,https://tokousuiren.com/wp/wp-content/uploads/2026/08/d561582e9acf3539f4c9a76ff302fd4f-1.pdf,,0
406240,小松川,令和5年度,東京都高等学校吹奏楽コンクール（第63回）,吹奏楽,A組,,銀賞,https://tokousuiren.com/wp/wp-content/uploads/2023/08/c812336cac0bc9664a017898ef785d48.pdf,吹奏楽部,0
406240,小松川,令和6年度,東京都高等学校吹奏楽コンクール（第64回）,吹奏楽,A組,,銀賞,https://tokousuiren.com/wp/wp-content/uploads/2024/08/5c8581956a76f340f29d38433d277bf7-1.pdf,吹奏楽部,0
406240,小松川,令和7年度,東京都高等学校吹奏楽コンクール（第65回）,吹奏楽,A組,,銅賞,https://tokousuiren.com/wp/wp-content/uploads/2025/08/11A.pdf,吹奏楽部,0
406240,小松川,令和8年度,東京都高等学校吹奏楽コンクール（第66回）,吹奏楽,A組,,銀賞,https://tokousuiren.com/wp/wp-content/uploads/2026/08/1b8c17a4b0186dfeff3c5501deff8f23.pdf,吹奏楽部,0
406250,江戸川,令和7年度,東京都高等学校吹奏楽コンクール（第65回）,吹奏楽,C組,,銅賞,https://tokousuiren.com/wp/wp-content/uploads/2025/08/13C.pdf,吹奏楽部,0
406250,江戸川,令和8年度,東京都高等学校吹奏楽コンクール（第66回）,吹奏楽,B組,,金賞,https://tokousuiren.com/wp/wp-content/uploads/2026/08/34a0a8684a4a5dde7c2f7f49cdd146f4-3.pdf,吹奏楽部,0
406270,葛西南,令和5年度,東京都高等学校吹奏楽コンクール（第63回）,吹奏楽,C組,,銅賞,https://tokousuiren.com/wp/wp-content/uploads/2023/08/3b7f8c5af57b6c3a70ddb9864e824e68-1.pdf,吹奏楽 軽音楽,0
406270,葛西南,令和7年度,東京都高等学校吹奏楽コンクール（第65回）,吹奏楽,C組,,銅賞,https://tokousuiren.com/wp/wp-content/uploads/2025/08/14C.pdf,吹奏楽 軽音楽,0
406280,篠崎,令和6年度,東京都高等学校吹奏楽コンクール（第64回）,吹奏楽,C組,,銀賞,https://tokousuiren.com/wp/wp-content/uploads/2024/08/bb46b813d7292eef7aa357dc1d245884-1.pdf,吹奏楽部,0
406280,篠崎,令和7年度,東京都高等学校吹奏楽コンクール（第65回）,吹奏楽,C組,,金賞,https://tokousuiren.com/wp/wp-content/uploads/2025/08/15C.pdf,吹奏楽部,0
406280,篠崎,令和8年度,東京都高等学校吹奏楽コンクール（第66回）,吹奏楽,C組,,銀賞,https://tokousuiren.com/wp/wp-content/uploads/2026/08/3a7f12fc7d75f389b7699ec6d069c857.pdf,吹奏楽部,0
406290,紅葉川,令和5年度,東京都高等学校吹奏楽コンクール（第63回）,吹奏楽,C組,,銀賞,https://tokousuiren.com/wp/wp-content/uploads/2023/08/bc1617a16c8e43a4934b54c400f159f1.pdf,吹奏楽部,0
406290,紅葉川,令和6年度,東京都高等学校吹奏楽コンクール（第64回）,吹奏楽,C組,,金賞,https://tokousuiren.com/wp/wp-content/uploads/2024/08/bb46b813d7292eef7aa357dc1d245884-1.pdf,吹奏楽部,0
406290,紅葉川,令和7年度,東京都高等学校吹奏楽コンクール（第65回）,吹奏楽,C組,,銅賞,https://tokousuiren.com/wp/wp-content/uploads/2025/08/15C.pdf,吹奏楽部,0
406290,紅葉川,令和8年度,東京都高等学校吹奏楽コンクール（第66回）,吹奏楽,C組,,銅賞,https://tokousuiren.com/wp/wp-content/uploads/2026/08/3a7f12fc7d75f389b7699ec6d069c857.pdf,吹奏楽部,0
406420,葛飾総合,令和5年度,東京都高等学校吹奏楽コンクール（第63回）,吹奏楽,B組,,銀賞,https://tokousuiren.com/wp/wp-content/uploads/2023/08/2c9e4a14f98a3ad4c7c6fc470edef9e1.pdf,吹奏楽部,0
406420,葛飾総合,令和6年度,東京都高等学校吹奏楽コンクール（第64回）,吹奏楽,A組,,銀賞,https://tokousuiren.com/wp/wp-content/uploads/2024/08/41bbfe1fe2f9b38a425df5046172fb4b.pdf,吹奏楽部,0
406420,葛飾総合,令和6年度,東京都高等学校吹奏楽コンクール（第64回）,吹奏楽,C組,,金賞,https://tokousuiren.com/wp/wp-content/uploads/2024/08/b7ce6a09e040af45476be5a780be11c7.pdf,吹奏楽部,0
406420,葛飾総合,令和7年度,東京都高等学校吹奏楽コンクール（第65回）,吹奏楽,A組,,銀賞,https://tokousuiren.com/wp/wp-content/uploads/2025/08/11A.pdf,吹奏楽部,0
406420,葛飾総合,令和7年度,東京都高等学校吹奏楽コンクール（第65回）,吹奏楽,C組,,銀賞,https://tokousuiren.com/wp/wp-content/uploads/2025/08/15C.pdf,吹奏楽部,0
406420,葛飾総合,令和8年度,東京都高等学校吹奏楽コンクール（第66回）,吹奏楽,A組,,銀賞,https://tokousuiren.com/wp/wp-content/uploads/2026/08/44fb7569251a62225413479e3526177b-1.pdf,吹奏楽部,0
406420,葛飾総合,令和8年度,東京都高等学校吹奏楽コンクール（第66回）,吹奏楽,C組,,銀賞,https://tokousuiren.com/wp/wp-content/uploads/2026/08/8048f64de0e35faf3b1e3242a3a4515a.pdf,吹奏楽部,0
406630,江東商業,令和7年度,東京都高等学校吹奏楽コンクール（第65回）,吹奏楽,C組,,金賞,https://tokousuiren.com/wp/wp-content/uploads/2025/08/15C.pdf,吹奏楽部,0
406630,江東商業,令和8年度,東京都高等学校吹奏楽コンクール（第66回）,吹奏楽,C組,,銀賞,https://tokousuiren.com/wp/wp-content/uploads/2026/08/7d680b3494d788f321dd9ce6cce6ee74.pdf,吹奏楽部,0
406780,科学技術,令和5年度,東京都高等学校吹奏楽コンクール（第63回）,吹奏楽,B組,,銅賞,https://tokousuiren.com/wp/wp-content/uploads/2023/08/faa0f6568724e6579e4b131c379c3da8.pdf,吹奏楽部,0
406780,科学技術,令和6年度,東京都高等学校吹奏楽コンクール（第64回）,吹奏楽,C組,,銅賞,https://tokousuiren.com/wp/wp-content/uploads/2024/08/b7ce6a09e040af45476be5a780be11c7.pdf,吹奏楽部,0
406780,科学技術,令和7年度,東京都高等学校吹奏楽コンクール（第65回）,吹奏楽,C組,,銅賞,https://tokousuiren.com/wp/wp-content/uploads/2025/08/13C.pdf,吹奏楽部,0
406780,科学技術,令和8年度,東京都高等学校吹奏楽コンクール（第66回）,吹奏楽,C組,,銅賞,https://tokousuiren.com/wp/wp-content/uploads/2026/08/8048f64de0e35faf3b1e3242a3a4515a.pdf,吹奏楽部,0
407020,富士森,令和5年度,東京都高等学校吹奏楽コンクール（第63回）,吹奏楽,A組,,金賞,https://tokousuiren.com/wp/wp-content/uploads/2023/08/c812336cac0bc9664a017898ef785d48.pdf,吹奏楽部,0
407020,富士森,令和6年度,東京都高等学校吹奏楽コンクール（第64回）,吹奏楽,A組,,金賞,https://tokousuiren.com/wp/wp-content/uploads/2024/08/b6f95390732796040c9ac7d5976206f3.pdf,吹奏楽部,0
407020,富士森,令和8年度,東京都高等学校吹奏楽コンクール（第66回）,吹奏楽,B組,,銀賞,https://tokousuiren.com/wp/wp-content/uploads/2026/08/34a0a8684a4a5dde7c2f7f49cdd146f4-3.pdf,吹奏楽部,0
407030,片倉,令和5年度,東京都高等学校吹奏楽コンクール（第63回）,吹奏楽,C組,,金賞・最優秀,https://tokousuiren.com/wp/wp-content/uploads/2023/08/3b7f8c5af57b6c3a70ddb9864e824e68-1.pdf,吹奏楽部,0
407030,片倉,令和6年度,東京都高等学校吹奏楽コンクール（第64回）,吹奏楽,C組,,金賞,https://tokousuiren.com/wp/wp-content/uploads/2024/08/bb46b813d7292eef7aa357dc1d245884-1.pdf,吹奏楽部,0
407030,片倉,令和7年度,東京都高等学校吹奏楽コンクール（第65回）,吹奏楽,C組,,金賞,https://tokousuiren.com/wp/wp-content/uploads/2025/08/15C.pdf,吹奏楽部,0
407030,片倉,令和8年度,東京都高等学校吹奏楽コンクール（第66回）,吹奏楽,C組,,銀賞,https://tokousuiren.com/wp/wp-content/uploads/2026/08/3a7f12fc7d75f389b7699ec6d069c857.pdf,吹奏楽部,0
407040,八王子東,令和5年度,東京都高等学校吹奏楽コンクール（第63回）,吹奏楽,A組,,銀賞,https://tokousuiren.com/wp/wp-content/uploads/2023/08/9fda05990901427f29b02340979df9b4.pdf,吹奏楽部,0
407040,八王子東,令和6年度,東京都高等学校吹奏楽コンクール（第64回）,吹奏楽,A組,,銅賞,https://tokousuiren.com/wp/wp-content/uploads/2024/08/41bbfe1fe2f9b38a425df5046172fb4b.pdf,吹奏楽部,0
407040,八王子東,令和7年度,東京都高等学校吹奏楽コンクール（第65回）,吹奏楽,A組,,銅賞,https://tokousuiren.com/wp/wp-content/uploads/2025/08/12A.pdf,吹奏楽部,0
407040,八王子東,令和8年度,東京都高等学校吹奏楽コンクール（第66回）,吹奏楽,A組,,銅賞,https://tokousuiren.com/wp/wp-content/uploads/2026/08/f5145bd6ab90ce3a9afe86d9831ce5f3-2.pdf,吹奏楽部,0
407050,八王子北,令和5年度,東京都高等学校吹奏楽コンクール（第63回）,吹奏楽,C組,,金賞・最優秀,https://tokousuiren.com/wp/wp-content/uploads/2023/08/ba579a8411d950a64621fd883ab21b16.pdf,吹奏楽部,0
407050,八王子北,令和7年度,東京都高等学校吹奏楽コンクール（第65回）,吹奏楽,C組,,金賞,https://tokousuiren.com/wp/wp-content/uploads/2025/08/15C.pdf,吹奏楽部,0
407050,八王子北,令和8年度,東京都高等学校吹奏楽コンクール（第66回）,吹奏楽,B組,,銀賞,https://tokousuiren.com/wp/wp-content/uploads/2026/08/34a0a8684a4a5dde7c2f7f49cdd146f4-3.pdf,吹奏楽部,0
407070,松が谷,令和6年度,東京都高等学校吹奏楽コンクール（第64回）,吹奏楽,C組,,銀賞,https://tokousuiren.com/wp/wp-content/uploads/2024/08/bb46b813d7292eef7aa357dc1d245884-1.pdf,吹奏楽部,0
407070,松が谷,令和7年度,東京都高等学校吹奏楽コンクール（第65回）,吹奏楽,C組,,銅賞,https://tokousuiren.com/wp/wp-content/uploads/2025/08/14C.pdf,吹奏楽部,0
407070,松が谷,令和8年度,東京都高等学校吹奏楽コンクール（第66回）,吹奏楽,C組,,銅賞,https://tokousuiren.com/wp/wp-content/uploads/2026/08/7d680b3494d788f321dd9ce6cce6ee74.pdf,吹奏楽部,0
407080,日野,令和5年度,東京都高等学校吹奏楽コンクール（第63回）,吹奏楽,B組,,銀賞,https://tokousuiren.com/wp/wp-content/uploads/2023/08/faa0f6568724e6579e4b131c379c3da8.pdf,吹奏楽部,0
407080,日野,令和6年度,東京都高等学校吹奏楽コンクール（第64回）,吹奏楽,B組,,銀賞,https://tokousuiren.com/wp/wp-content/uploads/2024/08/3d48d95b16a2ffd6ce9242fd8a9f2a6b.pdf,吹奏楽部,0
407080,日野,令和7年度,東京都高等学校吹奏楽コンクール（第65回）,吹奏楽,B組,,銀賞,https://tokousuiren.com/wp/wp-content/uploads/2025/08/13B-1.pdf,吹奏楽部,0
407080,日野,令和8年度,東京都高等学校吹奏楽コンクール（第66回）,吹奏楽,B組,,銀賞,https://tokousuiren.com/wp/wp-content/uploads/2026/08/d561582e9acf3539f4c9a76ff302fd4f-1.pdf,吹奏楽部,0
407090,日野台,令和5年度,東京都高等学校吹奏楽コンクール（第63回）,吹奏楽,東日本組,,銀賞,https://tokousuiren.com/wp/wp-content/uploads/2023/08/dc8aff67e9fb5cc1e90402e7625dc897.pdf,吹奏楽部,0
407090,日野台,令和6年度,東京都高等学校吹奏楽コンクール（第64回）,吹奏楽,B組,,銀賞,https://tokousuiren.com/wp/wp-content/uploads/2024/08/3d48d95b16a2ffd6ce9242fd8a9f2a6b.pdf,吹奏楽部,0
407090,日野台,令和7年度,東京都高等学校吹奏楽コンクール（第65回）,吹奏楽,B組,,銀賞,https://tokousuiren.com/wp/wp-content/uploads/2025/08/14B.pdf,吹奏楽部,0
407090,日野台,令和8年度,東京都高等学校吹奏楽コンクール（第66回）,吹奏楽,A組,,銅賞,https://tokousuiren.com/wp/wp-content/uploads/2026/08/f5145bd6ab90ce3a9afe86d9831ce5f3-2.pdf,吹奏楽部,0
407100,南平,令和5年度,東京都高等学校吹奏楽コンクール（第63回）,吹奏楽,A組,,銅賞,https://tokousuiren.com/wp/wp-content/uploads/2023/08/9fda05990901427f29b02340979df9b4.pdf,吹奏楽部,0
407100,南平,令和6年度,東京都高等学校吹奏楽コンクール（第64回）,吹奏楽,A組,,銅賞,https://tokousuiren.com/wp/wp-content/uploads/2024/08/41bbfe1fe2f9b38a425df5046172fb4b.pdf,吹奏楽部,0
407100,南平,令和7年度,東京都高等学校吹奏楽コンクール（第65回）,吹奏楽,B組,,銀賞,https://tokousuiren.com/wp/wp-content/uploads/2025/08/14B.pdf,吹奏楽部,0
407100,南平,令和8年度,東京都高等学校吹奏楽コンクール（第66回）,吹奏楽,A組,,銅賞,https://tokousuiren.com/wp/wp-content/uploads/2026/08/44fb7569251a62225413479e3526177b-1.pdf,吹奏楽部,0
407210,町田,令和5年度,東京都高等学校吹奏楽コンクール（第63回）,吹奏楽,A組,,銅賞,https://tokousuiren.com/wp/wp-content/uploads/2023/08/a05c33982e146a93e87d9b9a635ebaed.pdf,吹奏楽部,0
407210,町田,令和6年度,東京都高等学校吹奏楽コンクール（第64回）,吹奏楽,A組,,銅賞,https://tokousuiren.com/wp/wp-content/uploads/2024/08/5c8581956a76f340f29d38433d277bf7-1.pdf,吹奏楽部,0
407210,町田,令和7年度,東京都高等学校吹奏楽コンクール（第65回）,吹奏楽,A組,,銅賞,https://tokousuiren.com/wp/wp-content/uploads/2025/08/12A.pdf,吹奏楽部,0
407210,町田,令和8年度,東京都高等学校吹奏楽コンクール（第66回）,吹奏楽,A組,,銀賞,https://tokousuiren.com/wp/wp-content/uploads/2026/08/f5145bd6ab90ce3a9afe86d9831ce5f3-2.pdf,吹奏楽部,0
407240,成瀬,令和5年度,東京都高等学校吹奏楽コンクール（第63回）,吹奏楽,B組,,銅賞,https://tokousuiren.com/wp/wp-content/uploads/2023/08/2c9e4a14f98a3ad4c7c6fc470edef9e1.pdf,吹奏楽部,0
407240,成瀬,令和6年度,東京都高等学校吹奏楽コンクール（第64回）,吹奏楽,B組,,銅賞,https://tokousuiren.com/wp/wp-content/uploads/2024/08/3d48d95b16a2ffd6ce9242fd8a9f2a6b.pdf,吹奏楽部,0
407240,成瀬,令和7年度,東京都高等学校吹奏楽コンクール（第65回）,吹奏楽,B組,,銅賞,https://tokousuiren.com/wp/wp-content/uploads/2025/08/14B.pdf,吹奏楽部,0
407240,成瀬,令和8年度,東京都高等学校吹奏楽コンクール（第66回）,吹奏楽,A組,,銅賞,https://tokousuiren.com/wp/wp-content/uploads/2026/08/1b8c17a4b0186dfeff3c5501deff8f23.pdf,吹奏楽部,0
407250,小川,令和5年度,東京都高等学校吹奏楽コンクール（第63回）,吹奏楽,東日本組,,銅賞,https://tokousuiren.com/wp/wp-content/uploads/2023/08/5af00a4d2cdedddefa204008173df8c2.pdf,吹奏楽部,0
407250,小川,令和6年度,東京都高等学校吹奏楽コンクール（第64回）,吹奏楽,C組,,銀賞,https://tokousuiren.com/wp/wp-content/uploads/2024/08/b7ce6a09e040af45476be5a780be11c7.pdf,吹奏楽部,0
407250,小川,令和7年度,東京都高等学校吹奏楽コンクール（第65回）,吹奏楽,東日本組,,銅賞,https://tokousuiren.com/wp/wp-content/uploads/2025/08/fbc2abb6220515108b6f8c5f839217e1.pdf,吹奏楽部,0
407250,小川,令和8年度,東京都高等学校吹奏楽コンクール（第66回）,吹奏楽,東日本組,,銅賞,https://tokousuiren.com/wp/wp-content/uploads/2026/08/ef419615aaec36d61c235f53aa40ef52.pdf,吹奏楽部,0
407510,翔陽,令和5年度,東京都高等学校吹奏楽コンクール（第63回）,吹奏楽,東日本組,,銅賞,https://tokousuiren.com/wp/wp-content/uploads/2023/08/5af00a4d2cdedddefa204008173df8c2.pdf,吹奏楽部,0
407510,翔陽,令和6年度,東京都高等学校吹奏楽コンクール（第64回）,吹奏楽,C組,,銅賞,https://tokousuiren.com/wp/wp-content/uploads/2024/08/b7ce6a09e040af45476be5a780be11c7.pdf,吹奏楽部,0
407720,町田工科,令和7年度,東京都高等学校吹奏楽コンクール（第65回）,吹奏楽,C組,,銅賞,https://tokousuiren.com/wp/wp-content/uploads/2025/08/15C.pdf,吹奏楽部,0
407910,八王子桑志,令和5年度,東京都高等学校吹奏楽コンクール（第63回）,吹奏楽,東日本組,,金賞,https://tokousuiren.com/wp/wp-content/uploads/2023/08/dc8aff67e9fb5cc1e90402e7625dc897.pdf,吹奏楽部,0
407910,八王子桑志,令和6年度,東京都高等学校吹奏楽コンクール（第64回）,吹奏楽,東日本組,,金賞,https://tokousuiren.com/wp/wp-content/uploads/2024/08/5fbc23275411a8bbfdfa5630a0e937ad.pdf,吹奏楽部,0
408010,立川,令和5年度,東京都高等学校吹奏楽コンクール（第63回）,吹奏楽,A組,,銅賞,https://tokousuiren.com/wp/wp-content/uploads/2023/08/a05c33982e146a93e87d9b9a635ebaed.pdf,吹奏楽部,0
408010,立川,令和6年度,東京都高等学校吹奏楽コンクール（第64回）,吹奏楽,東日本組,,金賞,https://tokousuiren.com/wp/wp-content/uploads/2024/08/f734e123cff66b59eaf7967ec78da47c-1.pdf,吹奏楽部,0
408010,立川,令和6年度,東京都高等学校吹奏楽コンクール（第64回）,吹奏楽,A組,,銅賞,https://tokousuiren.com/wp/wp-content/uploads/2024/08/b6f95390732796040c9ac7d5976206f3.pdf,吹奏楽部,0
408010,立川,令和7年度,東京都高等学校吹奏楽コンクール（第65回）,吹奏楽,東日本組,,金賞,https://tokousuiren.com/wp/wp-content/uploads/2025/08/0880e86fbe4b7f898ec883b8ddb8ef07-1.pdf,吹奏楽部,0
408010,立川,令和7年度,東京都高等学校吹奏楽コンクール（第65回）,吹奏楽,東日本組,,銀賞,https://tokousuiren.com/wp/wp-content/uploads/2025/08/fbc2abb6220515108b6f8c5f839217e1.pdf,吹奏楽部,0
408010,立川,令和8年度,東京都高等学校吹奏楽コンクール（第66回）,吹奏楽,東日本組,,銅賞,https://tokousuiren.com/wp/wp-content/uploads/2026/08/aaa091c582d08a722acb89b77b55f308.pdf,吹奏楽部,0
408010,立川,令和8年度,東京都高等学校吹奏楽コンクール（第66回）,吹奏楽,東日本組,,銀賞,https://tokousuiren.com/wp/wp-content/uploads/2026/08/d086d835ccb5e21907cd421900e8eb90-2.pdf,吹奏楽部,0
408040,昭和,令和5年度,東京都高等学校吹奏楽コンクール（第63回）,吹奏楽,C組,,金賞,https://tokousuiren.com/wp/wp-content/uploads/2023/08/bc1617a16c8e43a4934b54c400f159f1.pdf,吹奏楽部,0
408040,昭和,令和5年度,東京都高等学校吹奏楽コンクール（第63回）,吹奏楽,A組,,金賞,https://tokousuiren.com/wp/wp-content/uploads/2023/08/c812336cac0bc9664a017898ef785d48.pdf,吹奏楽部,0
408040,昭和,令和6年度,東京都高等学校吹奏楽コンクール（第64回）,吹奏楽,A組,,銀賞,https://tokousuiren.com/wp/wp-content/uploads/2024/08/5c8581956a76f340f29d38433d277bf7-1.pdf,吹奏楽部,0
408040,昭和,令和6年度,東京都高等学校吹奏楽コンクール（第64回）,吹奏楽,B組,,銀賞,https://tokousuiren.com/wp/wp-content/uploads/2024/08/1320a9bee6735a923c87fd4240e7763e.pdf,吹奏楽部,0
408040,昭和,令和7年度,東京都高等学校吹奏楽コンクール（第65回）,吹奏楽,A組,,金賞,https://tokousuiren.com/wp/wp-content/uploads/2025/08/12A.pdf,吹奏楽部,0
408040,昭和,令和7年度,東京都高等学校吹奏楽コンクール（第65回）,吹奏楽,B組,,金賞,https://tokousuiren.com/wp/wp-content/uploads/2025/08/13B-1.pdf,吹奏楽部,0
408040,昭和,令和8年度,東京都高等学校吹奏楽コンクール（第66回）,吹奏楽,A組,,金賞,https://tokousuiren.com/wp/wp-content/uploads/2026/08/44fb7569251a62225413479e3526177b-1.pdf,吹奏楽部,0
408040,昭和,令和8年度,東京都高等学校吹奏楽コンクール（第66回）,吹奏楽,B組,,銀賞,https://tokousuiren.com/wp/wp-content/uploads/2026/08/d561582e9acf3539f4c9a76ff302fd4f-1.pdf,吹奏楽部,0
408050,拝島,令和6年度,東京都高等学校吹奏楽コンクール（第64回）,吹奏楽,C組,,銀賞,https://tokousuiren.com/wp/wp-content/uploads/2024/08/b7ce6a09e040af45476be5a780be11c7.pdf,吹奏楽部,0
408050,拝島,令和8年度,東京都高等学校吹奏楽コンクール（第66回）,吹奏楽,C組,,銀賞,https://tokousuiren.com/wp/wp-content/uploads/2026/08/3a7f12fc7d75f389b7699ec6d069c857.pdf,吹奏楽部,0
408060,東大和,令和6年度,東京都高等学校吹奏楽コンクール（第64回）,吹奏楽,B組,,金賞,https://tokousuiren.com/wp/wp-content/uploads/2024/08/53e3451720747af128373fcdcc3b006c.pdf,吹奏楽部,0
408060,東大和,令和7年度,東京都高等学校吹奏楽コンクール（第65回）,吹奏楽,東日本組,,金賞,https://tokousuiren.com/wp/wp-content/uploads/2025/08/0880e86fbe4b7f898ec883b8ddb8ef07-1.pdf,吹奏楽部,0
408060,東大和,令和8年度,東京都高等学校吹奏楽コンクール（第66回）,吹奏楽,東日本組,,銀賞,https://tokousuiren.com/wp/wp-content/uploads/2026/08/d086d835ccb5e21907cd421900e8eb90-2.pdf,吹奏楽部,0
408070,武蔵村山,令和5年度,東京都高等学校吹奏楽コンクール（第63回）,吹奏楽,C組,,銀賞,https://tokousuiren.com/wp/wp-content/uploads/2023/08/bc1617a16c8e43a4934b54c400f159f1.pdf,吹奏楽部,0
408070,武蔵村山,令和6年度,東京都高等学校吹奏楽コンクール（第64回）,吹奏楽,C組,,金賞,https://tokousuiren.com/wp/wp-content/uploads/2024/08/b4e7c00ade28fec9b7e02142c8914e3a-1.pdf,吹奏楽部,0
408070,武蔵村山,令和7年度,東京都高等学校吹奏楽コンクール（第65回）,吹奏楽,C組,,銅賞,https://tokousuiren.com/wp/wp-content/uploads/2025/08/13C.pdf,吹奏楽部,0
408090,東大和南,令和5年度,東京都高等学校吹奏楽コンクール（第63回）,吹奏楽,東日本組,,銅賞,https://tokousuiren.com/wp/wp-content/uploads/2023/08/d221af7ecb0b3d65068c0af0f09c560e-1.pdf,吹奏楽部,0
408090,東大和南,令和6年度,東京都高等学校吹奏楽コンクール（第64回）,吹奏楽,東日本組,,銀賞,https://tokousuiren.com/wp/wp-content/uploads/2024/08/1713acdbfaa0888e468b698cc4325f9b.pdf,吹奏楽部,0
408090,東大和南,令和7年度,東京都高等学校吹奏楽コンクール（第65回）,吹奏楽,東日本組,,銀賞,https://tokousuiren.com/wp/wp-content/uploads/2025/08/fbc2abb6220515108b6f8c5f839217e1.pdf,吹奏楽部,0
408090,東大和南,令和8年度,東京都高等学校吹奏楽コンクール（第66回）,吹奏楽,東日本組,,銅賞,https://tokousuiren.com/wp/wp-content/uploads/2026/08/aaa091c582d08a722acb89b77b55f308.pdf,吹奏楽部,0
408230,福生,令和5年度,東京都高等学校吹奏楽コンクール（第63回）,吹奏楽,C組,,銀賞,https://tokousuiren.com/wp/wp-content/uploads/2023/08/bc1617a16c8e43a4934b54c400f159f1.pdf,吹奏楽部,0
408230,福生,令和6年度,東京都高等学校吹奏楽コンクール（第64回）,吹奏楽,C組,,金賞,https://tokousuiren.com/wp/wp-content/uploads/2024/08/b7ce6a09e040af45476be5a780be11c7.pdf,吹奏楽部,0
408230,福生,令和7年度,東京都高等学校吹奏楽コンクール（第65回）,吹奏楽,C組,,銀賞,https://tokousuiren.com/wp/wp-content/uploads/2025/08/14C.pdf,吹奏楽部,0
408230,福生,令和8年度,東京都高等学校吹奏楽コンクール（第66回）,吹奏楽,C組,,銀賞,https://tokousuiren.com/wp/wp-content/uploads/2026/08/7d680b3494d788f321dd9ce6cce6ee74.pdf,吹奏楽部,0
408240,秋留台,令和5年度,東京都高等学校吹奏楽コンクール（第63回）,吹奏楽,C組,,銀賞,https://tokousuiren.com/wp/wp-content/uploads/2023/08/ba579a8411d950a64621fd883ab21b16.pdf,吹奏楽部,0
408240,秋留台,令和6年度,東京都高等学校吹奏楽コンクール（第64回）,吹奏楽,C組,,銀賞,https://tokousuiren.com/wp/wp-content/uploads/2024/08/b7ce6a09e040af45476be5a780be11c7.pdf,吹奏楽部,0
408420,青梅総合,令和5年度,東京都高等学校吹奏楽コンクール（第63回）,吹奏楽,C組,,銀賞,https://tokousuiren.com/wp/wp-content/uploads/2023/08/bc1617a16c8e43a4934b54c400f159f1.pdf,吹奏楽部,0
408420,青梅総合,令和6年度,東京都高等学校吹奏楽コンクール（第64回）,吹奏楽,C組,,金賞,https://tokousuiren.com/wp/wp-content/uploads/2024/08/b7ce6a09e040af45476be5a780be11c7.pdf,吹奏楽部,0
408420,青梅総合,令和7年度,東京都高等学校吹奏楽コンクール（第65回）,吹奏楽,C組,,銀賞,https://tokousuiren.com/wp/wp-content/uploads/2025/08/14C.pdf,吹奏楽部,0
408420,青梅総合,令和8年度,東京都高等学校吹奏楽コンクール（第66回）,吹奏楽,C組,,銀賞,https://tokousuiren.com/wp/wp-content/uploads/2026/08/8048f64de0e35faf3b1e3242a3a4515a.pdf,吹奏楽部,0
408510,上水,令和7年度,東京都高等学校吹奏楽コンクール（第65回）,吹奏楽,A組,,銅賞,https://tokousuiren.com/wp/wp-content/uploads/2025/08/12A.pdf,吹奏楽部,0
408510,上水,令和8年度,東京都高等学校吹奏楽コンクール（第66回）,吹奏楽,A組,,銅賞,https://tokousuiren.com/wp/wp-content/uploads/2026/08/f5145bd6ab90ce3a9afe86d9831ce5f3-2.pdf,吹奏楽部,0
409020,武蔵野北,令和5年度,東京都高等学校吹奏楽コンクール（第63回）,吹奏楽,A組,,銅賞,https://tokousuiren.com/wp/wp-content/uploads/2023/08/c812336cac0bc9664a017898ef785d48.pdf,吹奏楽部,0
409020,武蔵野北,令和6年度,東京都高等学校吹奏楽コンクール（第64回）,吹奏楽,A組,,銅賞,https://tokousuiren.com/wp/wp-content/uploads/2024/08/b6f95390732796040c9ac7d5976206f3.pdf,吹奏楽部,0
409020,武蔵野北,令和7年度,東京都高等学校吹奏楽コンクール（第65回）,吹奏楽,B組,,銀賞,https://tokousuiren.com/wp/wp-content/uploads/2025/08/13B-1.pdf,吹奏楽部,0
409020,武蔵野北,令和8年度,東京都高等学校吹奏楽コンクール（第66回）,吹奏楽,B組,,銀賞,https://tokousuiren.com/wp/wp-content/uploads/2026/08/34a0a8684a4a5dde7c2f7f49cdd146f4-3.pdf,吹奏楽部,0
409020,武蔵野北,令和8年度,東京都高等学校吹奏楽コンクール（第66回）,吹奏楽,C組,,銅賞,https://tokousuiren.com/wp/wp-content/uploads/2026/08/3a7f12fc7d75f389b7699ec6d069c857.pdf,吹奏楽部,0
409030,小金井北,令和5年度,東京都高等学校吹奏楽コンクール（第63回）,吹奏楽,C組,,銀賞,https://tokousuiren.com/wp/wp-content/uploads/2023/08/ba579a8411d950a64621fd883ab21b16.pdf,吹奏楽部,0
409030,小金井北,令和5年度,東京都高等学校吹奏楽コンクール（第63回）,吹奏楽,B組,,銀賞,https://tokousuiren.com/wp/wp-content/uploads/2023/08/faa0f6568724e6579e4b131c379c3da8.pdf,吹奏楽部,0
409030,小金井北,令和6年度,東京都高等学校吹奏楽コンクール（第64回）,吹奏楽,B組,,銀賞,https://tokousuiren.com/wp/wp-content/uploads/2024/08/53e3451720747af128373fcdcc3b006c.pdf,吹奏楽部,0
409030,小金井北,令和6年度,東京都高等学校吹奏楽コンクール（第64回）,吹奏楽,C組,,金賞,https://tokousuiren.com/wp/wp-content/uploads/2024/08/bb46b813d7292eef7aa357dc1d245884-1.pdf,吹奏楽部,0
409030,小金井北,令和7年度,東京都高等学校吹奏楽コンクール（第65回）,吹奏楽,B組,,銀賞,https://tokousuiren.com/wp/wp-content/uploads/2025/08/14B.pdf,吹奏楽部,0
409030,小金井北,令和7年度,東京都高等学校吹奏楽コンクール（第65回）,吹奏楽,C組,,金賞,https://tokousuiren.com/wp/wp-content/uploads/2025/08/13C.pdf,吹奏楽部,0
409030,小金井北,令和8年度,東京都高等学校吹奏楽コンクール（第66回）,吹奏楽,B組,,銀賞,https://tokousuiren.com/wp/wp-content/uploads/2026/08/34a0a8684a4a5dde7c2f7f49cdd146f4-3.pdf,吹奏楽部,0
409040,保谷,令和5年度,東京都高等学校吹奏楽コンクール（第63回）,吹奏楽,東日本組,,銀賞,https://tokousuiren.com/wp/wp-content/uploads/2023/08/5af00a4d2cdedddefa204008173df8c2.pdf,吹奏楽部,0
409040,保谷,令和6年度,東京都高等学校吹奏楽コンクール（第64回）,吹奏楽,東日本組,,銀賞,https://tokousuiren.com/wp/wp-content/uploads/2024/08/1713acdbfaa0888e468b698cc4325f9b.pdf,吹奏楽部,0
409040,保谷,令和7年度,東京都高等学校吹奏楽コンクール（第65回）,吹奏楽,B組,,銀賞,https://tokousuiren.com/wp/wp-content/uploads/2025/08/14B.pdf,吹奏楽部,0
409040,保谷,令和7年度,東京都高等学校吹奏楽コンクール（第65回）,吹奏楽,C組,,銅賞,https://tokousuiren.com/wp/wp-content/uploads/2025/08/14C.pdf,吹奏楽部,0
409040,保谷,令和8年度,東京都高等学校吹奏楽コンクール（第66回）,吹奏楽,B組,,金賞,https://tokousuiren.com/wp/wp-content/uploads/2026/08/d561582e9acf3539f4c9a76ff302fd4f-1.pdf,吹奏楽部,0
409040,保谷,令和8年度,東京都高等学校吹奏楽コンクール（第66回）,吹奏楽,C組,,銅賞,https://tokousuiren.com/wp/wp-content/uploads/2026/08/8048f64de0e35faf3b1e3242a3a4515a.pdf,吹奏楽部,0
409070,田無,令和5年度,東京都高等学校吹奏楽コンクール（第63回）,吹奏楽,C組,,銅賞,https://tokousuiren.com/wp/wp-content/uploads/2023/08/3b7f8c5af57b6c3a70ddb9864e824e68-1.pdf,吹奏楽部,0
409070,田無,令和6年度,東京都高等学校吹奏楽コンクール（第64回）,吹奏楽,C組,,銀賞,https://tokousuiren.com/wp/wp-content/uploads/2024/08/b4e7c00ade28fec9b7e02142c8914e3a-1.pdf,吹奏楽部,0
409070,田無,令和7年度,東京都高等学校吹奏楽コンクール（第65回）,吹奏楽,C組,,銅賞,https://tokousuiren.com/wp/wp-content/uploads/2025/08/13C.pdf,吹奏楽部,0
409070,田無,令和8年度,東京都高等学校吹奏楽コンクール（第66回）,吹奏楽,C組,,銀賞,https://tokousuiren.com/wp/wp-content/uploads/2026/08/7d680b3494d788f321dd9ce6cce6ee74.pdf,吹奏楽部,0
409210,小平,令和5年度,東京都高等学校吹奏楽コンクール（第63回）,吹奏楽,A組,,銀賞,https://tokousuiren.com/wp/wp-content/uploads/2023/08/9fda05990901427f29b02340979df9b4.pdf,吹奏楽部,0
409210,小平,令和6年度,東京都高等学校吹奏楽コンクール（第64回）,吹奏楽,A組,,銀賞,https://tokousuiren.com/wp/wp-content/uploads/2024/08/b6f95390732796040c9ac7d5976206f3.pdf,吹奏楽部,0
409210,小平,令和7年度,東京都高等学校吹奏楽コンクール（第65回）,吹奏楽,A組,,銀賞,https://tokousuiren.com/wp/wp-content/uploads/2025/08/10A.pdf,吹奏楽部,0
409210,小平,令和8年度,東京都高等学校吹奏楽コンクール（第66回）,吹奏楽,A組,,銀賞,https://tokousuiren.com/wp/wp-content/uploads/2026/08/1b8c17a4b0186dfeff3c5501deff8f23.pdf,吹奏楽部,0
409220,小平西,令和5年度,東京都高等学校吹奏楽コンクール（第63回）,吹奏楽,C組,,銀賞,https://tokousuiren.com/wp/wp-content/uploads/2023/08/3b7f8c5af57b6c3a70ddb9864e824e68-1.pdf,吹奏楽部,0
409220,小平西,令和6年度,東京都高等学校吹奏楽コンクール（第64回）,吹奏楽,C組,,銀賞,https://tokousuiren.com/wp/wp-content/uploads/2024/08/bb46b813d7292eef7aa357dc1d245884-1.pdf,吹奏楽部,0
409220,小平西,令和7年度,東京都高等学校吹奏楽コンクール（第65回）,吹奏楽,C組,,銀賞,https://tokousuiren.com/wp/wp-content/uploads/2025/08/15C.pdf,吹奏楽部,0
409220,小平西,令和8年度,東京都高等学校吹奏楽コンクール（第66回）,吹奏楽,C組,,金賞,https://tokousuiren.com/wp/wp-content/uploads/2026/08/8048f64de0e35faf3b1e3242a3a4515a.pdf,吹奏楽部,0
409240,国分寺,令和5年度,東京都高等学校吹奏楽コンクール（第63回）,吹奏楽,B組,,金賞,https://tokousuiren.com/wp/wp-content/uploads/2023/08/2c9e4a14f98a3ad4c7c6fc470edef9e1.pdf,吹奏楽部,0
409240,国分寺,令和6年度,東京都高等学校吹奏楽コンクール（第64回）,吹奏楽,東日本組,,銀賞,https://tokousuiren.com/wp/wp-content/uploads/2024/08/f734e123cff66b59eaf7967ec78da47c-1.pdf,吹奏楽部,0
409240,国分寺,令和7年度,東京都高等学校吹奏楽コンクール（第65回）,吹奏楽,東日本組,,金賞,https://tokousuiren.com/wp/wp-content/uploads/2025/08/fbc2abb6220515108b6f8c5f839217e1.pdf,吹奏楽部,0
409240,国分寺,令和8年度,東京都高等学校吹奏楽コンクール（第66回）,吹奏楽,東日本組,,銀賞,https://tokousuiren.com/wp/wp-content/uploads/2026/08/d086d835ccb5e21907cd421900e8eb90-2.pdf,吹奏楽部,0
409250,清瀬,令和5年度,東京都高等学校吹奏楽コンクール（第63回）,吹奏楽,東日本組,,銅賞,https://tokousuiren.com/wp/wp-content/uploads/2023/08/5af00a4d2cdedddefa204008173df8c2.pdf,吹奏楽部,0
409250,清瀬,令和6年度,東京都高等学校吹奏楽コンクール（第64回）,吹奏楽,東日本組,,銅賞,https://tokousuiren.com/wp/wp-content/uploads/2024/08/f734e123cff66b59eaf7967ec78da47c-1.pdf,吹奏楽部,0
409250,清瀬,令和7年度,東京都高等学校吹奏楽コンクール（第65回）,吹奏楽,C組,,金賞,https://tokousuiren.com/wp/wp-content/uploads/2025/08/15C.pdf,吹奏楽部,0
409250,清瀬,令和8年度,東京都高等学校吹奏楽コンクール（第66回）,吹奏楽,C組,,銅賞,https://tokousuiren.com/wp/wp-content/uploads/2026/08/7d680b3494d788f321dd9ce6cce6ee74.pdf,吹奏楽部,0
409270,小平南,令和5年度,東京都高等学校吹奏楽コンクール（第63回）,吹奏楽,東日本組,,銀賞,https://tokousuiren.com/wp/wp-content/uploads/2023/08/5af00a4d2cdedddefa204008173df8c2.pdf,吹奏楽部,0
409270,小平南,令和6年度,東京都高等学校吹奏楽コンクール（第64回）,吹奏楽,C組,,銀賞,https://tokousuiren.com/wp/wp-content/uploads/2024/08/b4e7c00ade28fec9b7e02142c8914e3a-1.pdf,吹奏楽部,0
409270,小平南,令和7年度,東京都高等学校吹奏楽コンクール（第65回）,吹奏楽,B組,,銅賞,https://tokousuiren.com/wp/wp-content/uploads/2025/08/13B-1.pdf,吹奏楽部,0
409270,小平南,令和8年度,東京都高等学校吹奏楽コンクール（第66回）,吹奏楽,B組,,銀賞,https://tokousuiren.com/wp/wp-content/uploads/2026/08/34a0a8684a4a5dde7c2f7f49cdd146f4-3.pdf,吹奏楽部,0
409280,東村山西,令和5年度,東京都高等学校吹奏楽コンクール（第63回）,吹奏楽,C組,,銀賞,https://tokousuiren.com/wp/wp-content/uploads/2023/08/3b7f8c5af57b6c3a70ddb9864e824e68-1.pdf,吹奏楽部,0
409280,東村山西,令和7年度,東京都高等学校吹奏楽コンクール（第65回）,吹奏楽,C組,,銅賞,https://tokousuiren.com/wp/wp-content/uploads/2025/08/15C.pdf,吹奏楽部,0
409280,東村山西,令和8年度,東京都高等学校吹奏楽コンクール（第66回）,吹奏楽,C組,,銅賞,https://tokousuiren.com/wp/wp-content/uploads/2026/08/7d680b3494d788f321dd9ce6cce6ee74.pdf,吹奏楽部,0
409410,東久留米総合,令和5年度,東京都高等学校吹奏楽コンクール（第63回）,吹奏楽,C組,,銀賞,https://tokousuiren.com/wp/wp-content/uploads/2023/08/bc1617a16c8e43a4934b54c400f159f1.pdf,吹奏楽部,0
409410,東久留米総合,令和6年度,東京都高等学校吹奏楽コンクール（第64回）,吹奏楽,C組,,銀賞,https://tokousuiren.com/wp/wp-content/uploads/2024/08/b7ce6a09e040af45476be5a780be11c7.pdf,吹奏楽部,0
409410,東久留米総合,令和7年度,東京都高等学校吹奏楽コンクール（第65回）,吹奏楽,C組,,銅賞,https://tokousuiren.com/wp/wp-content/uploads/2025/08/15C.pdf,吹奏楽部,0
409410,東久留米総合,令和8年度,東京都高等学校吹奏楽コンクール（第66回）,吹奏楽,C組,,銀賞,https://tokousuiren.com/wp/wp-content/uploads/2026/08/7d680b3494d788f321dd9ce6cce6ee74.pdf,吹奏楽部,0
409730,多摩科学技術,令和5年度,東京都高等学校吹奏楽コンクール（第63回）,吹奏楽,B組,,銅賞,https://tokousuiren.com/wp/wp-content/uploads/2023/08/2c9e4a14f98a3ad4c7c6fc470edef9e1.pdf,吹奏楽部,0
409730,多摩科学技術,令和6年度,東京都高等学校吹奏楽コンクール（第64回）,吹奏楽,B組,,銅賞,https://tokousuiren.com/wp/wp-content/uploads/2024/08/1320a9bee6735a923c87fd4240e7763e.pdf,吹奏楽部,0
409730,多摩科学技術,令和7年度,東京都高等学校吹奏楽コンクール（第65回）,吹奏楽,C組,,銀賞,https://tokousuiren.com/wp/wp-content/uploads/2025/08/13C.pdf,吹奏楽部,0
409730,多摩科学技術,令和8年度,東京都高等学校吹奏楽コンクール（第66回）,吹奏楽,C組,,銅賞,https://tokousuiren.com/wp/wp-content/uploads/2026/08/8048f64de0e35faf3b1e3242a3a4515a.pdf,吹奏楽部,0
410020,神代,令和5年度,東京都高等学校吹奏楽コンクール（第63回）,吹奏楽,C組,,銀賞,https://tokousuiren.com/wp/wp-content/uploads/2023/08/3b7f8c5af57b6c3a70ddb9864e824e68-1.pdf,吹奏楽部,0
410020,神代,令和6年度,東京都高等学校吹奏楽コンクール（第64回）,吹奏楽,C組,,銀賞,https://tokousuiren.com/wp/wp-content/uploads/2024/08/bb46b813d7292eef7aa357dc1d245884-1.pdf,吹奏楽部,0
410020,神代,令和7年度,東京都高等学校吹奏楽コンクール（第65回）,吹奏楽,B組,,銀賞,https://tokousuiren.com/wp/wp-content/uploads/2025/08/13B-1.pdf,吹奏楽部,0
410020,神代,令和8年度,東京都高等学校吹奏楽コンクール（第66回）,吹奏楽,B組,,銀賞,https://tokousuiren.com/wp/wp-content/uploads/2026/08/d561582e9acf3539f4c9a76ff302fd4f-1.pdf,吹奏楽部,0
410040,調布南,令和5年度,東京都高等学校吹奏楽コンクール（第63回）,吹奏楽,B組,,銀賞,https://tokousuiren.com/wp/wp-content/uploads/2023/08/faa0f6568724e6579e4b131c379c3da8.pdf,吹奏楽部,0
410040,調布南,令和6年度,東京都高等学校吹奏楽コンクール（第64回）,吹奏楽,B組,,銀賞,https://tokousuiren.com/wp/wp-content/uploads/2024/08/3d48d95b16a2ffd6ce9242fd8a9f2a6b.pdf,吹奏楽部,0
410040,調布南,令和7年度,東京都高等学校吹奏楽コンクール（第65回）,吹奏楽,B組,,銀賞,https://tokousuiren.com/wp/wp-content/uploads/2025/08/13B-1.pdf,吹奏楽部,0
410040,調布南,令和7年度,東京都高等学校吹奏楽コンクール（第65回）,吹奏楽,C組,,銅賞,https://tokousuiren.com/wp/wp-content/uploads/2025/08/14C.pdf,吹奏楽部,0
410040,調布南,令和8年度,東京都高等学校吹奏楽コンクール（第66回）,吹奏楽,C組,,金賞,https://tokousuiren.com/wp/wp-content/uploads/2026/08/3a7f12fc7d75f389b7699ec6d069c857.pdf,吹奏楽部,0
410050,狛江,令和5年度,東京都高等学校吹奏楽コンクール（第63回）,吹奏楽,B組,,銀賞,https://tokousuiren.com/wp/wp-content/uploads/2023/08/faa0f6568724e6579e4b131c379c3da8.pdf,吹奏楽部,0
410050,狛江,令和6年度,東京都高等学校吹奏楽コンクール（第64回）,吹奏楽,B組,,銀賞,https://tokousuiren.com/wp/wp-content/uploads/2024/08/3d48d95b16a2ffd6ce9242fd8a9f2a6b.pdf,吹奏楽部,0
410050,狛江,令和7年度,東京都高等学校吹奏楽コンクール（第65回）,吹奏楽,B組,,銅賞,https://tokousuiren.com/wp/wp-content/uploads/2025/08/14B.pdf,吹奏楽部,0
410050,狛江,令和8年度,東京都高等学校吹奏楽コンクール（第66回）,吹奏楽,B組,,金賞,https://tokousuiren.com/wp/wp-content/uploads/2026/08/34a0a8684a4a5dde7c2f7f49cdd146f4-3.pdf,吹奏楽部,0
410220,府中東,令和5年度,東京都高等学校吹奏楽コンクール（第63回）,吹奏楽,B組,,銅賞,https://tokousuiren.com/wp/wp-content/uploads/2023/08/2c9e4a14f98a3ad4c7c6fc470edef9e1.pdf,吹奏楽部,0
410220,府中東,令和6年度,東京都高等学校吹奏楽コンクール（第64回）,吹奏楽,B組,,銅賞,https://tokousuiren.com/wp/wp-content/uploads/2024/08/1320a9bee6735a923c87fd4240e7763e.pdf,吹奏楽部,0
410220,府中東,令和7年度,東京都高等学校吹奏楽コンクール（第65回）,吹奏楽,B組,,銅賞,https://tokousuiren.com/wp/wp-content/uploads/2025/08/13B-1.pdf,吹奏楽部,0
410220,府中東,令和8年度,東京都高等学校吹奏楽コンクール（第66回）,吹奏楽,C組,,銀賞,https://tokousuiren.com/wp/wp-content/uploads/2026/08/7d680b3494d788f321dd9ce6cce6ee74.pdf,吹奏楽部,0
410230,府中西,令和5年度,東京都高等学校吹奏楽コンクール（第63回）,吹奏楽,B組,,銀賞,https://tokousuiren.com/wp/wp-content/uploads/2023/08/2c9e4a14f98a3ad4c7c6fc470edef9e1.pdf,吹奏楽部,0
410230,府中西,令和6年度,東京都高等学校吹奏楽コンクール（第64回）,吹奏楽,B組,,銀賞,https://tokousuiren.com/wp/wp-content/uploads/2024/08/53e3451720747af128373fcdcc3b006c.pdf,吹奏楽部,0
410230,府中西,令和7年度,東京都高等学校吹奏楽コンクール（第65回）,吹奏楽,B組,,銅賞,https://tokousuiren.com/wp/wp-content/uploads/2025/08/14B.pdf,吹奏楽部,0
410230,府中西,令和8年度,東京都高等学校吹奏楽コンクール（第66回）,吹奏楽,B組,,銀賞,https://tokousuiren.com/wp/wp-content/uploads/2026/08/d561582e9acf3539f4c9a76ff302fd4f-1.pdf,吹奏楽部,0
410240,国立,令和5年度,東京都高等学校吹奏楽コンクール（第63回）,吹奏楽,A組,,銅賞,https://tokousuiren.com/wp/wp-content/uploads/2023/08/a05c33982e146a93e87d9b9a635ebaed.pdf,吹奏楽部,0
410240,国立,令和6年度,東京都高等学校吹奏楽コンクール（第64回）,吹奏楽,B組,,金賞,https://tokousuiren.com/wp/wp-content/uploads/2024/08/3d48d95b16a2ffd6ce9242fd8a9f2a6b.pdf,吹奏楽部,0
410240,国立,令和6年度,東京都高等学校吹奏楽コンクール（第64回）,吹奏楽,C組,,銅賞,https://tokousuiren.com/wp/wp-content/uploads/2024/08/b7ce6a09e040af45476be5a780be11c7.pdf,吹奏楽部,0
410240,国立,令和7年度,東京都高等学校吹奏楽コンクール（第65回）,吹奏楽,B組,,銀賞,https://tokousuiren.com/wp/wp-content/uploads/2025/08/14B.pdf,吹奏楽部,0
410240,国立,令和7年度,東京都高等学校吹奏楽コンクール（第65回）,吹奏楽,C組,,銀賞,https://tokousuiren.com/wp/wp-content/uploads/2025/08/14C.pdf,吹奏楽部,0
410240,国立,令和8年度,東京都高等学校吹奏楽コンクール（第66回）,吹奏楽,B組,,金賞,https://tokousuiren.com/wp/wp-content/uploads/2026/08/34a0a8684a4a5dde7c2f7f49cdd146f4-3.pdf,吹奏楽部,0
410240,国立,令和8年度,東京都高等学校吹奏楽コンクール（第66回）,吹奏楽,C組,,銅賞,https://tokousuiren.com/wp/wp-content/uploads/2026/08/3a7f12fc7d75f389b7699ec6d069c857.pdf,吹奏楽部,0
410250,永山,令和5年度,東京都高等学校吹奏楽コンクール（第63回）,吹奏楽,C組,,銅賞,https://tokousuiren.com/wp/wp-content/uploads/2023/08/ba579a8411d950a64621fd883ab21b16.pdf,吹奏楽部,0
410250,永山,令和7年度,東京都高等学校吹奏楽コンクール（第65回）,吹奏楽,C組,,銅賞,https://tokousuiren.com/wp/wp-content/uploads/2025/08/13C.pdf,吹奏楽部,0
410250,永山,令和8年度,東京都高等学校吹奏楽コンクール（第66回）,吹奏楽,C組,,銅賞,https://tokousuiren.com/wp/wp-content/uploads/2026/08/8048f64de0e35faf3b1e3242a3a4515a.pdf,吹奏楽部,0
410610,第五商業,令和5年度,東京都高等学校吹奏楽コンクール（第63回）,吹奏楽,C組,,銅賞,https://tokousuiren.com/wp/wp-content/uploads/2023/08/bc1617a16c8e43a4934b54c400f159f1.pdf,吹奏楽部,0
410610,第五商業,令和6年度,東京都高等学校吹奏楽コンクール（第64回）,吹奏楽,C組,,銅賞,https://tokousuiren.com/wp/wp-content/uploads/2024/08/bb46b813d7292eef7aa357dc1d245884-1.pdf,吹奏楽部,0
410610,第五商業,令和7年度,東京都高等学校吹奏楽コンクール（第65回）,吹奏楽,C組,,銅賞,https://tokousuiren.com/wp/wp-content/uploads/2025/08/13C.pdf,吹奏楽部,0
410610,第五商業,令和8年度,東京都高等学校吹奏楽コンクール（第66回）,吹奏楽,C組,,銅賞,https://tokousuiren.com/wp/wp-content/uploads/2026/08/8048f64de0e35faf3b1e3242a3a4515a.pdf,吹奏楽部,0
411910,大島海洋国際,令和8年度,東京都高等学校吹奏楽コンクール（第66回）,吹奏楽,C組,,金賞,https://tokousuiren.com/wp/wp-content/uploads/2026/08/3a7f12fc7d75f389b7699ec6d069c857.pdf,吹奏楽部,0
413010,八丈,令和5年度,東京都高等学校吹奏楽コンクール（第63回）,吹奏楽,東日本組,,銀賞,https://tokousuiren.com/wp/wp-content/uploads/2023/08/d221af7ecb0b3d65068c0af0f09c560e-1.pdf,吹奏楽部,0
413010,八丈,令和6年度,東京都高等学校吹奏楽コンクール（第64回）,吹奏楽,東日本組,,銅賞,https://tokousuiren.com/wp/wp-content/uploads/2024/08/5fbc23275411a8bbfdfa5630a0e937ad.pdf,吹奏楽部,0
413010,八丈,令和7年度,東京都高等学校吹奏楽コンクール（第65回）,吹奏楽,東日本組,,銅賞,https://tokousuiren.com/wp/wp-content/uploads/2025/08/fbc2abb6220515108b6f8c5f839217e1.pdf,吹奏楽部,0
401020,日比谷,令和4年度,高校生国際美術展（第23回）,書道,,,佳作,https://www.ihsaf.net/pdf/23_result_sho.pdf,,0
401020,日比谷,令和5年度,高校生国際美術展（第24回）,書道,,,佳作,https://www.ihsaf.net/pdf/24_result_sho.pdf,,0
401020,日比谷,令和8年度,高校生国際美術展（第27回）,書道,,,佳作,https://www.ihsaf.net/pdf/27_result_sho.pdf,,0
401290,蒲田,令和4年度,高校生国際美術展（第23回）,美術,,,入賞,https://www.ihsaf.net/pdf/23_result_art.pdf,美術部,0
401290,蒲田,令和4年度,高校生国際美術展（第23回）,美術,,,佳作,https://www.ihsaf.net/pdf/23_result_art.pdf,美術部,0
401410,つばさ総合,令和5年度,高校生国際美術展（第24回）,美術,,,佳作,https://www.ihsaf.net/pdf/24_result_art.pdf,美術部,0
401410,つばさ総合,令和6年度,高校生国際美術展（第25回）,美術,,,佳作,https://www.ihsaf.net/pdf/25_result_art.pdf,美術部,0
401410,つばさ総合,令和7年度,高校生国際美術展（第26回）,美術,,,入賞,https://www.ihsaf.net/pdf/26_result_art.pdf,美術部,0
401410,つばさ総合,令和8年度,高校生国際美術展（第27回）,美術,,,入賞,https://www.ihsaf.net/pdf/27_result_art.pdf,美術部,0
401410,つばさ総合,令和8年度,高校生国際美術展（第27回）,美術,,,佳作,https://www.ihsaf.net/pdf/27_result_art.pdf,美術部,0
401520,美原,令和4年度,高校生国際美術展（第23回）,美術,,,佳作,https://www.ihsaf.net/pdf/23_result_art.pdf,美術部,0
403220,井草,令和6年度,高校生国際美術展（第25回）,美術,,,佳作,https://www.ihsaf.net/pdf/25_result_art.pdf,美術部,0
403240,練馬,令和8年度,高校生国際美術展（第27回）,美術,,,佳作,https://www.ihsaf.net/pdf/27_result_art.pdf,美術部,0
403510,大泉桜,令和4年度,高校生国際美術展（第23回）,美術,,,入賞,https://www.ihsaf.net/pdf/23_result_art.pdf,美術部,0
403510,大泉桜,令和5年度,高校生国際美術展（第24回）,美術,,,入賞,https://www.ihsaf.net/pdf/24_result_art.pdf,美術部,0
403510,大泉桜,令和6年度,高校生国際美術展（第25回）,美術,,,佳作,https://www.ihsaf.net/pdf/25_result_art.pdf,美術部,0
403510,大泉桜,令和7年度,高校生国際美術展（第26回）,美術,,,入賞,https://www.ihsaf.net/pdf/26_result_art.pdf,美術部,0
403510,大泉桜,令和7年度,高校生国際美術展（第26回）,美術,,,佳作,https://www.ihsaf.net/pdf/26_result_art.pdf,美術部,0
403510,大泉桜,令和8年度,高校生国際美術展（第27回）,美術,,,入賞,https://www.ihsaf.net/pdf/27_result_art.pdf,美術部,0
403510,大泉桜,令和8年度,高校生国際美術展（第27回）,美術,,,佳作,https://www.ihsaf.net/pdf/27_result_art.pdf,美術部,0
403810,農芸,令和6年度,高校生国際美術展（第25回）,美術,,,入賞,https://www.ihsaf.net/pdf/25_result_art.pdf,美術部,0
403810,農芸,令和6年度,高校生国際美術展（第25回）,美術,,,佳作,https://www.ihsaf.net/pdf/25_result_art.pdf,美術部,0
403810,農芸,令和7年度,高校生国際美術展（第26回）,美術,,,入賞,https://www.ihsaf.net/pdf/26_result_art.pdf,美術部,0
403810,農芸,令和8年度,高校生国際美術展（第27回）,美術,,,佳作,https://www.ihsaf.net/pdf/27_result_art.pdf,美術部,0
404420,王子総合,令和4年度,高校生国際美術展（第23回）,美術,,,入賞,https://www.ihsaf.net/pdf/23_result_art.pdf,美術部,0
404420,王子総合,令和4年度,高校生国際美術展（第23回）,美術,,,佳作,https://www.ihsaf.net/pdf/23_result_art.pdf,美術部,0
404420,王子総合,令和5年度,高校生国際美術展（第24回）,美術,,,入賞,https://www.ihsaf.net/pdf/24_result_art.pdf,美術部,0
404420,王子総合,令和5年度,高校生国際美術展（第24回）,美術,,,佳作,https://www.ihsaf.net/pdf/24_result_art.pdf,美術部,0
404420,王子総合,令和6年度,高校生国際美術展（第25回）,美術,,,入賞,https://www.ihsaf.net/pdf/25_result_art.pdf,美術部,0
404420,王子総合,令和7年度,高校生国際美術展（第26回）,美術,,,佳作,https://www.ihsaf.net/pdf/26_result_art.pdf,美術部,0
404420,王子総合,令和8年度,高校生国際美術展（第27回）,美術,,,入賞,https://www.ihsaf.net/pdf/27_result_art.pdf,美術部,0
404420,王子総合,令和8年度,高校生国際美術展（第27回）,美術,,,佳作,https://www.ihsaf.net/pdf/27_result_art.pdf,美術部,0
404520,板橋有徳,令和4年度,高校生国際美術展（第23回）,書道,,,入賞,https://www.ihsaf.net/pdf/23_result_sho.pdf,書道部,0
404520,板橋有徳,令和4年度,高校生国際美術展（第23回）,書道,,,佳作,https://www.ihsaf.net/pdf/23_result_sho.pdf,書道部,0
404520,板橋有徳,令和5年度,高校生国際美術展（第24回）,書道,,,入賞,https://www.ihsaf.net/pdf/24_result_sho.pdf,書道部,0
404520,板橋有徳,令和5年度,高校生国際美術展（第24回）,書道,,,佳作,https://www.ihsaf.net/pdf/24_result_sho.pdf,書道部,0
404520,板橋有徳,令和6年度,高校生国際美術展（第25回）,書道,,,入賞,https://www.ihsaf.net/pdf/25_result_sho.pdf,書道部,0
404520,板橋有徳,令和8年度,高校生国際美術展（第27回）,書道,,,入賞,https://www.ihsaf.net/pdf/27_result_sho.pdf,書道部,0
404520,板橋有徳,令和8年度,高校生国際美術展（第27回）,書道,,,佳作,https://www.ihsaf.net/pdf/27_result_sho.pdf,書道部,0
404710,工芸,令和6年度,高校生国際美術展（第25回）,美術,,,入賞,https://www.ihsaf.net/pdf/25_result_art.pdf,美術部,0
405060,上野,令和5年度,高校生国際美術展（第24回）,美術,,,佳作,https://www.ihsaf.net/pdf/24_result_art.pdf,美術部,0
405060,上野,令和6年度,高校生国際美術展（第25回）,美術,,,入賞,https://www.ihsaf.net/pdf/25_result_art.pdf,美術部,0
405060,上野,令和7年度,高校生国際美術展（第26回）,美術,,,入賞,https://www.ihsaf.net/pdf/26_result_art.pdf,美術部,0
405060,上野,令和7年度,高校生国際美術展（第26回）,美術,,,佳作,https://www.ihsaf.net/pdf/26_result_art.pdf,美術部,0
405060,上野,令和8年度,高校生国際美術展（第27回）,美術,,,佳作,https://www.ihsaf.net/pdf/27_result_art.pdf,美術部,0
405070,竹台,令和5年度,高校生国際美術展（第24回）,美術,,,入賞,https://www.ihsaf.net/pdf/24_result_art.pdf,美術部,0
405240,足立西,令和5年度,高校生国際美術展（第24回）,書道,,,佳作,https://www.ihsaf.net/pdf/24_result_sho.pdf,,0
405240,足立西,令和6年度,高校生国際美術展（第25回）,書道,,,佳作,https://www.ihsaf.net/pdf/25_result_sho.pdf,,0
405240,足立西,令和8年度,高校生国際美術展（第27回）,書道,,,佳作,https://www.ihsaf.net/pdf/27_result_sho.pdf,,0
405410,晴海総合,令和7年度,高校生国際美術展（第26回）,美術,,,佳作,https://www.ihsaf.net/pdf/26_result_art.pdf,美術・工芸部,0
405410,晴海総合,令和8年度,高校生国際美術展（第27回）,美術,,,入賞,https://www.ihsaf.net/pdf/27_result_art.pdf,美術・工芸部,0
405410,晴海総合,令和8年度,高校生国際美術展（第27回）,美術,,,佳作,https://www.ihsaf.net/pdf/27_result_art.pdf,美術・工芸部,0
406040,葛飾野,令和7年度,高校生国際美術展（第26回）,美術,,,佳作,https://www.ihsaf.net/pdf/26_result_art.pdf,美術部,0
406210,深川,令和4年度,高校生国際美術展（第23回）,書道,,,入賞,https://www.ihsaf.net/pdf/23_result_sho.pdf,書道部,0
406210,深川,令和4年度,高校生国際美術展（第23回）,書道,,,佳作,https://www.ihsaf.net/pdf/23_result_sho.pdf,書道部,0
406210,深川,令和5年度,高校生国際美術展（第24回）,書道,,,入賞,https://www.ihsaf.net/pdf/24_result_sho.pdf,書道部,0
406210,深川,令和5年度,高校生国際美術展（第24回）,書道,,,佳作,https://www.ihsaf.net/pdf/24_result_sho.pdf,書道部,0
406210,深川,令和6年度,高校生国際美術展（第25回）,書道,,,入賞,https://www.ihsaf.net/pdf/25_result_sho.pdf,書道部,0
406210,深川,令和6年度,高校生国際美術展（第25回）,書道,,,佳作,https://www.ihsaf.net/pdf/25_result_sho.pdf,書道部,0
406210,深川,令和7年度,高校生国際美術展（第26回）,書道,,,佳作,https://www.ihsaf.net/pdf/26_result_sho.pdf,書道部,0
406210,深川,令和8年度,高校生国際美術展（第27回）,書道,,,佳作,https://www.ihsaf.net/pdf/27_result_sho.pdf,書道部,0
406240,小松川,令和4年度,高校生国際美術展（第23回）,書道,,,佳作,https://www.ihsaf.net/pdf/23_result_sho.pdf,書道部,0
406240,小松川,令和5年度,高校生国際美術展（第24回）,書道,,,佳作,https://www.ihsaf.net/pdf/24_result_sho.pdf,書道部,0
406240,小松川,令和8年度,高校生国際美術展（第27回）,書道,,,佳作,https://www.ihsaf.net/pdf/27_result_sho.pdf,書道部,0
406250,江戸川,令和5年度,高校生国際美術展（第24回）,書道,,,佳作,https://www.ihsaf.net/pdf/24_result_sho.pdf,書道部,0
406250,江戸川,令和7年度,高校生国際美術展（第26回）,書道,,,佳作,https://www.ihsaf.net/pdf/26_result_sho.pdf,書道部,0
406260,小岩,令和4年度,高校生国際美術展（第23回）,書道,,,佳作,https://www.ihsaf.net/pdf/23_result_sho.pdf,書道同好会,0
406260,小岩,令和6年度,高校生国際美術展（第25回）,書道,,,佳作,https://www.ihsaf.net/pdf/25_result_sho.pdf,書道同好会,0
406280,篠崎,令和5年度,高校生国際美術展（第24回）,書道,,,佳作,https://www.ihsaf.net/pdf/24_result_sho.pdf,,0
406290,紅葉川,令和5年度,高校生国際美術展（第24回）,書道,,,佳作,https://www.ihsaf.net/pdf/24_result_sho.pdf,書道部,0
407250,小川,令和5年度,高校生国際美術展（第24回）,書道,,,佳作,https://www.ihsaf.net/pdf/24_result_sho.pdf,,0
408050,拝島,令和6年度,高校生国際美術展（第25回）,美術,,,入賞,https://www.ihsaf.net/pdf/25_result_art.pdf,美術部,0
409040,保谷,令和5年度,高校生国際美術展（第24回）,書道,,,佳作,https://www.ihsaf.net/pdf/24_result_sho.pdf,書道同好会,0
409040,保谷,令和6年度,高校生国際美術展（第25回）,書道,,,佳作,https://www.ihsaf.net/pdf/25_result_sho.pdf,書道同好会,0
409040,保谷,令和7年度,高校生国際美術展（第26回）,書道,,,佳作,https://www.ihsaf.net/pdf/26_result_sho.pdf,書道同好会,0
409040,保谷,令和8年度,高校生国際美術展（第27回）,書道,,,佳作,https://www.ihsaf.net/pdf/27_result_sho.pdf,書道同好会,0
409230,東村山,令和5年度,高校生国際美術展（第24回）,書道,,,佳作,https://www.ihsaf.net/pdf/24_result_sho.pdf,,0
409230,東村山,令和6年度,高校生国際美術展（第25回）,書道,,,佳作,https://www.ihsaf.net/pdf/25_result_sho.pdf,,0
409230,東村山,令和8年度,高校生国際美術展（第27回）,書道,,,佳作,https://www.ihsaf.net/pdf/27_result_sho.pdf,,0
409280,東村山西,令和4年度,高校生国際美術展（第23回）,書道,,,佳作,https://www.ihsaf.net/pdf/23_result_sho.pdf,,0
409280,東村山西,令和5年度,高校生国際美術展（第24回）,書道,,,佳作,https://www.ihsaf.net/pdf/24_result_sho.pdf,,0
409280,東村山西,令和6年度,高校生国際美術展（第25回）,書道,,,佳作,https://www.ihsaf.net/pdf/25_result_sho.pdf,,0
409280,東村山西,令和7年度,高校生国際美術展（第26回）,書道,,,佳作,https://www.ihsaf.net/pdf/26_result_sho.pdf,,0
409280,東村山西,令和8年度,高校生国際美術展（第27回）,書道,,,佳作,https://www.ihsaf.net/pdf/27_result_sho.pdf,,0
410410,若葉総合,令和6年度,高校生国際美術展（第25回）,美術,,,佳作,https://www.ihsaf.net/pdf/25_result_art.pdf,美術部,0
410410,若葉総合,令和8年度,高校生国際美術展（第27回）,美術,,,佳作,https://www.ihsaf.net/pdf/27_result_art.pdf,美術部,0
404640,千早,令和6年度,東京都高等学校文化祭 演劇部門 中央大会（都大会）,演劇,都大会2024《B：福生会場》【結果】,,優秀賞（上演順）,東京都高校演劇研究会 都大会 結果,演劇部,0
409220,小平西,令和6年度,東京都高等学校文化祭 演劇部門 中央大会（都大会）,演劇,都大会2024《B：福生会場》【結果】,,優秀賞（上演順）,東京都高校演劇研究会 都大会 結果,演劇部,0
405050,忍岡,令和6年度,東京都高等学校文化祭 演劇部門 中央大会（都大会）,演劇,都大会2024《A：練馬会場》【結果】,,優秀賞（上演順）,東京都高校演劇研究会 都大会 結果,演劇,0
402060,新宿,令和6年度,東京都高等学校文化祭 演劇部門 中央大会（都大会）,演劇,都大会2024《A：練馬会場》【結果】,,優秀賞（上演順）,東京都高校演劇研究会 都大会 結果,演劇研究部,0
402060,新宿,令和6年度,東京都高等学校文化祭 演劇部門 中央大会（都大会）,演劇,都大会2024《A：練馬会場》【結果】,,榊原政常記念創作脚本賞,東京都高校演劇研究会 都大会 結果,演劇研究部,0
407090,日野台,令和6年度,東京都高等学校文化祭 演劇部門 中央大会（都大会）,演劇,都大会2024《A：練馬会場》【結果】,,優秀賞（上演順）,東京都高校演劇研究会 都大会 結果,演劇部,0
408040,昭和,令和6年度,東京都高等学校文化祭 演劇部門 中央大会（都大会）,演劇,都大会2024《B：福生会場》【結果】,,東京都高等学校演劇研究会賞,東京都高校演劇研究会 都大会 結果,演劇部,0
403070,杉並,令和6年度,東京都高等学校文化祭 演劇部門 中央大会（都大会）,演劇,都大会2024《B：福生会場》【結果】,,優秀賞（上演順）,東京都高校演劇研究会 都大会 結果,演劇部,0
407030,片倉,令和6年度,東京都高等学校文化祭 演劇部門 中央大会（都大会）,演劇,都大会2024《B：福生会場》【結果】,,優秀賞（上演順）,東京都高校演劇研究会 都大会 結果,演劇部,0
408010,立川,令和6年度,東京都高等学校文化祭 演劇部門 中央大会（都大会）,演劇,都大会2024《B：福生会場》【結果】,,優秀賞（上演順）,東京都高校演劇研究会 都大会 結果,演劇部,0
406760,葛西工科,令和6年度,東京都高等学校文化祭 演劇部門 中央大会（都大会）,演劇,都大会2024《B：福生会場》【結果】,,優秀賞（上演順）,東京都高校演劇研究会 都大会 結果,演劇部,0
406760,葛西工科,令和6年度,東京都高等学校文化祭 演劇部門 中央大会（都大会）,演劇,都大会2024《B：福生会場》【結果】,,榊原政常記念創作脚本賞,東京都高校演劇研究会 都大会 結果,演劇部,0
403060,豊多摩,令和6年度,東京都高等学校文化祭 演劇部門 中央大会（都大会）,演劇,都大会2024《B：福生会場》【結果】,,優秀賞（上演順）,東京都高校演劇研究会 都大会 結果,演劇部,0
403060,豊多摩,令和6年度,東京都高等学校文化祭 演劇部門 中央大会（都大会）,演劇,都大会2024《B：福生会場》【結果】,,中央委員会賞(生徒審査員による賞),東京都高校演劇研究会 都大会 結果,演劇部,0
402030,駒場,令和6年度,東京都高等学校文化祭 演劇部門 中央大会（都大会）,演劇,都大会2024《B：福生会場》【結果】,,全国高等学校演劇協議会長賞／審査員特別賞／東京都教育委員会賞（南関東大会推薦）,東京都高校演劇研究会 都大会 結果,演劇部,0
402030,駒場,令和6年度,東京都高等学校文化祭 演劇部門 中央大会（都大会）,演劇,都大会2024《B：福生会場》【結果】,,豊博秋記念舞台美術賞,東京都高校演劇研究会 都大会 結果,演劇部,0
409040,保谷,令和7年度,東京都高等学校文化祭 演劇部門 中央大会（都大会）,演劇,都大会2025《A日程》【結果】,,優秀賞（上演順）,東京都高校演劇研究会 都大会 結果,演劇部,0
404640,千早,令和7年度,東京都高等学校文化祭 演劇部門 中央大会（都大会）,演劇,都大会2025《B日程》【結果】,,優秀賞（上演順）,東京都高校演劇研究会 都大会 結果,演劇部,0
407100,南平,令和7年度,東京都高等学校文化祭 演劇部門 中央大会（都大会）,演劇,都大会2025《A日程》【結果】,,優秀賞（上演順）,東京都高校演劇研究会 都大会 結果,演劇部,0
402060,新宿,令和7年度,東京都高等学校文化祭 演劇部門 中央大会（都大会）,演劇,都大会2025《A日程》【結果】,,優秀賞（上演順）,東京都高校演劇研究会 都大会 結果,演劇研究部,0
408040,昭和,令和7年度,東京都高等学校文化祭 演劇部門 中央大会（都大会）,演劇,都大会2025《B日程》【結果】,,優秀賞（上演順）,東京都高校演劇研究会 都大会 結果,演劇部,0
408040,昭和,令和7年度,東京都高等学校文化祭 演劇部門 中央大会（都大会）,演劇,都大会2025《B日程》【結果】,,生徒審査員賞,東京都高校演劇研究会 都大会 結果,演劇部,0
406220,東,令和7年度,東京都高等学校文化祭 演劇部門 中央大会（都大会）,演劇,都大会2025《A日程》【結果】,,落合矯一賞／東京都高等学校文化連盟会長賞（サマーフェスティバル推薦）,東京都高校演劇研究会 都大会 結果,演劇部,0
409230,東村山,令和7年度,東京都高等学校文化祭 演劇部門 中央大会（都大会）,演劇,都大会2025《B日程》【結果】,,全国高等学校演劇協議会長賞／審査員特別賞／東京都教育委員会賞（南関東大会推薦）,東京都高校演劇研究会 都大会 結果,演劇同好会,0
402210,松原,令和7年度,東京都高等学校文化祭 演劇部門 中央大会（都大会）,演劇,都大会2025《A日程》【結果】,,優秀賞（上演順）,東京都高校演劇研究会 都大会 結果,演劇部,0
402210,松原,令和7年度,東京都高等学校文化祭 演劇部門 中央大会（都大会）,演劇,都大会2025《A日程》【結果】,,榊原政常記念創作脚本賞,東京都高校演劇研究会 都大会 結果,演劇部,0
404220,板橋,令和7年度,東京都高等学校文化祭 演劇部門 中央大会（都大会）,演劇,都大会2025《B日程》【結果】,,優秀賞（上演順）,東京都高校演劇研究会 都大会 結果,演劇部,0
405230,淵江,令和7年度,東京都高等学校文化祭 演劇部門 中央大会（都大会）,演劇,都大会2025《B日程》【結果】,,優秀賞（上演順）,東京都高校演劇研究会 都大会 結果,演劇部,0
407030,片倉,令和7年度,東京都高等学校文化祭 演劇部門 中央大会（都大会）,演劇,都大会2025《B日程》【結果】,,優秀賞（上演順）,東京都高校演劇研究会 都大会 結果,演劇部,0
401260,田園調布,令和7年度,東京都高等学校文化祭 演劇部門 中央大会（都大会）,演劇,都大会2025《B日程》【結果】,,東京都高等学校演劇研究会賞,東京都高校演劇研究会 都大会 結果,演劇部,0
403060,豊多摩,令和7年度,東京都高等学校文化祭 演劇部門 中央大会（都大会）,演劇,都大会2025《B日程》【結果】,,優秀賞（上演順）,東京都高校演劇研究会 都大会 結果,演劇部,0
402030,駒場,令和7年度,東京都高等学校文化祭 演劇部門 中央大会（都大会）,演劇,都大会2025《B日程》【結果】,,東京都高等学校演劇研究会長賞／東京都教育委員会賞（北関東大会推薦）,東京都高校演劇研究会 都大会 結果,演劇部,0
402030,駒場,令和7年度,東京都高等学校文化祭 演劇部門 中央大会（都大会）,演劇,都大会2025《B日程》【結果】,,榊原政常記念創作脚本賞,東京都高校演劇研究会 都大会 結果,演劇部,0
401040,三田,令和6年度,日本高校ダンス部選手権 全国準決勝大会,ダンス,,,全国準決勝進出,日本高校ダンス部選手権（ダンススタジアム）大会結果,ダンス部,0
401040,三田,令和6年度,日本高校ダンス部選手権 東京都大会,ダンス,,,都大会出場,日本高校ダンス部選手権（ダンススタジアム）大会結果,ダンス部,0
401040,三田,令和7年度,日本高校ダンス部選手権 全国準決勝大会,ダンス,,,全国準決勝進出,日本高校ダンス部選手権（ダンススタジアム）大会結果,ダンス部,0
401040,三田,令和7年度,日本高校ダンス部選手権 東京都大会,ダンス,,,優勝,日本高校ダンス部選手権（ダンススタジアム）大会結果,ダンス部,0
401040,三田,令和8年度,日本高校ダンス部選手権 全国準決勝大会,ダンス,,,全国準決勝進出,日本高校ダンス部選手権（ダンススタジアム）大会結果,ダンス部,0
401040,三田,令和8年度,日本高校ダンス部選手権 東京都大会,ダンス,,,優勝,日本高校ダンス部選手権（ダンススタジアム）大会結果,ダンス部,0
405060,上野,令和6年度,日本高校ダンス部選手権 東京都大会,ダンス,,,都大会出場,日本高校ダンス部選手権（ダンススタジアム）大会結果,ダンス部,0
405060,上野,令和7年度,日本高校ダンス部選手権 東京都大会,ダンス,,,都大会出場,日本高校ダンス部選手権（ダンススタジアム）大会結果,ダンス部,0
405060,上野,令和8年度,日本高校ダンス部選手権 東京都大会,ダンス,,,都大会出場,日本高校ダンス部選手権（ダンススタジアム）大会結果,ダンス部,0
409060,久留米西,令和6年度,日本高校ダンス部選手権 東京都大会,ダンス,,,都大会出場,日本高校ダンス部選手権（ダンススタジアム）大会結果,ダンス部,0
409060,久留米西,令和7年度,日本高校ダンス部選手権 東京都大会,ダンス,,,都大会出場,日本高校ダンス部選手権（ダンススタジアム）大会結果,ダンス部,0
409060,久留米西,令和8年度,日本高校ダンス部選手権 東京都大会,ダンス,,,都大会出場,日本高校ダンス部選手権（ダンススタジアム）大会結果,ダンス部,0
403220,井草,令和6年度,日本高校ダンス部選手権 東京都大会,ダンス,,,都大会出場,日本高校ダンス部選手権（ダンススタジアム）大会結果,ダンス部,0
403220,井草,令和7年度,日本高校ダンス部選手権 東京都大会,ダンス,,,都大会出場,日本高校ダンス部選手権（ダンススタジアム）大会結果,ダンス部,0
403220,井草,令和8年度,日本高校ダンス部選手権 東京都大会,ダンス,,,都大会出場,日本高校ダンス部選手権（ダンススタジアム）大会結果,ダンス部,0
401220,八潮,令和6年度,日本高校ダンス部選手権 東京都大会,ダンス,,,都大会出場,日本高校ダンス部選手権（ダンススタジアム）大会結果,ダンス部,0
401220,八潮,令和7年度,日本高校ダンス部選手権 東京都大会,ダンス,,,都大会出場,日本高校ダンス部選手権（ダンススタジアム）大会結果,ダンス部,0
401220,八潮,令和8年度,日本高校ダンス部選手権 東京都大会,ダンス,,,都大会出場,日本高校ダンス部選手権（ダンススタジアム）大会結果,ダンス部,0
407520,八王子拓真,令和6年度,日本高校ダンス部選手権 東京都大会,ダンス,,,都大会出場,日本高校ダンス部選手権（ダンススタジアム）大会結果,ダンス部,0
407040,八王子東,令和6年度,日本高校ダンス部選手権 東京都大会,ダンス,,,都大会出場,日本高校ダンス部選手権（ダンススタジアム）大会結果,ブレイクダンス部,0
407040,八王子東,令和7年度,日本高校ダンス部選手権 東京都大会,ダンス,,,都大会出場,日本高校ダンス部選手権（ダンススタジアム）大会結果,ブレイクダンス部,0
407040,八王子東,令和8年度,日本高校ダンス部選手権 東京都大会,ダンス,,,都大会出場,日本高校ダンス部選手権（ダンススタジアム）大会結果,ブレイクダンス部,0
404210,北園,令和6年度,日本高校ダンス部選手権 東京都大会,ダンス,,,都大会出場,日本高校ダンス部選手権（ダンススタジアム）大会結果,,0
404210,北園,令和7年度,日本高校ダンス部選手権 東京都大会,ダンス,,,都大会出場,日本高校ダンス部選手権（ダンススタジアム）大会結果,,0
404210,北園,令和8年度,日本高校ダンス部選手権 東京都大会,ダンス,,,都大会出場,日本高校ダンス部選手権（ダンススタジアム）大会結果,,0
404640,千早,令和6年度,日本高校ダンス部選手権 東京都大会,ダンス,,,都大会出場,日本高校ダンス部選手権（ダンススタジアム）大会結果,ダンス部,0
404640,千早,令和7年度,日本高校ダンス部選手権 東京都大会,ダンス,,,都大会出場,日本高校ダンス部選手権（ダンススタジアム）大会結果,ダンス部,0
404640,千早,令和8年度,日本高校ダンス部選手権 東京都大会,ダンス,,,都大会出場,日本高校ダンス部選手権（ダンススタジアム）大会結果,ダンス部,0
402250,千歳丘,令和8年度,日本高校ダンス部選手権 東京都大会,ダンス,,,都大会出場,日本高校ダンス部選手権（ダンススタジアム）大会結果,ダンス部,0
406050,南葛飾,令和6年度,日本高校ダンス部選手権 東京都大会,ダンス,,,都大会出場,日本高校ダンス部選手権（ダンススタジアム）大会結果,ダンス部,0
406050,南葛飾,令和7年度,日本高校ダンス部選手権 東京都大会,ダンス,,,都大会出場,日本高校ダンス部選手権（ダンススタジアム）大会結果,ダンス部,0
406050,南葛飾,令和8年度,日本高校ダンス部選手権 東京都大会,ダンス,,,都大会出場,日本高校ダンス部選手権（ダンススタジアム）大会結果,ダンス部,0
404020,向丘,令和6年度,日本高校ダンス部選手権 東京都大会,ダンス,,,都大会出場,日本高校ダンス部選手権（ダンススタジアム）大会結果,ダンス部,0
404020,向丘,令和7年度,日本高校ダンス部選手権 東京都大会,ダンス,,,都大会出場,日本高校ダンス部選手権（ダンススタジアム）大会結果,ダンス部,0
404020,向丘,令和8年度,日本高校ダンス部選手権 東京都大会,ダンス,,,都大会出場,日本高校ダンス部選手権（ダンススタジアム）大会結果,ダンス部,0
409240,国分寺,令和6年度,日本高校ダンス部選手権 東京都大会,ダンス,,,都大会出場,日本高校ダンス部選手権（ダンススタジアム）大会結果,ダンス部,0
409240,国分寺,令和7年度,日本高校ダンス部選手権 東京都大会,ダンス,,,都大会出場,日本高校ダンス部選手権（ダンススタジアム）大会結果,ダンス部,0
409240,国分寺,令和8年度,日本高校ダンス部選手権 東京都大会,ダンス,,,都大会出場,日本高校ダンス部選手権（ダンススタジアム）大会結果,ダンス部,0
402930,国際,令和6年度,日本高校ダンス部選手権 東京都大会,ダンス,,,都大会出場,日本高校ダンス部選手権（ダンススタジアム）大会結果,ダンス,0
406230,城東,令和8年度,日本高校ダンス部選手権 東京都大会,ダンス,,,都大会出場,日本高校ダンス部選手権（ダンススタジアム）大会結果,ダンス部,0
404250,大山,令和6年度,日本高校ダンス部選手権 東京都大会,ダンス,,,都大会出場,日本高校ダンス部選手権（ダンススタジアム）大会結果,女子ダンス部,0
404250,大山,令和7年度,日本高校ダンス部選手権 東京都大会,ダンス,,,都大会出場,日本高校ダンス部選手権（ダンススタジアム）大会結果,女子ダンス部,0
401250,大森,令和6年度,日本高校ダンス部選手権 全国準決勝大会,ダンス,,,全国準決勝進出,日本高校ダンス部選手権（ダンススタジアム）大会結果,ダンス部,0
401250,大森,令和6年度,日本高校ダンス部選手権 東京都大会,ダンス,,,都大会出場,日本高校ダンス部選手権（ダンススタジアム）大会結果,ダンス部,0
401250,大森,令和7年度,日本高校ダンス部選手権 東京都大会,ダンス,,,都大会出場,日本高校ダンス部選手権（ダンススタジアム）大会結果,ダンス部,0
401250,大森,令和8年度,日本高校ダンス部選手権 東京都大会,ダンス,,,都大会出場,日本高校ダンス部選手権（ダンススタジアム）大会結果,ダンス部,0
401620,大田桜台,令和8年度,日本高校ダンス部選手権 東京都大会,ダンス,,,都大会出場,日本高校ダンス部選手権（ダンススタジアム）大会結果,フラダンス同好会,0
407020,富士森,令和6年度,日本高校ダンス部選手権 東京都大会,ダンス,,,都大会出場,日本高校ダンス部選手権（ダンススタジアム）大会結果,ダンス部,0
407020,富士森,令和7年度,日本高校ダンス部選手権 全国準決勝大会,ダンス,,,全国準決勝進出,日本高校ダンス部選手権（ダンススタジアム）大会結果,ダンス部,0
407020,富士森,令和7年度,日本高校ダンス部選手権 東京都大会,ダンス,,,準優勝,日本高校ダンス部選手権（ダンススタジアム）大会結果,ダンス部,0
407020,富士森,令和8年度,日本高校ダンス部選手権 全国準決勝大会,ダンス,,,全国準決勝進出,日本高校ダンス部選手権（ダンススタジアム）大会結果,ダンス部,0
407020,富士森,令和8年度,日本高校ダンス部選手権 東京都大会,ダンス,,,3位,日本高校ダンス部選手権（ダンススタジアム）大会結果,ダンス部,0
401230,小山台,令和6年度,日本高校ダンス部選手権 全国準決勝大会,ダンス,,,全国準決勝進出,日本高校ダンス部選手権（ダンススタジアム）大会結果,ダンス班,0
401230,小山台,令和6年度,日本高校ダンス部選手権 東京都大会,ダンス,,,都大会出場,日本高校ダンス部選手権（ダンススタジアム）大会結果,ダンス班,0
401230,小山台,令和7年度,日本高校ダンス部選手権 東京都大会,ダンス,,,都大会出場,日本高校ダンス部選手権（ダンススタジアム）大会結果,ダンス班,0
401230,小山台,令和8年度,日本高校ダンス部選手権 東京都大会,ダンス,,,都大会出場,日本高校ダンス部選手権（ダンススタジアム）大会結果,ダンス班,0
406260,小岩,令和6年度,日本高校ダンス部選手権 東京都大会,ダンス,,,都大会出場,日本高校ダンス部選手権（ダンススタジアム）大会結果,ダンス部,0
406260,小岩,令和7年度,日本高校ダンス部選手権 東京都大会,ダンス,,,都大会出場,日本高校ダンス部選手権（ダンススタジアム）大会結果,ダンス部,0
406260,小岩,令和8年度,日本高校ダンス部選手権 全国準決勝大会,ダンス,,,全国準決勝進出,日本高校ダンス部選手権（ダンススタジアム）大会結果,ダンス部,0
406260,小岩,令和8年度,日本高校ダンス部選手権 東京都大会,ダンス,,,4位,日本高校ダンス部選手権（ダンススタジアム）大会結果,ダンス部,0
407250,小川,令和6年度,日本高校ダンス部選手権 東京都大会,ダンス,,,都大会出場,日本高校ダンス部選手権（ダンススタジアム）大会結果,ダンス部,0
407250,小川,令和7年度,日本高校ダンス部選手権 東京都大会,ダンス,,,都大会出場,日本高校ダンス部選手権（ダンススタジアム）大会結果,ダンス部,0
407250,小川,令和8年度,日本高校ダンス部選手権 東京都大会,ダンス,,,都大会出場,日本高校ダンス部選手権（ダンススタジアム）大会結果,ダンス部,0
409270,小平南,令和8年度,日本高校ダンス部選手権 東京都大会,ダンス,,,都大会出場,日本高校ダンス部選手権（ダンススタジアム）大会結果,ダンス部,0
406240,小松川,令和6年度,日本高校ダンス部選手権 東京都大会,ダンス,,,都大会出場,日本高校ダンス部選手権（ダンススタジアム）大会結果,ダンス部,0
406240,小松川,令和7年度,日本高校ダンス部選手権 東京都大会,ダンス,,,都大会出場,日本高校ダンス部選手権（ダンススタジアム）大会結果,ダンス部,0
406240,小松川,令和8年度,日本高校ダンス部選手権 東京都大会,ダンス,,,都大会出場,日本高校ダンス部選手権（ダンススタジアム）大会結果,ダンス部,0
410210,府中,令和6年度,日本高校ダンス部選手権 東京都大会,ダンス,,,都大会出場,日本高校ダンス部選手権（ダンススタジアム）大会結果,ダンス部,0
410210,府中,令和7年度,日本高校ダンス部選手権 東京都大会,ダンス,,,都大会出場,日本高校ダンス部選手権（ダンススタジアム）大会結果,ダンス部,0
410210,府中,令和8年度,日本高校ダンス部選手権 東京都大会,ダンス,,,都大会出場,日本高校ダンス部選手権（ダンススタジアム）大会結果,ダンス部,0
410220,府中東,令和6年度,日本高校ダンス部選手権 東京都大会,ダンス,,,都大会出場,日本高校ダンス部選手権（ダンススタジアム）大会結果,ダンス部,0
410220,府中東,令和8年度,日本高校ダンス部選手権 東京都大会,ダンス,,,都大会出場,日本高校ダンス部選手権（ダンススタジアム）大会結果,ダンス部,0
410230,府中西,令和6年度,日本高校ダンス部選手権 東京都大会,ダンス,,,都大会出場,日本高校ダンス部選手権（ダンススタジアム）大会結果,ダンス部,0
410230,府中西,令和7年度,日本高校ダンス部選手権 東京都大会,ダンス,,,都大会出場,日本高校ダンス部選手権（ダンススタジアム）大会結果,ダンス部,0
407240,成瀬,令和6年度,日本高校ダンス部選手権 東京都大会,ダンス,,,都大会出場,日本高校ダンス部選手権（ダンススタジアム）大会結果,ダンス部,0
407240,成瀬,令和7年度,日本高校ダンス部選手権 東京都大会,ダンス,,,都大会出場,日本高校ダンス部選手権（ダンススタジアム）大会結果,ダンス部,0
407240,成瀬,令和8年度,日本高校ダンス部選手権 東京都大会,ダンス,,,都大会出場,日本高校ダンス部選手権（ダンススタジアム）大会結果,ダンス部,0
404050,文京,令和6年度,日本高校ダンス部選手権 東京都大会,ダンス,,,都大会出場,日本高校ダンス部選手権（ダンススタジアム）大会結果,ダンス,0
404050,文京,令和7年度,日本高校ダンス部選手権 東京都大会,ダンス,,,都大会出場,日本高校ダンス部選手権（ダンススタジアム）大会結果,ダンス,0
404050,文京,令和8年度,日本高校ダンス部選手権 東京都大会,ダンス,,,都大会出場,日本高校ダンス部選手権（ダンススタジアム）大会結果,ダンス,0
402060,新宿,令和6年度,日本高校ダンス部選手権 東京都大会,ダンス,,,都大会出場,日本高校ダンス部選手権（ダンススタジアム）大会結果,ダンス部,0
402060,新宿,令和7年度,日本高校ダンス部選手権 東京都大会,ダンス,,,都大会出場,日本高校ダンス部選手権（ダンススタジアム）大会結果,ダンス部,0
402060,新宿,令和8年度,日本高校ダンス部選手権 東京都大会,ダンス,,,都大会出場,日本高校ダンス部選手権（ダンススタジアム）大会結果,ダンス部,0
407080,日野,令和6年度,日本高校ダンス部選手権 全国準決勝大会,ダンス,,,全国準決勝進出,日本高校ダンス部選手権（ダンススタジアム）大会結果,女子ダンス部,0
407080,日野,令和6年度,日本高校ダンス部選手権 東京都大会,ダンス,,,都大会出場,日本高校ダンス部選手権（ダンススタジアム）大会結果,女子ダンス部,0
407080,日野,令和7年度,日本高校ダンス部選手権 東京都大会,ダンス,,,都大会出場,日本高校ダンス部選手権（ダンススタジアム）大会結果,女子ダンス部,0
407080,日野,令和8年度,日本高校ダンス部選手権 東京都大会,ダンス,,,都大会出場,日本高校ダンス部選手権（ダンススタジアム）大会結果,女子ダンス部,0
408040,昭和,令和6年度,日本高校ダンス部選手権 東京都大会,ダンス,,,都大会出場,日本高校ダンス部選手権（ダンススタジアム）大会結果,ストリートダンス部,0
408040,昭和,令和7年度,日本高校ダンス部選手権 東京都大会,ダンス,,,都大会出場,日本高校ダンス部選手権（ダンススタジアム）大会結果,ストリートダンス部,0
403070,杉並,令和6年度,日本高校ダンス部選手権 東京都大会,ダンス,,,都大会出場,日本高校ダンス部選手権（ダンススタジアム）大会結果,ダンス部,0
403070,杉並,令和7年度,日本高校ダンス部選手権 東京都大会,ダンス,,,都大会出場,日本高校ダンス部選手権（ダンススタジアム）大会結果,ダンス部,0
403070,杉並,令和8年度,日本高校ダンス部選手権 東京都大会,ダンス,,,都大会出場,日本高校ダンス部選手権（ダンススタジアム）大会結果,ダンス部,0
408060,東大和,令和6年度,日本高校ダンス部選手権 東京都大会,ダンス,,,都大会出場,日本高校ダンス部選手権（ダンススタジアム）大会結果,ダンス部,0
408060,東大和,令和7年度,日本高校ダンス部選手権 東京都大会,ダンス,,,都大会出場,日本高校ダンス部選手権（ダンススタジアム）大会結果,ダンス部,0
408060,東大和,令和8年度,日本高校ダンス部選手権 東京都大会,ダンス,,,都大会出場,日本高校ダンス部選手権（ダンススタジアム）大会結果,ダンス部,0
408090,東大和南,令和6年度,日本高校ダンス部選手権 東京都大会,ダンス,,,都大会出場,日本高校ダンス部選手権（ダンススタジアム）大会結果,ダンス部,0
409280,東村山西,令和6年度,日本高校ダンス部選手権 東京都大会,ダンス,,,都大会出場,日本高校ダンス部選手権（ダンススタジアム）大会結果,ダンス部,0
409280,東村山西,令和7年度,日本高校ダンス部選手権 東京都大会,ダンス,,,都大会出場,日本高校ダンス部選手権（ダンススタジアム）大会結果,ダンス部,0
409280,東村山西,令和8年度,日本高校ダンス部選手権 東京都大会,ダンス,,,都大会出場,日本高校ダンス部選手権（ダンススタジアム）大会結果,ダンス部,0
407070,松が谷,令和6年度,日本高校ダンス部選手権 東京都大会,ダンス,,,都大会出場,日本高校ダンス部選手権（ダンススタジアム）大会結果,ダンス部,0
407070,松が谷,令和7年度,日本高校ダンス部選手権 東京都大会,ダンス,,,都大会出場,日本高校ダンス部選手権（ダンススタジアム）大会結果,ダンス部,0
407070,松が谷,令和8年度,日本高校ダンス部選手権 東京都大会,ダンス,,,都大会出場,日本高校ダンス部選手権（ダンススタジアム）大会結果,ダンス部,0
402210,松原,令和6年度,日本高校ダンス部選手権 東京都大会,ダンス,,,都大会出場,日本高校ダンス部選手権（ダンススタジアム）大会結果,ダンス部,0
402210,松原,令和7年度,日本高校ダンス部選手権 東京都大会,ダンス,,,都大会出場,日本高校ダンス部選手権（ダンススタジアム）大会結果,ダンス部,0
402210,松原,令和8年度,日本高校ダンス部選手権 東京都大会,ダンス,,,都大会出場,日本高校ダンス部選手権（ダンススタジアム）大会結果,ダンス部,0
404220,板橋,令和6年度,日本高校ダンス部選手権 東京都大会,ダンス,,,都大会出場,日本高校ダンス部選手権（ダンススタジアム）大会結果,ダンス部,0
404520,板橋有徳,令和7年度,日本高校ダンス部選手権 東京都大会,ダンス,,,都大会出場,日本高校ダンス部選手権（ダンススタジアム）大会結果,ダンス部,0
404520,板橋有徳,令和8年度,日本高校ダンス部選手権 東京都大会,ダンス,,,都大会出場,日本高校ダンス部選手権（ダンススタジアム）大会結果,ダンス部,0
402220,桜町,令和6年度,日本高校ダンス部選手権 東京都大会,ダンス,,,都大会出場,日本高校ダンス部選手権（ダンススタジアム）大会結果,ダンス部,0
402220,桜町,令和7年度,日本高校ダンス部選手権 東京都大会,ダンス,,,都大会出場,日本高校ダンス部選手権（ダンススタジアム）大会結果,ダンス部,0
402220,桜町,令和8年度,日本高校ダンス部選手権 東京都大会,ダンス,,,都大会出場,日本高校ダンス部選手権（ダンススタジアム）大会結果,ダンス部,0
406910,橘,令和8年度,日本高校ダンス部選手権 東京都大会,ダンス,,,都大会出場,日本高校ダンス部選手権（ダンススタジアム）大会結果,ダンス部,0
409010,武蔵,令和7年度,日本高校ダンス部選手権 東京都大会,ダンス,,,都大会出場,日本高校ダンス部選手権（ダンススタジアム）大会結果,,0
409010,武蔵,令和8年度,日本高校ダンス部選手権 東京都大会,ダンス,,,都大会出場,日本高校ダンス部選手権（ダンススタジアム）大会結果,,0
403030,武蔵丘,令和6年度,日本高校ダンス部選手権 東京都大会,ダンス,,,都大会出場,日本高校ダンス部選手権（ダンススタジアム）大会結果,ダンス部,0
403030,武蔵丘,令和7年度,日本高校ダンス部選手権 全国準決勝大会,ダンス,,,全国準決勝進出,日本高校ダンス部選手権（ダンススタジアム）大会結果,ダンス部,0
403030,武蔵丘,令和7年度,日本高校ダンス部選手権 東京都大会,ダンス,,,3位,日本高校ダンス部選手権（ダンススタジアム）大会結果,ダンス部,0
403030,武蔵丘,令和8年度,日本高校ダンス部選手権 東京都大会,ダンス,,,都大会出場,日本高校ダンス部選手権（ダンススタジアム）大会結果,ダンス部,0
408070,武蔵村山,令和6年度,日本高校ダンス部選手権 全国準決勝大会,ダンス,,,全国準決勝進出,日本高校ダンス部選手権（ダンススタジアム）大会結果,ブラックダンス部,0
408070,武蔵村山,令和6年度,日本高校ダンス部選手権 東京都大会,ダンス,,,都大会出場,日本高校ダンス部選手権（ダンススタジアム）大会結果,ブラックダンス部,0
408070,武蔵村山,令和7年度,日本高校ダンス部選手権 全国準決勝大会,ダンス,,,全国準決勝進出,日本高校ダンス部選手権（ダンススタジアム）大会結果,ブラックダンス部,0
408070,武蔵村山,令和7年度,日本高校ダンス部選手権 東京都大会,ダンス,,,準優勝,日本高校ダンス部選手権（ダンススタジアム）大会結果,ブラックダンス部,0
408070,武蔵村山,令和8年度,日本高校ダンス部選手権 東京都大会,ダンス,,,都大会出場,日本高校ダンス部選手権（ダンススタジアム）大会結果,ブラックダンス部,0
406250,江戸川,令和6年度,日本高校ダンス部選手権 東京都大会,ダンス,,,都大会出場,日本高校ダンス部選手権（ダンススタジアム）大会結果,ダンス部,0
406250,江戸川,令和7年度,日本高校ダンス部選手権 東京都大会,ダンス,,,都大会出場,日本高校ダンス部選手権（ダンススタジアム）大会結果,ダンス部,0
406250,江戸川,令和8年度,日本高校ダンス部選手権 東京都大会,ダンス,,,都大会出場,日本高校ダンス部選手権（ダンススタジアム）大会結果,ダンス部,0
406210,深川,令和6年度,日本高校ダンス部選手権 東京都大会,ダンス,,,都大会出場,日本高校ダンス部選手権（ダンススタジアム）大会結果,ダンス部,0
402270,深沢,令和6年度,日本高校ダンス部選手権 東京都大会,ダンス,,,都大会出場,日本高校ダンス部選手権（ダンススタジアム）大会結果,ダンス部,0
402270,深沢,令和7年度,日本高校ダンス部選手権 東京都大会,ダンス,,,都大会出場,日本高校ダンス部選手権（ダンススタジアム）大会結果,ダンス部,0
402270,深沢,令和8年度,日本高校ダンス部選手権 東京都大会,ダンス,,,都大会出場,日本高校ダンス部選手権（ダンススタジアム）大会結果,ダンス部,0
405230,淵江,令和7年度,日本高校ダンス部選手権 東京都大会,ダンス,,,都大会出場,日本高校ダンス部選手権（ダンススタジアム）大会結果,ダンス部,0
409250,清瀬,令和6年度,日本高校ダンス部選手権 東京都大会,ダンス,,,都大会出場,日本高校ダンス部選手権（ダンススタジアム）大会結果,ダンス部,0
409250,清瀬,令和7年度,日本高校ダンス部選手権 東京都大会,ダンス,,,都大会出場,日本高校ダンス部選手権（ダンススタジアム）大会結果,ダンス部,0
409250,清瀬,令和8年度,日本高校ダンス部選手権 東京都大会,ダンス,,,都大会出場,日本高校ダンス部選手権（ダンススタジアム）大会結果,ダンス部,0
410050,狛江,令和6年度,日本高校ダンス部選手権 全国決勝大会,ダンス,,,全国決勝進出,日本高校ダンス部選手権（ダンススタジアム）大会結果,ダンス部,0
410050,狛江,令和6年度,日本高校ダンス部選手権 全国準決勝大会,ダンス,,,全国準決勝進出,日本高校ダンス部選手権（ダンススタジアム）大会結果,ダンス部,0
410050,狛江,令和6年度,日本高校ダンス部選手権 東京都大会,ダンス,,,都大会出場,日本高校ダンス部選手権（ダンススタジアム）大会結果,ダンス部,0
410050,狛江,令和7年度,日本高校ダンス部選手権 全国決勝大会,ダンス,,,7位,日本高校ダンス部選手権（ダンススタジアム）大会結果,ダンス部,0
410050,狛江,令和7年度,日本高校ダンス部選手権 全国準決勝大会,ダンス,,,全国準決勝進出,日本高校ダンス部選手権（ダンススタジアム）大会結果,ダンス部,0
410050,狛江,令和7年度,日本高校ダンス部選手権 東京都大会,ダンス,,,優勝,日本高校ダンス部選手権（ダンススタジアム）大会結果,ダンス部,0
410050,狛江,令和8年度,日本高校ダンス部選手権 全国準決勝大会,ダンス,,,全国準決勝進出,日本高校ダンス部選手権（ダンススタジアム）大会結果,ダンス部,0
410050,狛江,令和8年度,日本高校ダンス部選手権 東京都大会,ダンス,,,優勝,日本高校ダンス部選手権（ダンススタジアム）大会結果,ダンス部,0
404420,王子総合,令和6年度,日本高校ダンス部選手権 全国準決勝大会,ダンス,,,全国準決勝進出,日本高校ダンス部選手権（ダンススタジアム）大会結果,ダンス部,0
404420,王子総合,令和6年度,日本高校ダンス部選手権 東京都大会,ダンス,,,都大会出場,日本高校ダンス部選手権（ダンススタジアム）大会結果,ダンス部,0
404420,王子総合,令和7年度,日本高校ダンス部選手権 東京都大会,ダンス,,,都大会出場,日本高校ダンス部選手権（ダンススタジアム）大会結果,ダンス部,0
409070,田無,令和8年度,日本高校ダンス部選手権 東京都大会,ダンス,,,都大会出場,日本高校ダンス部選手権（ダンススタジアム）大会結果,ダンス部,0
407210,町田,令和7年度,日本高校ダンス部選手権 東京都大会,ダンス,,,都大会出場,日本高校ダンス部選手権（ダンススタジアム）大会結果,ダンス部,0
407210,町田,令和8年度,日本高校ダンス部選手権 東京都大会,ダンス,,,都大会出場,日本高校ダンス部選手権（ダンススタジアム）大会結果,ダンス部,0
407420,町田総合,令和6年度,日本高校ダンス部選手権 全国準決勝大会,ダンス,,,全国準決勝進出,日本高校ダンス部選手権（ダンススタジアム）大会結果,ダンス部,0
407420,町田総合,令和6年度,日本高校ダンス部選手権 東京都大会,ダンス,,,都大会出場,日本高校ダンス部選手権（ダンススタジアム）大会結果,ダンス部,0
407420,町田総合,令和7年度,日本高校ダンス部選手権 全国準決勝大会,ダンス,,,全国準決勝進出,日本高校ダンス部選手権（ダンススタジアム）大会結果,ダンス部,0
407420,町田総合,令和7年度,日本高校ダンス部選手権 東京都大会,ダンス,,,4位,日本高校ダンス部選手権（ダンススタジアム）大会結果,ダンス部,0
407420,町田総合,令和8年度,日本高校ダンス部選手権 東京都大会,ダンス,,,都大会出場,日本高校ダンス部選手権（ダンススタジアム）大会結果,ダンス部,0
402040,目黒,令和6年度,日本高校ダンス部選手権 東京都大会,ダンス,,,都大会出場,日本高校ダンス部選手権（ダンススタジアム）大会結果,ダンス部,0
402040,目黒,令和7年度,日本高校ダンス部選手権 東京都大会,ダンス,,,都大会出場,日本高校ダンス部選手権（ダンススタジアム）大会結果,ダンス部,0
402040,目黒,令和8年度,日本高校ダンス部選手権 東京都大会,ダンス,,,都大会出場,日本高校ダンス部選手権（ダンススタジアム）大会結果,ダンス部,0
403210,石神井,令和8年度,日本高校ダンス部選手権 東京都大会,ダンス,,,都大会出場,日本高校ダンス部選手権（ダンススタジアム）大会結果,ダンス部,0
408230,福生,令和6年度,日本高校ダンス部選手権 東京都大会,ダンス,,,都大会出場,日本高校ダンス部選手権（ダンススタジアム）大会結果,ダンス部,0
408230,福生,令和7年度,日本高校ダンス部選手権 東京都大会,ダンス,,,都大会出場,日本高校ダンス部選手権（ダンススタジアム）大会結果,ダンス部,0
408230,福生,令和8年度,日本高校ダンス部選手権 東京都大会,ダンス,,,都大会出場,日本高校ダンス部選手権（ダンススタジアム）大会結果,ダンス部,0
405070,竹台,令和7年度,日本高校ダンス部選手権 東京都大会,ダンス,,,都大会出場,日本高校ダンス部選手権（ダンススタジアム）大会結果,ダンス部,0
404010,竹早,令和6年度,日本高校ダンス部選手権 東京都大会,ダンス,,,都大会出場,日本高校ダンス部選手権（ダンススタジアム）大会結果,ダンスパフォーマンス部,0
404010,竹早,令和7年度,日本高校ダンス部選手権 東京都大会,ダンス,,,都大会出場,日本高校ダンス部選手権（ダンススタジアム）大会結果,ダンスパフォーマンス部,0
404010,竹早,令和8年度,日本高校ダンス部選手権 東京都大会,ダンス,,,都大会出場,日本高校ダンス部選手権（ダンススタジアム）大会結果,ダンスパフォーマンス部,0
402620,第一商業,令和6年度,日本高校ダンス部選手権 東京都大会,ダンス,,,都大会出場,日本高校ダンス部選手権（ダンススタジアム）大会結果,ブレイクダンス部,0
402620,第一商業,令和7年度,日本高校ダンス部選手権 東京都大会,ダンス,,,都大会出場,日本高校ダンス部選手権（ダンススタジアム）大会結果,ブレイクダンス部,0
402620,第一商業,令和8年度,日本高校ダンス部選手権 東京都大会,ダンス,,,都大会出場,日本高校ダンス部選手権（ダンススタジアム）大会結果,ブレイクダンス部,0
406640,第三商業,令和6年度,日本高校ダンス部選手権 東京都大会,ダンス,,,都大会出場,日本高校ダンス部選手権（ダンススタジアム）大会結果,ダンス部,0
406640,第三商業,令和7年度,日本高校ダンス部選手権 東京都大会,ダンス,,,都大会出場,日本高校ダンス部選手権（ダンススタジアム）大会結果,ダンス部,0
406640,第三商業,令和8年度,日本高校ダンス部選手権 東京都大会,ダンス,,,都大会出場,日本高校ダンス部選手権（ダンススタジアム）大会結果,ダンス部,0
406280,篠崎,令和6年度,日本高校ダンス部選手権 東京都大会,ダンス,,,都大会出場,日本高校ダンス部選手権（ダンススタジアム）大会結果,ダンス部,0
406280,篠崎,令和7年度,日本高校ダンス部選手権 東京都大会,ダンス,,,都大会出場,日本高校ダンス部選手権（ダンススタジアム）大会結果,ダンス部,0
406280,篠崎,令和8年度,日本高校ダンス部選手権 東京都大会,ダンス,,,都大会出場,日本高校ダンス部選手権（ダンススタジアム）大会結果,ダンス部,0
406290,紅葉川,令和6年度,日本高校ダンス部選手権 東京都大会,ダンス,,,都大会出場,日本高校ダンス部選手権（ダンススタジアム）大会結果,,0
402530,芦花,令和7年度,日本高校ダンス部選手権 東京都大会,ダンス,,,都大会出場,日本高校ダンス部選手権（ダンススタジアム）大会結果,ダンス部,0
402530,芦花,令和8年度,日本高校ダンス部選手権 東京都大会,ダンス,,,都大会出場,日本高校ダンス部選手権（ダンススタジアム）大会結果,ダンス部,0
406620,葛飾商業,令和6年度,日本高校ダンス部選手権 東京都大会,ダンス,,,都大会出場,日本高校ダンス部選手権（ダンススタジアム）大会結果,ダンス部,0
406620,葛飾商業,令和7年度,日本高校ダンス部選手権 東京都大会,ダンス,,,都大会出場,日本高校ダンス部選手権（ダンススタジアム）大会結果,ダンス部,0
406620,葛飾商業,令和8年度,日本高校ダンス部選手権 東京都大会,ダンス,,,都大会出場,日本高校ダンス部選手権（ダンススタジアム）大会結果,ダンス部,0
406040,葛飾野,令和6年度,日本高校ダンス部選手権 全国準決勝大会,ダンス,,,全国準決勝進出,日本高校ダンス部選手権（ダンススタジアム）大会結果,ダンス部,0
406040,葛飾野,令和6年度,日本高校ダンス部選手権 東京都大会,ダンス,,,都大会出場,日本高校ダンス部選手権（ダンススタジアム）大会結果,ダンス部,0
406040,葛飾野,令和7年度,日本高校ダンス部選手権 全国準決勝大会,ダンス,,,全国準決勝進出,日本高校ダンス部選手権（ダンススタジアム）大会結果,ダンス部,0
406040,葛飾野,令和7年度,日本高校ダンス部選手権 東京都大会,ダンス,,,3位,日本高校ダンス部選手権（ダンススタジアム）大会結果,ダンス部,0
406040,葛飾野,令和8年度,日本高校ダンス部選手権 全国準決勝大会,ダンス,,,全国準決勝進出,日本高校ダンス部選手権（ダンススタジアム）大会結果,ダンス部,0
406040,葛飾野,令和8年度,日本高校ダンス部選手権 東京都大会,ダンス,,,優勝,日本高校ダンス部選手権（ダンススタジアム）大会結果,ダンス部,0
401290,蒲田,令和7年度,日本高校ダンス部選手権 東京都大会,ダンス,,,都大会出場,日本高校ダンス部選手権（ダンススタジアム）大会結果,ダンス部,0
401290,蒲田,令和8年度,日本高校ダンス部選手権 東京都大会,ダンス,,,都大会出場,日本高校ダンス部選手権（ダンススタジアム）大会結果,ダンス部,0
410030,調布北,令和6年度,日本高校ダンス部選手権 東京都大会,ダンス,,,都大会出場,日本高校ダンス部選手権（ダンススタジアム）大会結果,ダンス部,0
410030,調布北,令和7年度,日本高校ダンス部選手権 東京都大会,ダンス,,,都大会出場,日本高校ダンス部選手権（ダンススタジアム）大会結果,ダンス部,0
410030,調布北,令和8年度,日本高校ダンス部選手権 東京都大会,ダンス,,,都大会出場,日本高校ダンス部選手権（ダンススタジアム）大会結果,ダンス部,0
410040,調布南,令和6年度,日本高校ダンス部選手権 東京都大会,ダンス,,,都大会出場,日本高校ダンス部選手権（ダンススタジアム）大会結果,ダンス部,0
403060,豊多摩,令和6年度,日本高校ダンス部選手権 東京都大会,ダンス,,,都大会出場,日本高校ダンス部選手権（ダンススタジアム）大会結果,体操ダンス部,0
403060,豊多摩,令和7年度,日本高校ダンス部選手権 東京都大会,ダンス,,,都大会出場,日本高校ダンス部選手権（ダンススタジアム）大会結果,体操ダンス部,0
403060,豊多摩,令和8年度,日本高校ダンス部選手権 東京都大会,ダンス,,,都大会出場,日本高校ダンス部選手権（ダンススタジアム）大会結果,体操ダンス部,0
404040,豊島,令和7年度,日本高校ダンス部選手権 東京都大会,ダンス,,,都大会出場,日本高校ダンス部選手権（ダンススタジアム）大会結果,ダンス部,0
404910,赤羽北桜,令和6年度,日本高校ダンス部選手権 東京都大会,ダンス,,,都大会出場,日本高校ダンス部選手権（ダンススタジアム）大会結果,ダンス部,0
404910,赤羽北桜,令和7年度,日本高校ダンス部選手権 東京都大会,ダンス,,,都大会出場,日本高校ダンス部選手権（ダンススタジアム）大会結果,ダンス部,0
405210,足立,令和6年度,日本高校ダンス部選手権 東京都大会,ダンス,,,都大会出場,日本高校ダンス部選手権（ダンススタジアム）大会結果,ダンス部,0
405210,足立,令和7年度,日本高校ダンス部選手権 東京都大会,ダンス,,,都大会出場,日本高校ダンス部選手権（ダンススタジアム）大会結果,ダンス部,0
405210,足立,令和8年度,日本高校ダンス部選手権 東京都大会,ダンス,,,都大会出場,日本高校ダンス部選手権（ダンススタジアム）大会結果,ダンス部,0
405270,足立新田,令和6年度,日本高校ダンス部選手権 東京都大会,ダンス,,,都大会出場,日本高校ダンス部選手権（ダンススタジアム）大会結果,ダンス部,0
405270,足立新田,令和7年度,日本高校ダンス部選手権 東京都大会,ダンス,,,都大会出場,日本高校ダンス部選手権（ダンススタジアム）大会結果,ダンス部,0
405270,足立新田,令和8年度,日本高校ダンス部選手権 東京都大会,ダンス,,,都大会出場,日本高校ダンス部選手権（ダンススタジアム）大会結果,ダンス部,0
408420,青梅総合,令和6年度,日本高校ダンス部選手権 東京都大会,ダンス,,,都大会出場,日本高校ダンス部選手権（ダンススタジアム）大会結果,ダンス部,0
408420,青梅総合,令和7年度,日本高校ダンス部選手権 東京都大会,ダンス,,,都大会出場,日本高校ダンス部選手権（ダンススタジアム）大会結果,ダンス部,0
408420,青梅総合,令和8年度,日本高校ダンス部選手権 東京都大会,ダンス,,,都大会出場,日本高校ダンス部選手権（ダンススタジアム）大会結果,ダンス部,0
404510,飛鳥,令和7年度,日本高校ダンス部選手権 東京都大会,ダンス,,,都大会出場,日本高校ダンス部選手権（ダンススタジアム）大会結果,ダンス部,0
404510,飛鳥,令和8年度,日本高校ダンス部選手権 東京都大会,ダンス,,,都大会出場,日本高校ダンス部選手権（ダンススタジアム）大会結果,ダンス部,0
404260,高島,令和6年度,日本高校ダンス部選手権 東京都大会,ダンス,,,都大会出場,日本高校ダンス部選手権（ダンススタジアム）大会結果,ダンス部,0
404260,高島,令和7年度,日本高校ダンス部選手権 東京都大会,ダンス,,,都大会出場,日本高校ダンス部選手権（ダンススタジアム）大会結果,ダンス部,0
404260,高島,令和8年度,日本高校ダンス部選手権 東京都大会,ダンス,,,都大会出場,日本高校ダンス部選手権（ダンススタジアム）大会結果,ダンス部,0
403010,鷺宮,令和6年度,日本高校ダンス部選手権 全国準決勝大会,ダンス,,,全国準決勝進出,日本高校ダンス部選手権（ダンススタジアム）大会結果,ダンス部,0
403010,鷺宮,令和6年度,日本高校ダンス部選手権 東京都大会,ダンス,,,都大会出場,日本高校ダンス部選手権（ダンススタジアム）大会結果,ダンス部,0
403010,鷺宮,令和7年度,日本高校ダンス部選手権 全国準決勝大会,ダンス,,,全国準決勝進出,日本高校ダンス部選手権（ダンススタジアム）大会結果,ダンス部,0
403010,鷺宮,令和7年度,日本高校ダンス部選手権 東京都大会,ダンス,,,5位,日本高校ダンス部選手権（ダンススタジアム）大会結果,ダンス部,0
403010,鷺宮,令和8年度,日本高校ダンス部選手権 東京都大会,ダンス,,,都大会出場,日本高校ダンス部選手権（ダンススタジアム）大会結果,ダンス部,0
