school_number,school,year,meet,sport,event,division,rank,source
401410,つばさ総合,令和5年度,2024(令和6年) 春季東京都高等学校野球大会 一次予選,硬式野球,,,一回戦出場,一般財団法人 東京都高等学校野球連盟 試合結果
401410,つばさ総合,令和6年度,2024(令和6年) 秋季東京都高等学校野球大会 一次予選,硬式野球,,,一回戦出場,一般財団法人 東京都高等学校野球連盟 試合結果
401410,つばさ総合,令和6年度,2025(令和7年) 春季東京都高等学校野球大会 一次予選,硬式野球,,,一回戦出場,一般財団法人 東京都高等学校野球連盟 試合結果
401410,つばさ総合,令和7年度,2026(令和8年) 春季東京都高等学校野球大会 一次予選,硬式野球,,,一回戦出場,一般財団法人 東京都高等学校野球連盟 試合結果
401410,つばさ総合,令和5年度,第105回全国高等学校野球選手権記念大会 東東京大会,硬式野球,,,二回戦進出,一般財団法人 東京都高等学校野球連盟 試合結果
401410,つばさ総合,令和6年度,第106回全国高等学校野球選手権大会 東東京大会,硬式野球,,,一回戦出場,一般財団法人 東京都高等学校野球連盟 試合結果
401410,つばさ総合,令和7年度,第107回全国高等学校野球選手権大会 東東京大会,硬式野球,,,二回戦進出,一般財団法人 東京都高等学校野球連盟 試合結果
401410,つばさ総合,令和8年度,第108回全国高等学校野球選手権大会 東東京大会,硬式野球,,,一回戦出場,一般財団法人 東京都高等学校野球連盟 試合結果
401040,三田,令和4年度,2022(令和4年)年度 秋季東京都高等学校野球大会 一次予選,硬式野球,,,一回戦出場,一般財団法人 東京都高等学校野球連盟 試合結果
401040,三田,令和5年度,2023(令和5年) 秋季東京都高等学校野球大会 一次予選,硬式野球,,,一回戦出場,一般財団法人 東京都高等学校野球連盟 試合結果
401040,三田,令和5年度,2024(令和6年) 春季東京都高等学校野球大会 一次予選,硬式野球,,,一回戦出場,一般財団法人 東京都高等学校野球連盟 試合結果
401040,三田,令和6年度,2024(令和6年) 秋季東京都高等学校野球大会 一次予選,硬式野球,,,一回戦出場,一般財団法人 東京都高等学校野球連盟 試合結果
401040,三田,令和6年度,2025(令和7年) 春季東京都高等学校野球大会 一次予選,硬式野球,,,一回戦出場,一般財団法人 東京都高等学校野球連盟 試合結果
401040,三田,令和5年度,第105回全国高等学校野球選手権記念大会 東東京大会,硬式野球,,,二回戦進出,一般財団法人 東京都高等学校野球連盟 試合結果
401040,三田,令和6年度,第106回全国高等学校野球選手権大会 東東京大会,硬式野球,,,二回戦進出,一般財団法人 東京都高等学校野球連盟 試合結果
401040,三田,令和7年度,第107回全国高等学校野球選手権大会 東東京大会,硬式野球,,,二回戦進出,一般財団法人 東京都高等学校野球連盟 試合結果
401040,三田,令和8年度,第108回全国高等学校野球選手権大会 東東京大会,硬式野球,,,二回戦進出,一般財団法人 東京都高等学校野球連盟 試合結果
408510,上水,令和4年度,2022(令和4年)年度 秋季東京都高等学校野球大会 一次予選,硬式野球,,,二回戦進出,一般財団法人 東京都高等学校野球連盟 試合結果
408510,上水,令和4年度,2023(令和5年) 春季東京都高等学校野球大会 一次予選,硬式野球,,,一回戦出場,一般財団法人 東京都高等学校野球連盟 試合結果
408510,上水,令和6年度,2024(令和6年) 春季東京都高等学校野球大会 (兼関東地区高等学校野球大会出場校決定戦),硬式野球,,,一回戦出場,一般財団法人 東京都高等学校野球連盟 試合結果
408510,上水,令和5年度,2024(令和6年) 春季東京都高等学校野球大会 一次予選,硬式野球,,,二回戦進出,一般財団法人 東京都高等学校野球連盟 試合結果
408510,上水,令和6年度,2024(令和6年) 秋季東京都高等学校野球大会 一次予選,硬式野球,,,一回戦出場,一般財団法人 東京都高等学校野球連盟 試合結果
408510,上水,令和6年度,2025(令和7年) 春季東京都高等学校野球大会 一次予選,硬式野球,,,一回戦出場,一般財団法人 東京都高等学校野球連盟 試合結果
408510,上水,令和7年度,2025(令和7年) 秋季東京都高等学校野球大会 一次予選,硬式野球,,,一回戦出場,一般財団法人 東京都高等学校野球連盟 試合結果
408510,上水,令和7年度,2026(令和8年) 春季東京都高等学校野球大会 一次予選,硬式野球,,,二回戦進出,一般財団法人 東京都高等学校野球連盟 試合結果
406010,両国,令和4年度,2022(令和4年)年度 秋季東京都高等学校野球大会 一次予選,硬式野球,,,一回戦出場,一般財団法人 東京都高等学校野球連盟 試合結果
406010,両国,令和4年度,2023(令和5年) 春季東京都高等学校野球大会 一次予選,硬式野球,,,二回戦進出,一般財団法人 東京都高等学校野球連盟 試合結果
406010,両国,令和5年度,2023(令和5年) 秋季東京都高等学校野球大会 一次予選,硬式野球,,,一回戦出場,一般財団法人 東京都高等学校野球連盟 試合結果
406010,両国,令和5年度,2024(令和6年) 春季東京都高等学校野球大会 一次予選,硬式野球,,,一回戦出場,一般財団法人 東京都高等学校野球連盟 試合結果
406010,両国,令和6年度,2024(令和6年) 秋季東京都高等学校野球大会 一次予選,硬式野球,,,一回戦出場,一般財団法人 東京都高等学校野球連盟 試合結果
406010,両国,令和6年度,2025(令和7年) 春季東京都高等学校野球大会 一次予選,硬式野球,,,二回戦進出,一般財団法人 東京都高等学校野球連盟 試合結果
406010,両国,令和7年度,2025(令和7年) 秋季東京都高等学校野球大会 一次予選,硬式野球,,,一回戦出場,一般財団法人 東京都高等学校野球連盟 試合結果
406010,両国,令和7年度,2026(令和8年) 春季東京都高等学校野球大会 一次予選,硬式野球,,,一回戦出場,一般財団法人 東京都高等学校野球連盟 試合結果
406010,両国,令和5年度,第105回全国高等学校野球選手権記念大会 東東京大会,硬式野球,,,三回戦進出,一般財団法人 東京都高等学校野球連盟 試合結果
406010,両国,令和6年度,第106回全国高等学校野球選手権大会 東東京大会,硬式野球,,,二回戦進出,一般財団法人 東京都高等学校野球連盟 試合結果
406010,両国,令和7年度,第107回全国高等学校野球選手権大会 東東京大会,硬式野球,,,一回戦出場,一般財団法人 東京都高等学校野球連盟 試合結果
406010,両国,令和8年度,第108回全国高等学校野球選手権大会 東東京大会,硬式野球,,,二回戦進出,一般財団法人 東京都高等学校野球連盟 試合結果
403710,中野工科,令和5年度,2023(令和5年) 秋季東京都高等学校野球大会 一次予選,硬式野球,,,一回戦出場,一般財団法人 東京都高等学校野球連盟 試合結果
403710,中野工科,令和5年度,2024(令和6年) 春季東京都高等学校野球大会 一次予選,硬式野球,,,一回戦出場,一般財団法人 東京都高等学校野球連盟 試合結果
403710,中野工科,令和6年度,2024(令和6年) 秋季東京都高等学校野球大会 一次予選,硬式野球,,,一回戦出場,一般財団法人 東京都高等学校野球連盟 試合結果
403710,中野工科,令和6年度,2025(令和7年) 春季東京都高等学校野球大会 一次予選,硬式野球,,,一回戦出場,一般財団法人 東京都高等学校野球連盟 試合結果
403710,中野工科,令和7年度,2025(令和7年) 秋季東京都高等学校野球大会 一次予選,硬式野球,,,二回戦進出,一般財団法人 東京都高等学校野球連盟 試合結果
403710,中野工科,令和7年度,2026(令和8年) 春季東京都高等学校野球大会 一次予選,硬式野球,,,一回戦出場,一般財団法人 東京都高等学校野球連盟 試合結果
403710,中野工科,令和5年度,第105回全国高等学校野球選手権記念大会 東東京大会,硬式野球,,,二回戦進出,一般財団法人 東京都高等学校野球連盟 試合結果
403710,中野工科,令和6年度,第106回全国高等学校野球選手権大会 東東京大会,硬式野球,,,二回戦進出,一般財団法人 東京都高等学校野球連盟 試合結果
403710,中野工科,令和7年度,第107回全国高等学校野球選手権大会 東東京大会,硬式野球,,,二回戦進出,一般財団法人 東京都高等学校野球連盟 試合結果
403710,中野工科,令和8年度,第108回全国高等学校野球選手権大会 東東京大会,硬式野球,,,二回戦進出,一般財団法人 東京都高等学校野球連盟 試合結果
409060,久留米西,令和4年度,2022(令和4年)年度 秋季東京都高等学校野球大会 一次予選,硬式野球,,,二回戦進出,一般財団法人 東京都高等学校野球連盟 試合結果
409060,久留米西,令和4年度,2023(令和5年) 春季東京都高等学校野球大会 一次予選,硬式野球,,,二回戦進出,一般財団法人 東京都高等学校野球連盟 試合結果
409060,久留米西,令和5年度,2023(令和5年) 秋季東京都高等学校野球大会 一次予選,硬式野球,,,一回戦出場,一般財団法人 東京都高等学校野球連盟 試合結果
409060,久留米西,令和6年度,2024(令和6年) 春季東京都高等学校野球大会 (兼関東地区高等学校野球大会出場校決定戦),硬式野球,,,一回戦出場,一般財団法人 東京都高等学校野球連盟 試合結果
409060,久留米西,令和5年度,2024(令和6年) 春季東京都高等学校野球大会 一次予選,硬式野球,,,二回戦進出,一般財団法人 東京都高等学校野球連盟 試合結果
409060,久留米西,令和6年度,2024(令和6年) 秋季東京都高等学校野球大会 一次予選,硬式野球,,,一回戦出場,一般財団法人 東京都高等学校野球連盟 試合結果
409060,久留米西,令和6年度,2025(令和7年) 春季東京都高等学校野球大会 一次予選,硬式野球,,,一回戦出場,一般財団法人 東京都高等学校野球連盟 試合結果
409060,久留米西,令和7年度,2025(令和7年) 秋季東京都高等学校野球大会 一次予選,硬式野球,,,一回戦出場,一般財団法人 東京都高等学校野球連盟 試合結果
409060,久留米西,令和8年度,2026(令和8年) 春季東京都高等学校野球大会 (兼関東地区高等学校野球大会出場校決定戦),硬式野球,,,一回戦出場,一般財団法人 東京都高等学校野球連盟 試合結果
409060,久留米西,令和7年度,2026(令和8年) 春季東京都高等学校野球大会 一次予選,硬式野球,,,二回戦進出,一般財団法人 東京都高等学校野球連盟 試合結果
408260,五日市,令和4年度,2022(令和4年)年度 秋季東京都高等学校野球大会 一次予選,硬式野球,,,一回戦出場,一般財団法人 東京都高等学校野球連盟 試合結果
408260,五日市,令和5年度,2023(令和5年) 春季東京都高等学校野球大会 (兼関東地区高等学校野球大会出場校決定戦),硬式野球,,,一回戦出場,一般財団法人 東京都高等学校野球連盟 試合結果
408260,五日市,令和6年度,2024(令和6年) 秋季東京都高等学校野球大会 一次予選,硬式野球,,,一回戦出場,一般財団法人 東京都高等学校野球連盟 試合結果
408260,五日市,令和6年度,2025(令和7年) 春季東京都高等学校野球大会 一次予選,硬式野球,,,一回戦出場,一般財団法人 東京都高等学校野球連盟 試合結果
408260,五日市,令和7年度,2025(令和7年) 秋季東京都高等学校野球大会 一次予選,硬式野球,,,一回戦出場,一般財団法人 東京都高等学校野球連盟 試合結果
408260,五日市,令和7年度,2026(令和8年) 春季東京都高等学校野球大会 一次予選,硬式野球,,,一回戦出場,一般財団法人 東京都高等学校野球連盟 試合結果
403220,井草,令和4年度,2022(令和4年)年度 秋季東京都高等学校野球大会 一次予選,硬式野球,,,一回戦出場,一般財団法人 東京都高等学校野球連盟 試合結果
403220,井草,令和5年度,2023(令和5年) 春季東京都高等学校野球大会 (兼関東地区高等学校野球大会出場校決定戦),硬式野球,,,二回戦進出,一般財団法人 東京都高等学校野球連盟 試合結果
403220,井草,令和4年度,2023(令和5年) 春季東京都高等学校野球大会 一次予選,硬式野球,,,二回戦進出,一般財団法人 東京都高等学校野球連盟 試合結果
403220,井草,令和5年度,2023(令和5年) 秋季東京都高等学校野球大会 一次予選,硬式野球,,,一回戦出場,一般財団法人 東京都高等学校野球連盟 試合結果
403220,井草,令和5年度,2024(令和6年) 春季東京都高等学校野球大会 一次予選,硬式野球,,,一回戦出場,一般財団法人 東京都高等学校野球連盟 試合結果
403220,井草,令和6年度,2024(令和6年) 秋季東京都高等学校野球大会 一次予選,硬式野球,,,二回戦進出,一般財団法人 東京都高等学校野球連盟 試合結果
403220,井草,令和6年度,2025(令和7年) 春季東京都高等学校野球大会 一次予選,硬式野球,,,一回戦出場,一般財団法人 東京都高等学校野球連盟 試合結果
403220,井草,令和7年度,2025(令和7年) 秋季東京都高等学校野球大会 一次予選,硬式野球,,,一回戦出場,一般財団法人 東京都高等学校野球連盟 試合結果
403220,井草,令和7年度,2026(令和8年) 春季東京都高等学校野球大会 一次予選,硬式野球,,,一回戦出場,一般財団法人 東京都高等学校野球連盟 試合結果
409040,保谷,令和4年度,2023(令和5年) 春季東京都高等学校野球大会 一次予選,硬式野球,,,二回戦進出,一般財団法人 東京都高等学校野球連盟 試合結果
409040,保谷,令和5年度,2023(令和5年) 秋季東京都高等学校野球大会 一次予選,硬式野球,,,二回戦進出,一般財団法人 東京都高等学校野球連盟 試合結果
409040,保谷,令和6年度,2024(令和6年) 春季東京都高等学校野球大会 (兼関東地区高等学校野球大会出場校決定戦),硬式野球,,,一回戦出場,一般財団法人 東京都高等学校野球連盟 試合結果
409040,保谷,令和5年度,2024(令和6年) 春季東京都高等学校野球大会 一次予選,硬式野球,,,二回戦進出,一般財団法人 東京都高等学校野球連盟 試合結果
409040,保谷,令和6年度,2024(令和6年) 秋季東京都高等学校野球大会 一次予選,硬式野球,,,一回戦出場,一般財団法人 東京都高等学校野球連盟 試合結果
409040,保谷,令和7年度,2025(令和7年) 春季東京都高等学校野球大会 (兼関東地区高等学校野球大会出場校決定戦),硬式野球,,,一回戦出場,一般財団法人 東京都高等学校野球連盟 試合結果
409040,保谷,令和6年度,2025(令和7年) 春季東京都高等学校野球大会 一次予選,硬式野球,,,二回戦進出,一般財団法人 東京都高等学校野球連盟 試合結果
409040,保谷,令和7年度,2025(令和7年) 秋季東京都高等学校野球大会 一次予選,硬式野球,,,二回戦進出,一般財団法人 東京都高等学校野球連盟 試合結果
403250,光丘,令和4年度,2022(令和4年)年度 秋季東京都高等学校野球大会 一次予選,硬式野球,,,一回戦出場,一般財団法人 東京都高等学校野球連盟 試合結果
403250,光丘,令和4年度,2023(令和5年) 春季東京都高等学校野球大会 一次予選,硬式野球,,,一回戦出場,一般財団法人 東京都高等学校野球連盟 試合結果
403250,光丘,令和5年度,2023(令和5年) 秋季東京都高等学校野球大会 一次予選,硬式野球,,,一回戦出場,一般財団法人 東京都高等学校野球連盟 試合結果
403250,光丘,令和5年度,2024(令和6年) 春季東京都高等学校野球大会 一次予選,硬式野球,,,一回戦出場,一般財団法人 東京都高等学校野球連盟 試合結果
403250,光丘,令和6年度,2024(令和6年) 秋季東京都高等学校野球大会 一次予選,硬式野球,,,一回戦出場,一般財団法人 東京都高等学校野球連盟 試合結果
403250,光丘,令和6年度,2025(令和7年) 春季東京都高等学校野球大会 一次予選,硬式野球,,,一回戦出場,一般財団法人 東京都高等学校野球連盟 試合結果
403250,光丘,令和7年度,2025(令和7年) 秋季東京都高等学校野球大会 一次予選,硬式野球,,,一回戦出場,一般財団法人 東京都高等学校野球連盟 試合結果
403250,光丘,令和8年度,2026(令和8年) 春季東京都高等学校野球大会 (兼関東地区高等学校野球大会出場校決定戦),硬式野球,,,二回戦進出,一般財団法人 東京都高等学校野球連盟 試合結果
403250,光丘,令和7年度,2026(令和8年) 春季東京都高等学校野球大会 一次予選,硬式野球,,,二回戦進出,一般財団法人 東京都高等学校野球連盟 試合結果
413010,八丈,令和4年度,2022(令和4年)年度 秋季東京都高等学校野球大会 一次予選,硬式野球,,,一回戦出場,一般財団法人 東京都高等学校野球連盟 試合結果
413010,八丈,令和4年度,2023(令和5年) 春季東京都高等学校野球大会 一次予選,硬式野球,,,二回戦進出,一般財団法人 東京都高等学校野球連盟 試合結果
413010,八丈,令和5年度,2023(令和5年) 秋季東京都高等学校野球大会 一次予選,硬式野球,,,二回戦進出,一般財団法人 東京都高等学校野球連盟 試合結果
413010,八丈,令和5年度,2024(令和6年) 春季東京都高等学校野球大会 一次予選,硬式野球,,,一回戦出場,一般財団法人 東京都高等学校野球連盟 試合結果
413010,八丈,令和6年度,2024(令和6年) 秋季東京都高等学校野球大会 一次予選,硬式野球,,,一回戦出場,一般財団法人 東京都高等学校野球連盟 試合結果
413010,八丈,令和6年度,2025(令和7年) 春季東京都高等学校野球大会 一次予選,硬式野球,,,二回戦進出,一般財団法人 東京都高等学校野球連盟 試合結果
413010,八丈,令和7年度,2025(令和7年) 秋季東京都高等学校野球大会 一次予選,硬式野球,,,一回戦出場,一般財団法人 東京都高等学校野球連盟 試合結果
413010,八丈,令和5年度,第105回全国高等学校野球選手権記念大会 東東京大会,硬式野球,,,二回戦進出,一般財団法人 東京都高等学校野球連盟 試合結果
413010,八丈,令和6年度,第106回全国高等学校野球選手権大会 東東京大会,硬式野球,,,三回戦進出,一般財団法人 東京都高等学校野球連盟 試合結果
413010,八丈,令和7年度,第107回全国高等学校野球選手権大会 東東京大会,硬式野球,,,三回戦進出,一般財団法人 東京都高等学校野球連盟 試合結果
413010,八丈,令和8年度,第108回全国高等学校野球選手権大会 東東京大会,硬式野球,,,二回戦進出,一般財団法人 東京都高等学校野球連盟 試合結果
407050,八王子北,令和4年度,2022(令和4年)年度 秋季東京都高等学校野球大会 一次予選,硬式野球,,,二回戦進出,一般財団法人 東京都高等学校野球連盟 試合結果
407050,八王子北,令和5年度,2023(令和5年) 春季東京都高等学校野球大会 (兼関東地区高等学校野球大会出場校決定戦),硬式野球,,,一回戦出場,一般財団法人 東京都高等学校野球連盟 試合結果
407050,八王子北,令和4年度,2023(令和5年) 春季東京都高等学校野球大会 一次予選,硬式野球,,,二回戦進出,一般財団法人 東京都高等学校野球連盟 試合結果
407050,八王子北,令和5年度,2023(令和5年) 秋季東京都高等学校野球大会,硬式野球,,,一回戦出場,一般財団法人 東京都高等学校野球連盟 試合結果
407050,八王子北,令和5年度,2023(令和5年) 秋季東京都高等学校野球大会 一次予選,硬式野球,,,二回戦進出,一般財団法人 東京都高等学校野球連盟 試合結果
407050,八王子北,令和6年度,2024(令和6年) 春季東京都高等学校野球大会 (兼関東地区高等学校野球大会出場校決定戦),硬式野球,,,二回戦進出,一般財団法人 東京都高等学校野球連盟 試合結果
407050,八王子北,令和6年度,2024(令和6年) 秋季東京都高等学校野球大会 一次予選,硬式野球,,,二回戦進出,一般財団法人 東京都高等学校野球連盟 試合結果
407050,八王子北,令和6年度,2025(令和7年) 春季東京都高等学校野球大会 一次予選,硬式野球,,,一回戦出場,一般財団法人 東京都高等学校野球連盟 試合結果
407050,八王子北,令和7年度,2025(令和7年) 秋季東京都高等学校野球大会 一次予選,硬式野球,,,一回戦出場,一般財団法人 東京都高等学校野球連盟 試合結果
407050,八王子北,令和8年度,2026(令和8年) 春季東京都高等学校野球大会 (兼関東地区高等学校野球大会出場校決定戦),硬式野球,,,二回戦進出,一般財団法人 東京都高等学校野球連盟 試合結果
407050,八王子北,令和7年度,2026(令和8年) 春季東京都高等学校野球大会 一次予選,硬式野球,,,二回戦進出,一般財団法人 東京都高等学校野球連盟 試合結果
407910,八王子桑志,令和4年度,2022(令和4年)年度 秋季東京都高等学校野球大会 一次予選,硬式野球,,,一回戦出場,一般財団法人 東京都高等学校野球連盟 試合結果
407910,八王子桑志,令和5年度,2023(令和5年) 春季東京都高等学校野球大会 (兼関東地区高等学校野球大会出場校決定戦),硬式野球,,,一回戦出場,一般財団法人 東京都高等学校野球連盟 試合結果
407910,八王子桑志,令和5年度,2023(令和5年) 秋季東京都高等学校野球大会 一次予選,硬式野球,,,一回戦出場,一般財団法人 東京都高等学校野球連盟 試合結果
407910,八王子桑志,令和5年度,2024(令和6年) 春季東京都高等学校野球大会 一次予選,硬式野球,,,二回戦進出,一般財団法人 東京都高等学校野球連盟 試合結果
407910,八王子桑志,令和6年度,2024(令和6年) 秋季東京都高等学校野球大会 一次予選,硬式野球,,,一回戦出場,一般財団法人 東京都高等学校野球連盟 試合結果
407910,八王子桑志,令和7年度,2025(令和7年) 秋季東京都高等学校野球大会 一次予選,硬式野球,,,一回戦出場,一般財団法人 東京都高等学校野球連盟 試合結果
407910,八王子桑志,令和7年度,2026(令和8年) 春季東京都高等学校野球大会 一次予選,硬式野球,,,一回戦出場,一般財団法人 東京都高等学校野球連盟 試合結果
401510,六郷工科,令和4年度,2023(令和5年) 春季東京都高等学校野球大会 一次予選,硬式野球,,,一回戦出場,一般財団法人 東京都高等学校野球連盟 試合結果
401510,六郷工科,令和5年度,2023(令和5年) 秋季東京都高等学校野球大会 一次予選,硬式野球,,,一回戦出場,一般財団法人 東京都高等学校野球連盟 試合結果
401510,六郷工科,令和6年度,2024(令和6年) 秋季東京都高等学校野球大会 一次予選,硬式野球,,,一回戦出場,一般財団法人 東京都高等学校野球連盟 試合結果
401510,六郷工科,令和6年度,2025(令和7年) 春季東京都高等学校野球大会 一次予選,硬式野球,,,一回戦出場,一般財団法人 東京都高等学校野球連盟 試合結果
401510,六郷工科,令和7年度,2025(令和7年) 秋季東京都高等学校野球大会 一次予選,硬式野球,,,一回戦出場,一般財団法人 東京都高等学校野球連盟 試合結果
401510,六郷工科,令和7年度,2026(令和8年) 春季東京都高等学校野球大会 一次予選,硬式野球,,,一回戦出場,一般財団法人 東京都高等学校野球連盟 試合結果
401510,六郷工科,令和5年度,第105回全国高等学校野球選手権記念大会 東東京大会,硬式野球,,,二回戦進出,一般財団法人 東京都高等学校野球連盟 試合結果
401510,六郷工科,令和6年度,第106回全国高等学校野球選手権大会 東東京大会,硬式野球,,,二回戦進出,一般財団法人 東京都高等学校野球連盟 試合結果
401510,六郷工科,令和7年度,第107回全国高等学校野球選手権大会 東東京大会,硬式野球,,,二回戦進出,一般財団法人 東京都高等学校野球連盟 試合結果
401510,六郷工科,令和8年度,第108回全国高等学校野球選手権大会 東東京大会,硬式野球,,,二回戦進出,一般財団法人 東京都高等学校野球連盟 試合結果
404730,北豊島工科,令和5年度,2023(令和5年) 秋季東京都高等学校野球大会 一次予選,硬式野球,,,一回戦出場,一般財団法人 東京都高等学校野球連盟 試合結果
404730,北豊島工科,令和5年度,2024(令和6年) 春季東京都高等学校野球大会 一次予選,硬式野球,,,一回戦出場,一般財団法人 東京都高等学校野球連盟 試合結果
404730,北豊島工科,令和6年度,2024(令和6年) 秋季東京都高等学校野球大会 一次予選,硬式野球,,,一回戦出場,一般財団法人 東京都高等学校野球連盟 試合結果
404730,北豊島工科,令和6年度,2025(令和7年) 春季東京都高等学校野球大会 一次予選,硬式野球,,,一回戦出場,一般財団法人 東京都高等学校野球連盟 試合結果
404730,北豊島工科,令和7年度,2025(令和7年) 秋季東京都高等学校野球大会 一次予選,硬式野球,,,一回戦出場,一般財団法人 東京都高等学校野球連盟 試合結果
404730,北豊島工科,令和7年度,2026(令和8年) 春季東京都高等学校野球大会 一次予選,硬式野球,,,二回戦進出,一般財団法人 東京都高等学校野球連盟 試合結果
404730,北豊島工科,令和5年度,第105回全国高等学校野球選手権記念大会 東東京大会,硬式野球,,,二回戦進出,一般財団法人 東京都高等学校野球連盟 試合結果
404730,北豊島工科,令和6年度,第106回全国高等学校野球選手権大会 東東京大会,硬式野球,,,二回戦進出,一般財団法人 東京都高等学校野球連盟 試合結果
404730,北豊島工科,令和7年度,第107回全国高等学校野球選手権大会 東東京大会,硬式野球,,,二回戦進出,一般財団法人 東京都高等学校野球連盟 試合結果
404730,北豊島工科,令和8年度,第108回全国高等学校野球選手権大会 東東京大会,硬式野球,,,一回戦出場,一般財団法人 東京都高等学校野球連盟 試合結果
404640,千早,令和4年度,2022(令和4年)年度 秋季東京都高等学校野球大会 一次予選,硬式野球,,,一回戦出場,一般財団法人 東京都高等学校野球連盟 試合結果
404640,千早,令和4年度,2023(令和5年) 春季東京都高等学校野球大会 一次予選,硬式野球,,,一回戦出場,一般財団法人 東京都高等学校野球連盟 試合結果
404640,千早,令和5年度,2023(令和5年) 秋季東京都高等学校野球大会 一次予選,硬式野球,,,一回戦出場,一般財団法人 東京都高等学校野球連盟 試合結果
404640,千早,令和5年度,2024(令和6年) 春季東京都高等学校野球大会 一次予選,硬式野球,,,一回戦出場,一般財団法人 東京都高等学校野球連盟 試合結果
404640,千早,令和6年度,2024(令和6年) 秋季東京都高等学校野球大会 一次予選,硬式野球,,,一回戦出場,一般財団法人 東京都高等学校野球連盟 試合結果
404640,千早,令和6年度,2025(令和7年) 春季東京都高等学校野球大会 一次予選,硬式野球,,,一回戦出場,一般財団法人 東京都高等学校野球連盟 試合結果
404640,千早,令和7年度,2025(令和7年) 秋季東京都高等学校野球大会 一次予選,硬式野球,,,一回戦出場,一般財団法人 東京都高等学校野球連盟 試合結果
404640,千早,令和7年度,2026(令和8年) 春季東京都高等学校野球大会 一次予選,硬式野球,,,一回戦出場,一般財団法人 東京都高等学校野球連盟 試合結果
404640,千早,令和5年度,第105回全国高等学校野球選手権記念大会 東東京大会,硬式野球,,,二回戦進出,一般財団法人 東京都高等学校野球連盟 試合結果
404640,千早,令和6年度,第106回全国高等学校野球選手権大会 東東京大会,硬式野球,,,二回戦進出,一般財団法人 東京都高等学校野球連盟 試合結果
404640,千早,令和7年度,第107回全国高等学校野球選手権大会 東東京大会,硬式野球,,,二回戦進出,一般財団法人 東京都高等学校野球連盟 試合結果
404640,千早,令和8年度,第108回全国高等学校野球選手権大会 東東京大会,硬式野球,,,二回戦進出,一般財団法人 東京都高等学校野球連盟 試合結果
402250,千歳丘,令和4年度,2022(令和4年)年度 秋季東京都高等学校野球大会 一次予選,硬式野球,,,一回戦出場,一般財団法人 東京都高等学校野球連盟 試合結果
402250,千歳丘,令和5年度,2023(令和5年) 春季東京都高等学校野球大会 (兼関東地区高等学校野球大会出場校決定戦),硬式野球,,,一回戦出場,一般財団法人 東京都高等学校野球連盟 試合結果
402250,千歳丘,令和5年度,2023(令和5年) 秋季東京都高等学校野球大会 一次予選,硬式野球,,,二回戦進出,一般財団法人 東京都高等学校野球連盟 試合結果
402250,千歳丘,令和6年度,2024(令和6年) 秋季東京都高等学校野球大会 一次予選,硬式野球,,,一回戦出場,一般財団法人 東京都高等学校野球連盟 試合結果
402250,千歳丘,令和6年度,2025(令和7年) 春季東京都高等学校野球大会 一次予選,硬式野球,,,二回戦進出,一般財団法人 東京都高等学校野球連盟 試合結果
402250,千歳丘,令和7年度,2025(令和7年) 秋季東京都高等学校野球大会,硬式野球,,,一回戦出場,一般財団法人 東京都高等学校野球連盟 試合結果
402250,千歳丘,令和7年度,2025(令和7年) 秋季東京都高等学校野球大会 一次予選,硬式野球,,,二回戦進出,一般財団法人 東京都高等学校野球連盟 試合結果
402250,千歳丘,令和8年度,2026(令和8年) 春季東京都高等学校野球大会 (兼関東地区高等学校野球大会出場校決定戦),硬式野球,,,二回戦進出,一般財団法人 東京都高等学校野球連盟 試合結果
407100,南平,令和4年度,2022(令和4年)年度 秋季東京都高等学校野球大会 一次予選,硬式野球,,,二回戦進出,一般財団法人 東京都高等学校野球連盟 試合結果
407100,南平,令和5年度,2023(令和5年) 春季東京都高等学校野球大会 (兼関東地区高等学校野球大会出場校決定戦),硬式野球,,,一回戦出場,一般財団法人 東京都高等学校野球連盟 試合結果
407100,南平,令和4年度,2023(令和5年) 春季東京都高等学校野球大会 一次予選,硬式野球,,,二回戦進出,一般財団法人 東京都高等学校野球連盟 試合結果
407100,南平,令和5年度,2023(令和5年) 秋季東京都高等学校野球大会 一次予選,硬式野球,,,二回戦進出,一般財団法人 東京都高等学校野球連盟 試合結果
407100,南平,令和6年度,2024(令和6年) 秋季東京都高等学校野球大会 一次予選,硬式野球,,,二回戦進出,一般財団法人 東京都高等学校野球連盟 試合結果
407100,南平,令和6年度,2025(令和7年) 春季東京都高等学校野球大会 一次予選,硬式野球,,,二回戦進出,一般財団法人 東京都高等学校野球連盟 試合結果
407100,南平,令和7年度,2025(令和7年) 秋季東京都高等学校野球大会 一次予選,硬式野球,,,二回戦進出,一般財団法人 東京都高等学校野球連盟 試合結果
407100,南平,令和7年度,2026(令和8年) 春季東京都高等学校野球大会 一次予選,硬式野球,,,一回戦出場,一般財団法人 東京都高等学校野球連盟 試合結果
406050,南葛飾,令和4年度,2022(令和4年)年度 秋季東京都高等学校野球大会 一次予選,硬式野球,,,一回戦出場,一般財団法人 東京都高等学校野球連盟 試合結果
406050,南葛飾,令和4年度,2023(令和5年) 春季東京都高等学校野球大会 一次予選,硬式野球,,,一回戦出場,一般財団法人 東京都高等学校野球連盟 試合結果
406050,南葛飾,令和5年度,2023(令和5年) 秋季東京都高等学校野球大会 一次予選,硬式野球,,,一回戦出場,一般財団法人 東京都高等学校野球連盟 試合結果
406050,南葛飾,令和6年度,2024(令和6年) 秋季東京都高等学校野球大会 一次予選,硬式野球,,,一回戦出場,一般財団法人 東京都高等学校野球連盟 試合結果
406050,南葛飾,令和6年度,2025(令和7年) 春季東京都高等学校野球大会 一次予選,硬式野球,,,一回戦出場,一般財団法人 東京都高等学校野球連盟 試合結果
406050,南葛飾,令和7年度,2026(令和8年) 春季東京都高等学校野球大会 一次予選,硬式野球,,,一回戦出場,一般財団法人 東京都高等学校野球連盟 試合結果
406050,南葛飾,令和5年度,第105回全国高等学校野球選手権記念大会 東東京大会,硬式野球,,,二回戦進出,一般財団法人 東京都高等学校野球連盟 試合結果
406050,南葛飾,令和6年度,第106回全国高等学校野球選手権大会 東東京大会,硬式野球,,,二回戦進出,一般財団法人 東京都高等学校野球連盟 試合結果
406050,南葛飾,令和7年度,第107回全国高等学校野球選手権大会 東東京大会,硬式野球,,,三回戦進出,一般財団法人 東京都高等学校野球連盟 試合結果
406050,南葛飾,令和8年度,第108回全国高等学校野球選手権大会 東東京大会,硬式野球,,,二回戦進出,一般財団法人 東京都高等学校野球連盟 試合結果
409240,国分寺,令和4年度,2022(令和4年) 秋季東京都高等学校野球大会,硬式野球,,,一回戦出場,一般財団法人 東京都高等学校野球連盟 試合結果
409240,国分寺,令和4年度,2022(令和4年)年度 秋季東京都高等学校野球大会 一次予選,硬式野球,,,二回戦進出,一般財団法人 東京都高等学校野球連盟 試合結果
409240,国分寺,令和5年度,2023(令和5年) 春季東京都高等学校野球大会 (兼関東地区高等学校野球大会出場校決定戦),硬式野球,,,二回戦進出,一般財団法人 東京都高等学校野球連盟 試合結果
409240,国分寺,令和5年度,2023(令和5年) 秋季東京都高等学校野球大会 一次予選,硬式野球,,,一回戦出場,一般財団法人 東京都高等学校野球連盟 試合結果
409240,国分寺,令和6年度,2024(令和6年) 春季東京都高等学校野球大会 (兼関東地区高等学校野球大会出場校決定戦),硬式野球,,,一回戦出場,一般財団法人 東京都高等学校野球連盟 試合結果
409240,国分寺,令和5年度,2024(令和6年) 春季東京都高等学校野球大会 一次予選,硬式野球,,,二回戦進出,一般財団法人 東京都高等学校野球連盟 試合結果
409240,国分寺,令和6年度,2024(令和6年) 秋季東京都高等学校野球大会 一次予選,硬式野球,,,一回戦出場,一般財団法人 東京都高等学校野球連盟 試合結果
409240,国分寺,令和7年度,2025(令和7年) 春季東京都高等学校野球大会 (兼関東地区高等学校野球大会出場校決定戦),硬式野球,,,一回戦出場,一般財団法人 東京都高等学校野球連盟 試合結果
409240,国分寺,令和6年度,2025(令和7年) 春季東京都高等学校野球大会 一次予選,硬式野球,,,二回戦進出,一般財団法人 東京都高等学校野球連盟 試合結果
409240,国分寺,令和7年度,2025(令和7年) 秋季東京都高等学校野球大会 一次予選,硬式野球,,,一回戦出場,一般財団法人 東京都高等学校野球連盟 試合結果
409240,国分寺,令和7年度,2026(令和8年) 春季東京都高等学校野球大会 一次予選,硬式野球,,,一回戦出場,一般財団法人 東京都高等学校野球連盟 試合結果
410240,国立,令和4年度,2022(令和4年)年度 秋季東京都高等学校野球大会 一次予選,硬式野球,,,一回戦出場,一般財団法人 東京都高等学校野球連盟 試合結果
410240,国立,令和5年度,2023(令和5年) 春季東京都高等学校野球大会 (兼関東地区高等学校野球大会出場校決定戦),硬式野球,,,一回戦出場,一般財団法人 東京都高等学校野球連盟 試合結果
410240,国立,令和5年度,2023(令和5年) 秋季東京都高等学校野球大会 一次予選,硬式野球,,,二回戦進出,一般財団法人 東京都高等学校野球連盟 試合結果
410240,国立,令和6年度,2024(令和6年) 春季東京都高等学校野球大会 (兼関東地区高等学校野球大会出場校決定戦),硬式野球,,,二回戦進出,一般財団法人 東京都高等学校野球連盟 試合結果
410240,国立,令和6年度,2024(令和6年) 秋季東京都高等学校野球大会,硬式野球,,,一回戦出場,一般財団法人 東京都高等学校野球連盟 試合結果
410240,国立,令和6年度,2024(令和6年) 秋季東京都高等学校野球大会 一次予選,硬式野球,,,二回戦進出,一般財団法人 東京都高等学校野球連盟 試合結果
410240,国立,令和7年度,2025(令和7年) 春季東京都高等学校野球大会 (兼関東地区高等学校野球大会出場校決定戦),硬式野球,,,一回戦出場,一般財団法人 東京都高等学校野球連盟 試合結果
410240,国立,令和7年度,2026(令和8年) 春季東京都高等学校野球大会 一次予選,硬式野球,,,一回戦出場,一般財団法人 東京都高等学校野球連盟 試合結果
402930,国際,令和4年度,2022(令和4年)年度 秋季東京都高等学校野球大会 一次予選,硬式野球,,,一回戦出場,一般財団法人 東京都高等学校野球連盟 試合結果
402930,国際,令和4年度,2023(令和5年) 春季東京都高等学校野球大会 一次予選,硬式野球,,,一回戦出場,一般財団法人 東京都高等学校野球連盟 試合結果
402930,国際,令和5年度,2023(令和5年) 秋季東京都高等学校野球大会 一次予選,硬式野球,,,一回戦出場,一般財団法人 東京都高等学校野球連盟 試合結果
402930,国際,令和5年度,2024(令和6年) 春季東京都高等学校野球大会 一次予選,硬式野球,,,一回戦出場,一般財団法人 東京都高等学校野球連盟 試合結果
402930,国際,令和6年度,2024(令和6年) 秋季東京都高等学校野球大会 一次予選,硬式野球,,,二回戦進出,一般財団法人 東京都高等学校野球連盟 試合結果
402930,国際,令和6年度,2025(令和7年) 春季東京都高等学校野球大会 一次予選,硬式野球,,,二回戦進出,一般財団法人 東京都高等学校野球連盟 試合結果
402930,国際,令和7年度,2025(令和7年) 秋季東京都高等学校野球大会 一次予選,硬式野球,,,一回戦出場,一般財団法人 東京都高等学校野球連盟 試合結果
402930,国際,令和7年度,2026(令和8年) 春季東京都高等学校野球大会 一次予選,硬式野球,,,二回戦進出,一般財団法人 東京都高等学校野球連盟 試合結果
402930,国際,令和5年度,第105回全国高等学校野球選手権記念大会 東東京大会,硬式野球,,,三回戦進出,一般財団法人 東京都高等学校野球連盟 試合結果
402930,国際,令和6年度,第106回全国高等学校野球選手権大会 東東京大会,硬式野球,,,二回戦進出,一般財団法人 東京都高等学校野球連盟 試合結果
402930,国際,令和7年度,第107回全国高等学校野球選手権大会 東東京大会,硬式野球,,,二回戦進出,一般財団法人 東京都高等学校野球連盟 試合結果
402930,国際,令和8年度,第108回全国高等学校野球選手権大会 東東京大会,硬式野球,,,二回戦進出,一般財団法人 東京都高等学校野球連盟 試合結果
406230,城東,令和4年度,2022(令和4年)年度 秋季東京都高等学校野球大会 一次予選,硬式野球,,,二回戦進出,一般財団法人 東京都高等学校野球連盟 試合結果
406230,城東,令和5年度,2023(令和5年) 春季東京都高等学校野球大会 (兼関東地区高等学校野球大会出場校決定戦),硬式野球,,,二回戦進出,一般財団法人 東京都高等学校野球連盟 試合結果
406230,城東,令和4年度,2023(令和5年) 春季東京都高等学校野球大会 一次予選,硬式野球,,,二回戦進出,一般財団法人 東京都高等学校野球連盟 試合結果
406230,城東,令和6年度,2024(令和6年) 春季東京都高等学校野球大会 (兼関東地区高等学校野球大会出場校決定戦),硬式野球,,,一回戦出場,一般財団法人 東京都高等学校野球連盟 試合結果
406230,城東,令和5年度,2024(令和6年) 春季東京都高等学校野球大会 一次予選,硬式野球,,,二回戦進出,一般財団法人 東京都高等学校野球連盟 試合結果
406230,城東,令和6年度,2024(令和6年) 秋季東京都高等学校野球大会 一次予選,硬式野球,,,一回戦出場,一般財団法人 東京都高等学校野球連盟 試合結果
406230,城東,令和7年度,2025(令和7年) 秋季東京都高等学校野球大会,硬式野球,,,三回戦進出,一般財団法人 東京都高等学校野球連盟 試合結果
406230,城東,令和7年度,2025(令和7年) 秋季東京都高等学校野球大会 一次予選,硬式野球,,,二回戦進出,一般財団法人 東京都高等学校野球連盟 試合結果
406230,城東,令和8年度,2026(令和8年) 春季東京都高等学校野球大会 (兼関東地区高等学校野球大会出場校決定戦),硬式野球,,,三回戦進出,一般財団法人 東京都高等学校野球連盟 試合結果
406230,城東,令和5年度,第105回全国高等学校野球選手権記念大会 東東京大会,硬式野球,,,五回戦進出,一般財団法人 東京都高等学校野球連盟 試合結果
406230,城東,令和6年度,第106回全国高等学校野球選手権大会 東東京大会,硬式野球,,,四回戦進出,一般財団法人 東京都高等学校野球連盟 試合結果
406230,城東,令和7年度,第107回全国高等学校野球選手権大会 東東京大会,硬式野球,,,四回戦進出,一般財団法人 東京都高等学校野球連盟 試合結果
406230,城東,令和8年度,第108回全国高等学校野球選手権大会 東東京大会,硬式野球,,,四回戦進出,一般財団法人 東京都高等学校野球連盟 試合結果
406730,墨田工科,令和5年度,2023(令和5年) 秋季東京都高等学校野球大会 一次予選,硬式野球,,,二回戦進出,一般財団法人 東京都高等学校野球連盟 試合結果
406730,墨田工科,令和5年度,2024(令和6年) 春季東京都高等学校野球大会 一次予選,硬式野球,,,一回戦出場,一般財団法人 東京都高等学校野球連盟 試合結果
406730,墨田工科,令和6年度,2024(令和6年) 秋季東京都高等学校野球大会 一次予選,硬式野球,,,一回戦出場,一般財団法人 東京都高等学校野球連盟 試合結果
406730,墨田工科,令和6年度,2025(令和7年) 春季東京都高等学校野球大会 一次予選,硬式野球,,,二回戦進出,一般財団法人 東京都高等学校野球連盟 試合結果
406730,墨田工科,令和7年度,2025(令和7年) 秋季東京都高等学校野球大会 一次予選,硬式野球,,,二回戦進出,一般財団法人 東京都高等学校野球連盟 試合結果
406730,墨田工科,令和7年度,2026(令和8年) 春季東京都高等学校野球大会 一次予選,硬式野球,,,一回戦出場,一般財団法人 東京都高等学校野球連盟 試合結果
406730,墨田工科,令和5年度,第105回全国高等学校野球選手権記念大会 東東京大会,硬式野球,,,二回戦進出,一般財団法人 東京都高等学校野球連盟 試合結果
406730,墨田工科,令和6年度,第106回全国高等学校野球選手権大会 東東京大会,硬式野球,,,四回戦進出,一般財団法人 東京都高等学校野球連盟 試合結果
406730,墨田工科,令和7年度,第107回全国高等学校野球選手権大会 東東京大会,硬式野球,,,三回戦進出,一般財団法人 東京都高等学校野球連盟 試合結果
406730,墨田工科,令和8年度,第108回全国高等学校野球選手権大会 東東京大会,硬式野球,,,三回戦進出,一般財団法人 東京都高等学校野球連盟 試合結果
408210,多摩,令和4年度,2022(令和4年)年度 秋季東京都高等学校野球大会 一次予選,硬式野球,,,一回戦出場,一般財団法人 東京都高等学校野球連盟 試合結果
408210,多摩,令和5年度,2023(令和5年) 秋季東京都高等学校野球大会 一次予選,硬式野球,,,二回戦進出,一般財団法人 東京都高等学校野球連盟 試合結果
408210,多摩,令和5年度,2024(令和6年) 春季東京都高等学校野球大会 一次予選,硬式野球,,,一回戦出場,一般財団法人 東京都高等学校野球連盟 試合結果
408210,多摩,令和6年度,2024(令和6年) 秋季東京都高等学校野球大会 一次予選,硬式野球,,,一回戦出場,一般財団法人 東京都高等学校野球連盟 試合結果
408210,多摩,令和6年度,2025(令和7年) 春季東京都高等学校野球大会 一次予選,硬式野球,,,一回戦出場,一般財団法人 東京都高等学校野球連盟 試合結果
408210,多摩,令和7年度,2025(令和7年) 秋季東京都高等学校野球大会 一次予選,硬式野球,,,二回戦進出,一般財団法人 東京都高等学校野球連盟 試合結果
408210,多摩,令和7年度,2026(令和8年) 春季東京都高等学校野球大会 一次予選,硬式野球,,,一回戦出場,一般財団法人 東京都高等学校野球連盟 試合結果
408710,多摩工科,令和5年度,2023(令和5年) 秋季東京都高等学校野球大会 一次予選,硬式野球,,,一回戦出場,一般財団法人 東京都高等学校野球連盟 試合結果
408710,多摩工科,令和5年度,2024(令和6年) 春季東京都高等学校野球大会 一次予選,硬式野球,,,二回戦進出,一般財団法人 東京都高等学校野球連盟 試合結果
408710,多摩工科,令和6年度,2024(令和6年) 秋季東京都高等学校野球大会 一次予選,硬式野球,,,一回戦出場,一般財団法人 東京都高等学校野球連盟 試合結果
408710,多摩工科,令和6年度,2025(令和7年) 春季東京都高等学校野球大会 一次予選,硬式野球,,,二回戦進出,一般財団法人 東京都高等学校野球連盟 試合結果
408710,多摩工科,令和7年度,2025(令和7年) 秋季東京都高等学校野球大会,硬式野球,,,一回戦出場,一般財団法人 東京都高等学校野球連盟 試合結果
408710,多摩工科,令和7年度,2025(令和7年) 秋季東京都高等学校野球大会 一次予選,硬式野球,,,二回戦進出,一般財団法人 東京都高等学校野球連盟 試合結果
408710,多摩工科,令和8年度,2026(令和8年) 春季東京都高等学校野球大会 (兼関東地区高等学校野球大会出場校決定戦),硬式野球,,,一回戦出場,一般財団法人 東京都高等学校野球連盟 試合結果
404250,大山,令和4年度,2023(令和5年) 春季東京都高等学校野球大会 一次予選,硬式野球,,,一回戦出場,一般財団法人 東京都高等学校野球連盟 試合結果
404250,大山,令和5年度,2023(令和5年) 秋季東京都高等学校野球大会 一次予選,硬式野球,,,一回戦出場,一般財団法人 東京都高等学校野球連盟 試合結果
404250,大山,令和5年度,2024(令和6年) 春季東京都高等学校野球大会 一次予選,硬式野球,,,一回戦出場,一般財団法人 東京都高等学校野球連盟 試合結果
404250,大山,令和6年度,2024(令和6年) 秋季東京都高等学校野球大会 一次予選,硬式野球,,,一回戦出場,一般財団法人 東京都高等学校野球連盟 試合結果
404250,大山,令和7年度,2025(令和7年) 春季東京都高等学校野球大会 (兼関東地区高等学校野球大会出場校決定戦),硬式野球,,,一回戦出場,一般財団法人 東京都高等学校野球連盟 試合結果
404250,大山,令和6年度,2025(令和7年) 春季東京都高等学校野球大会 一次予選,硬式野球,,,二回戦進出,一般財団法人 東京都高等学校野球連盟 試合結果
404250,大山,令和7年度,2025(令和7年) 秋季東京都高等学校野球大会 一次予選,硬式野球,,,一回戦出場,一般財団法人 東京都高等学校野球連盟 試合結果
404250,大山,令和7年度,2026(令和8年) 春季東京都高等学校野球大会 一次予選,硬式野球,,,一回戦出場,一般財団法人 東京都高等学校野球連盟 試合結果
404250,大山,令和5年度,第105回全国高等学校野球選手権記念大会 東東京大会,硬式野球,,,一回戦出場,一般財団法人 東京都高等学校野球連盟 試合結果
404250,大山,令和6年度,第106回全国高等学校野球選手権大会 東東京大会,硬式野球,,,二回戦進出,一般財団法人 東京都高等学校野球連盟 試合結果
404250,大山,令和7年度,第107回全国高等学校野球選手権大会 東東京大会,硬式野球,,,二回戦進出,一般財団法人 東京都高等学校野球連盟 試合結果
404250,大山,令和8年度,第108回全国高等学校野球選手権大会 東東京大会,硬式野球,,,三回戦進出,一般財団法人 東京都高等学校野球連盟 試合結果
411010,大島,令和4年度,2022(令和4年)年度 秋季東京都高等学校野球大会 一次予選,硬式野球,,,一回戦出場,一般財団法人 東京都高等学校野球連盟 試合結果
411010,大島,令和4年度,2023(令和5年) 春季東京都高等学校野球大会 一次予選,硬式野球,,,一回戦出場,一般財団法人 東京都高等学校野球連盟 試合結果
411010,大島,令和5年度,2023(令和5年) 秋季東京都高等学校野球大会 一次予選,硬式野球,,,一回戦出場,一般財団法人 東京都高等学校野球連盟 試合結果
411010,大島,令和5年度,2024(令和6年) 春季東京都高等学校野球大会 一次予選,硬式野球,,,一回戦出場,一般財団法人 東京都高等学校野球連盟 試合結果
411010,大島,令和6年度,2024(令和6年) 秋季東京都高等学校野球大会 一次予選,硬式野球,,,一回戦出場,一般財団法人 東京都高等学校野球連盟 試合結果
411010,大島,令和7年度,2025(令和7年) 秋季東京都高等学校野球大会 一次予選,硬式野球,,,一回戦出場,一般財団法人 東京都高等学校野球連盟 試合結果
411010,大島,令和7年度,2026(令和8年) 春季東京都高等学校野球大会 一次予選,硬式野球,,,二回戦進出,一般財団法人 東京都高等学校野球連盟 試合結果
411010,大島,令和5年度,第105回全国高等学校野球選手権記念大会 東東京大会,硬式野球,,,三回戦進出,一般財団法人 東京都高等学校野球連盟 試合結果
411010,大島,令和6年度,第106回全国高等学校野球選手権大会 東東京大会,硬式野球,,,二回戦進出,一般財団法人 東京都高等学校野球連盟 試合結果
411010,大島,令和7年度,第107回全国高等学校野球選手権大会 東東京大会,硬式野球,,,二回戦進出,一般財団法人 東京都高等学校野球連盟 試合結果
411010,大島,令和8年度,第108回全国高等学校野球選手権大会 東東京大会,硬式野球,,,二回戦進出,一般財団法人 東京都高等学校野球連盟 試合結果
411910,大島海洋国際,令和4年度,2022(令和4年)年度 秋季東京都高等学校野球大会 一次予選,硬式野球,,,一回戦出場,一般財団法人 東京都高等学校野球連盟 試合結果
411910,大島海洋国際,令和4年度,2023(令和5年) 春季東京都高等学校野球大会 一次予選,硬式野球,,,一回戦出場,一般財団法人 東京都高等学校野球連盟 試合結果
411910,大島海洋国際,令和6年度,2024(令和6年) 秋季東京都高等学校野球大会 一次予選,硬式野球,,,一回戦出場,一般財団法人 東京都高等学校野球連盟 試合結果
411910,大島海洋国際,令和6年度,2025(令和7年) 春季東京都高等学校野球大会 一次予選,硬式野球,,,一回戦出場,一般財団法人 東京都高等学校野球連盟 試合結果
411910,大島海洋国際,令和7年度,2025(令和7年) 秋季東京都高等学校野球大会 一次予選,硬式野球,,,一回戦出場,一般財団法人 東京都高等学校野球連盟 試合結果
411910,大島海洋国際,令和7年度,2026(令和8年) 春季東京都高等学校野球大会 一次予選,硬式野球,,,二回戦進出,一般財団法人 東京都高等学校野球連盟 試合結果
411910,大島海洋国際,令和5年度,第105回全国高等学校野球選手権記念大会 東東京大会,硬式野球,,,三回戦進出,一般財団法人 東京都高等学校野球連盟 試合結果
411910,大島海洋国際,令和6年度,第106回全国高等学校野球選手権大会 東東京大会,硬式野球,,,二回戦進出,一般財団法人 東京都高等学校野球連盟 試合結果
411910,大島海洋国際,令和7年度,第107回全国高等学校野球選手権大会 東東京大会,硬式野球,,,二回戦進出,一般財団法人 東京都高等学校野球連盟 試合結果
411910,大島海洋国際,令和8年度,第108回全国高等学校野球選手権大会 東東京大会,硬式野球,,,一回戦出場,一般財団法人 東京都高等学校野球連盟 試合結果
401210,大崎,令和4年度,2022(令和4年) 秋季東京都高等学校野球大会,硬式野球,,,一回戦出場,一般財団法人 東京都高等学校野球連盟 試合結果
401210,大崎,令和4年度,2022(令和4年)年度 秋季東京都高等学校野球大会 一次予選,硬式野球,,,二回戦進出,一般財団法人 東京都高等学校野球連盟 試合結果
401210,大崎,令和5年度,2023(令和5年) 春季東京都高等学校野球大会 (兼関東地区高等学校野球大会出場校決定戦),硬式野球,,,二回戦進出,一般財団法人 東京都高等学校野球連盟 試合結果
401210,大崎,令和5年度,2023(令和5年) 秋季東京都高等学校野球大会 一次予選,硬式野球,,,一回戦出場,一般財団法人 東京都高等学校野球連盟 試合結果
401210,大崎,令和5年度,2024(令和6年) 春季東京都高等学校野球大会 一次予選,硬式野球,,,一回戦出場,一般財団法人 東京都高等学校野球連盟 試合結果
401210,大崎,令和6年度,2024(令和6年) 秋季東京都高等学校野球大会 一次予選,硬式野球,,,二回戦進出,一般財団法人 東京都高等学校野球連盟 試合結果
401210,大崎,令和6年度,2025(令和7年) 春季東京都高等学校野球大会 一次予選,硬式野球,,,一回戦出場,一般財団法人 東京都高等学校野球連盟 試合結果
401210,大崎,令和7年度,2025(令和7年) 秋季東京都高等学校野球大会 一次予選,硬式野球,,,一回戦出場,一般財団法人 東京都高等学校野球連盟 試合結果
401210,大崎,令和7年度,2026(令和8年) 春季東京都高等学校野球大会 一次予選,硬式野球,,,二回戦進出,一般財団法人 東京都高等学校野球連盟 試合結果
401210,大崎,令和5年度,第105回全国高等学校野球選手権記念大会 東東京大会,硬式野球,,,二回戦進出,一般財団法人 東京都高等学校野球連盟 試合結果
401210,大崎,令和6年度,第106回全国高等学校野球選手権大会 東東京大会,硬式野球,,,三回戦進出,一般財団法人 東京都高等学校野球連盟 試合結果
401210,大崎,令和7年度,第107回全国高等学校野球選手権大会 東東京大会,硬式野球,,,三回戦進出,一般財団法人 東京都高等学校野球連盟 試合結果
401210,大崎,令和8年度,第108回全国高等学校野球選手権大会 東東京大会,硬式野球,,,二回戦進出,一般財団法人 東京都高等学校野球連盟 試合結果
401250,大森,令和4年度,2022(令和4年) 秋季東京都高等学校野球大会,硬式野球,,,一回戦出場,一般財団法人 東京都高等学校野球連盟 試合結果
401250,大森,令和5年度,2023(令和5年) 春季東京都高等学校野球大会 (兼関東地区高等学校野球大会出場校決定戦),硬式野球,,,二回戦進出,一般財団法人 東京都高等学校野球連盟 試合結果
401250,大森,令和5年度,2023(令和5年) 秋季東京都高等学校野球大会 一次予選,硬式野球,,,二回戦進出,一般財団法人 東京都高等学校野球連盟 試合結果
401250,大森,令和5年度,2024(令和6年) 春季東京都高等学校野球大会 一次予選,硬式野球,,,一回戦出場,一般財団法人 東京都高等学校野球連盟 試合結果
401250,大森,令和6年度,2024(令和6年) 秋季東京都高等学校野球大会 一次予選,硬式野球,,,一回戦出場,一般財団法人 東京都高等学校野球連盟 試合結果
401250,大森,令和7年度,2025(令和7年) 春季東京都高等学校野球大会 (兼関東地区高等学校野球大会出場校決定戦),硬式野球,,,一回戦出場,一般財団法人 東京都高等学校野球連盟 試合結果
401250,大森,令和6年度,2025(令和7年) 春季東京都高等学校野球大会 一次予選,硬式野球,,,二回戦進出,一般財団法人 東京都高等学校野球連盟 試合結果
401250,大森,令和7年度,2025(令和7年) 秋季東京都高等学校野球大会 一次予選,硬式野球,,,一回戦出場,一般財団法人 東京都高等学校野球連盟 試合結果
401250,大森,令和7年度,2026(令和8年) 春季東京都高等学校野球大会 一次予選,硬式野球,,,一回戦出場,一般財団法人 東京都高等学校野球連盟 試合結果
401250,大森,令和5年度,第105回全国高等学校野球選手権記念大会 東東京大会,硬式野球,,,二回戦進出,一般財団法人 東京都高等学校野球連盟 試合結果
401250,大森,令和6年度,第106回全国高等学校野球選手権大会 東東京大会,硬式野球,,,二回戦進出,一般財団法人 東京都高等学校野球連盟 試合結果
401250,大森,令和7年度,第107回全国高等学校野球選手権大会 東東京大会,硬式野球,,,二回戦進出,一般財団法人 東京都高等学校野球連盟 試合結果
401250,大森,令和8年度,第108回全国高等学校野球選手権大会 東東京大会,硬式野球,,,二回戦進出,一般財団法人 東京都高等学校野球連盟 試合結果
403230,大泉,令和4年度,2022(令和4年)年度 秋季東京都高等学校野球大会 一次予選,硬式野球,,,一回戦出場,一般財団法人 東京都高等学校野球連盟 試合結果
403230,大泉,令和5年度,2023(令和5年) 春季東京都高等学校野球大会 (兼関東地区高等学校野球大会出場校決定戦),硬式野球,,,二回戦進出,一般財団法人 東京都高等学校野球連盟 試合結果
403230,大泉,令和4年度,2023(令和5年) 春季東京都高等学校野球大会 一次予選,硬式野球,,,二回戦進出,一般財団法人 東京都高等学校野球連盟 試合結果
403230,大泉,令和5年度,2023(令和5年) 秋季東京都高等学校野球大会 一次予選,硬式野球,,,一回戦出場,一般財団法人 東京都高等学校野球連盟 試合結果
403230,大泉,令和5年度,2024(令和6年) 春季東京都高等学校野球大会 一次予選,硬式野球,,,一回戦出場,一般財団法人 東京都高等学校野球連盟 試合結果
403230,大泉,令和6年度,2024(令和6年) 秋季東京都高等学校野球大会 一次予選,硬式野球,,,二回戦進出,一般財団法人 東京都高等学校野球連盟 試合結果
403230,大泉,令和6年度,2025(令和7年) 春季東京都高等学校野球大会 一次予選,硬式野球,,,一回戦出場,一般財団法人 東京都高等学校野球連盟 試合結果
403230,大泉,令和7年度,2025(令和7年) 秋季東京都高等学校野球大会 一次予選,硬式野球,,,一回戦出場,一般財団法人 東京都高等学校野球連盟 試合結果
403230,大泉,令和7年度,2026(令和8年) 春季東京都高等学校野球大会 一次予選,硬式野球,,,一回戦出場,一般財団法人 東京都高等学校野球連盟 試合結果
401620,大田桜台,令和4年度,2022(令和4年)年度 秋季東京都高等学校野球大会 一次予選,硬式野球,,,一回戦出場,一般財団法人 東京都高等学校野球連盟 試合結果
401620,大田桜台,令和4年度,2023(令和5年) 春季東京都高等学校野球大会 一次予選,硬式野球,,,一回戦出場,一般財団法人 東京都高等学校野球連盟 試合結果
401620,大田桜台,令和5年度,2023(令和5年) 秋季東京都高等学校野球大会 一次予選,硬式野球,,,一回戦出場,一般財団法人 東京都高等学校野球連盟 試合結果
401620,大田桜台,令和6年度,2024(令和6年) 秋季東京都高等学校野球大会 一次予選,硬式野球,,,二回戦進出,一般財団法人 東京都高等学校野球連盟 試合結果
401620,大田桜台,令和6年度,2025(令和7年) 春季東京都高等学校野球大会 一次予選,硬式野球,,,一回戦出場,一般財団法人 東京都高等学校野球連盟 試合結果
401620,大田桜台,令和7年度,2025(令和7年) 秋季東京都高等学校野球大会 一次予選,硬式野球,,,二回戦進出,一般財団法人 東京都高等学校野球連盟 試合結果
401620,大田桜台,令和7年度,2026(令和8年) 春季東京都高等学校野球大会 一次予選,硬式野球,,,一回戦出場,一般財団法人 東京都高等学校野球連盟 試合結果
401620,大田桜台,令和5年度,第105回全国高等学校野球選手権記念大会 東東京大会,硬式野球,,,二回戦進出,一般財団法人 東京都高等学校野球連盟 試合結果
401620,大田桜台,令和6年度,第106回全国高等学校野球選手権大会 東東京大会,硬式野球,,,二回戦進出,一般財団法人 東京都高等学校野球連盟 試合結果
401620,大田桜台,令和7年度,第107回全国高等学校野球選手権大会 東東京大会,硬式野球,,,二回戦進出,一般財団法人 東京都高等学校野球連盟 試合結果
401620,大田桜台,令和8年度,第108回全国高等学校野球選手権大会 東東京大会,硬式野球,,,二回戦進出,一般財団法人 東京都高等学校野球連盟 試合結果
403020,富士,令和4年度,2022(令和4年)年度 秋季東京都高等学校野球大会 一次予選,硬式野球,,,一回戦出場,一般財団法人 東京都高等学校野球連盟 試合結果
403020,富士,令和4年度,2023(令和5年) 春季東京都高等学校野球大会 一次予選,硬式野球,,,一回戦出場,一般財団法人 東京都高等学校野球連盟 試合結果
403020,富士,令和5年度,2023(令和5年) 秋季東京都高等学校野球大会 一次予選,硬式野球,,,一回戦出場,一般財団法人 東京都高等学校野球連盟 試合結果
403020,富士,令和5年度,2024(令和6年) 春季東京都高等学校野球大会 一次予選,硬式野球,,,一回戦出場,一般財団法人 東京都高等学校野球連盟 試合結果
403020,富士,令和6年度,2024(令和6年) 秋季東京都高等学校野球大会 一次予選,硬式野球,,,一回戦出場,一般財団法人 東京都高等学校野球連盟 試合結果
403020,富士,令和6年度,2025(令和7年) 春季東京都高等学校野球大会 一次予選,硬式野球,,,一回戦出場,一般財団法人 東京都高等学校野球連盟 試合結果
403020,富士,令和7年度,2025(令和7年) 秋季東京都高等学校野球大会 一次予選,硬式野球,,,一回戦出場,一般財団法人 東京都高等学校野球連盟 試合結果
403020,富士,令和5年度,第105回全国高等学校野球選手権記念大会 東東京大会,硬式野球,,,二回戦進出,一般財団法人 東京都高等学校野球連盟 試合結果
403020,富士,令和6年度,第106回全国高等学校野球選手権大会 東東京大会,硬式野球,,,二回戦進出,一般財団法人 東京都高等学校野球連盟 試合結果
403020,富士,令和7年度,第107回全国高等学校野球選手権大会 東東京大会,硬式野球,,,二回戦進出,一般財団法人 東京都高等学校野球連盟 試合結果
403020,富士,令和8年度,第108回全国高等学校野球選手権大会 東東京大会,硬式野球,,,二回戦進出,一般財団法人 東京都高等学校野球連盟 試合結果
407020,富士森,令和4年度,2022(令和4年)年度 秋季東京都高等学校野球大会 一次予選,硬式野球,,,二回戦進出,一般財団法人 東京都高等学校野球連盟 試合結果
407020,富士森,令和4年度,2023(令和5年) 春季東京都高等学校野球大会 一次予選,硬式野球,,,二回戦進出,一般財団法人 東京都高等学校野球連盟 試合結果
407020,富士森,令和5年度,2023(令和5年) 秋季東京都高等学校野球大会 一次予選,硬式野球,,,一回戦出場,一般財団法人 東京都高等学校野球連盟 試合結果
407020,富士森,令和5年度,2024(令和6年) 春季東京都高等学校野球大会 一次予選,硬式野球,,,二回戦進出,一般財団法人 東京都高等学校野球連盟 試合結果
407020,富士森,令和6年度,2024(令和6年) 秋季東京都高等学校野球大会 一次予選,硬式野球,,,二回戦進出,一般財団法人 東京都高等学校野球連盟 試合結果
407020,富士森,令和7年度,2025(令和7年) 春季東京都高等学校野球大会 (兼関東地区高等学校野球大会出場校決定戦),硬式野球,,,一回戦出場,一般財団法人 東京都高等学校野球連盟 試合結果
407020,富士森,令和6年度,2025(令和7年) 春季東京都高等学校野球大会 一次予選,硬式野球,,,二回戦進出,一般財団法人 東京都高等学校野球連盟 試合結果
407020,富士森,令和7年度,2025(令和7年) 秋季東京都高等学校野球大会 一次予選,硬式野球,,,一回戦出場,一般財団法人 東京都高等学校野球連盟 試合結果
407020,富士森,令和8年度,2026(令和8年) 春季東京都高等学校野球大会 (兼関東地区高等学校野球大会出場校決定戦),硬式野球,,,二回戦進出,一般財団法人 東京都高等学校野球連盟 試合結果
401230,小山台,令和4年度,2022(令和4年)年度 秋季東京都高等学校野球大会 一次予選,硬式野球,,,一回戦出場,一般財団法人 東京都高等学校野球連盟 試合結果
401230,小山台,令和5年度,2023(令和5年) 春季東京都高等学校野球大会 (兼関東地区高等学校野球大会出場校決定戦),硬式野球,,,一回戦出場,一般財団法人 東京都高等学校野球連盟 試合結果
401230,小山台,令和4年度,2023(令和5年) 春季東京都高等学校野球大会 一次予選,硬式野球,,,二回戦進出,一般財団法人 東京都高等学校野球連盟 試合結果
401230,小山台,令和5年度,2023(令和5年) 秋季東京都高等学校野球大会,硬式野球,,,一回戦出場,一般財団法人 東京都高等学校野球連盟 試合結果
401230,小山台,令和5年度,2023(令和5年) 秋季東京都高等学校野球大会 一次予選,硬式野球,,,二回戦進出,一般財団法人 東京都高等学校野球連盟 試合結果
401230,小山台,令和6年度,2024(令和6年) 春季東京都高等学校野球大会 (兼関東地区高等学校野球大会出場校決定戦),硬式野球,,,三回戦進出,一般財団法人 東京都高等学校野球連盟 試合結果
401230,小山台,令和6年度,2024(令和6年) 秋季東京都高等学校野球大会,硬式野球,,,ベスト8,一般財団法人 東京都高等学校野球連盟 試合結果
401230,小山台,令和6年度,2024(令和6年) 秋季東京都高等学校野球大会 一次予選,硬式野球,,,二回戦進出,一般財団法人 東京都高等学校野球連盟 試合結果
401230,小山台,令和7年度,2025(令和7年) 春季東京都高等学校野球大会 (兼関東地区高等学校野球大会出場校決定戦),硬式野球,,,ベスト8,一般財団法人 東京都高等学校野球連盟 試合結果
401230,小山台,令和7年度,2025(令和7年) 秋季東京都高等学校野球大会 一次予選,硬式野球,,,二回戦進出,一般財団法人 東京都高等学校野球連盟 試合結果
401230,小山台,令和8年度,2026(令和8年) 春季東京都高等学校野球大会 (兼関東地区高等学校野球大会出場校決定戦),硬式野球,,,一回戦出場,一般財団法人 東京都高等学校野球連盟 試合結果
401230,小山台,令和7年度,2026(令和8年) 春季東京都高等学校野球大会 一次予選,硬式野球,,,二回戦進出,一般財団法人 東京都高等学校野球連盟 試合結果
401230,小山台,令和5年度,第105回全国高等学校野球選手権記念大会 東東京大会,硬式野球,,,四回戦進出,一般財団法人 東京都高等学校野球連盟 試合結果
401230,小山台,令和6年度,第106回全国高等学校野球選手権大会 東東京大会,硬式野球,,,五回戦進出,一般財団法人 東京都高等学校野球連盟 試合結果
401230,小山台,令和7年度,第107回全国高等学校野球選手権大会 東東京大会,硬式野球,,,三回戦進出,一般財団法人 東京都高等学校野球連盟 試合結果
401230,小山台,令和8年度,第108回全国高等学校野球選手権大会 東東京大会,硬式野球,,,五回戦進出,一般財団法人 東京都高等学校野球連盟 試合結果
406260,小岩,令和4年度,2022(令和4年) 秋季東京都高等学校野球大会,硬式野球,,,一回戦出場,一般財団法人 東京都高等学校野球連盟 試合結果
406260,小岩,令和4年度,2022(令和4年)年度 秋季東京都高等学校野球大会 一次予選,硬式野球,,,二回戦進出,一般財団法人 東京都高等学校野球連盟 試合結果
406260,小岩,令和5年度,2023(令和5年) 春季東京都高等学校野球大会 (兼関東地区高等学校野球大会出場校決定戦),硬式野球,,,一回戦出場,一般財団法人 東京都高等学校野球連盟 試合結果
406260,小岩,令和5年度,2023(令和5年) 秋季東京都高等学校野球大会 一次予選,硬式野球,,,一回戦出場,一般財団法人 東京都高等学校野球連盟 試合結果
406260,小岩,令和6年度,2024(令和6年) 春季東京都高等学校野球大会 (兼関東地区高等学校野球大会出場校決定戦),硬式野球,,,一回戦出場,一般財団法人 東京都高等学校野球連盟 試合結果
406260,小岩,令和5年度,2024(令和6年) 春季東京都高等学校野球大会 一次予選,硬式野球,,,二回戦進出,一般財団法人 東京都高等学校野球連盟 試合結果
406260,小岩,令和6年度,2024(令和6年) 秋季東京都高等学校野球大会 一次予選,硬式野球,,,二回戦進出,一般財団法人 東京都高等学校野球連盟 試合結果
406260,小岩,令和7年度,2025(令和7年) 春季東京都高等学校野球大会 (兼関東地区高等学校野球大会出場校決定戦),硬式野球,,,二回戦進出,一般財団法人 東京都高等学校野球連盟 試合結果
406260,小岩,令和6年度,2025(令和7年) 春季東京都高等学校野球大会 一次予選,硬式野球,,,二回戦進出,一般財団法人 東京都高等学校野球連盟 試合結果
406260,小岩,令和7年度,2025(令和7年) 秋季東京都高等学校野球大会,硬式野球,,,二回戦進出,一般財団法人 東京都高等学校野球連盟 試合結果
406260,小岩,令和7年度,2025(令和7年) 秋季東京都高等学校野球大会 一次予選,硬式野球,,,二回戦進出,一般財団法人 東京都高等学校野球連盟 試合結果
406260,小岩,令和8年度,2026(令和8年) 春季東京都高等学校野球大会 (兼関東地区高等学校野球大会出場校決定戦),硬式野球,,,一回戦出場,一般財団法人 東京都高等学校野球連盟 試合結果
406260,小岩,令和5年度,第105回全国高等学校野球選手権記念大会 東東京大会,硬式野球,,,二回戦進出,一般財団法人 東京都高等学校野球連盟 試合結果
406260,小岩,令和6年度,第106回全国高等学校野球選手権大会 東東京大会,硬式野球,,,一回戦出場,一般財団法人 東京都高等学校野球連盟 試合結果
406260,小岩,令和7年度,第107回全国高等学校野球選手権大会 東東京大会,硬式野球,,,一回戦出場,一般財団法人 東京都高等学校野球連盟 試合結果
406260,小岩,令和8年度,第108回全国高等学校野球選手権大会 東東京大会,硬式野球,,,二回戦進出,一般財団法人 東京都高等学校野球連盟 試合結果
407250,小川,令和4年度,2022(令和4年) 秋季東京都高等学校野球大会,硬式野球,,,一回戦出場,一般財団法人 東京都高等学校野球連盟 試合結果
407250,小川,令和4年度,2022(令和4年)年度 秋季東京都高等学校野球大会 一次予選,硬式野球,,,二回戦進出,一般財団法人 東京都高等学校野球連盟 試合結果
407250,小川,令和5年度,2023(令和5年) 春季東京都高等学校野球大会 (兼関東地区高等学校野球大会出場校決定戦),硬式野球,,,一回戦出場,一般財団法人 東京都高等学校野球連盟 試合結果
407250,小川,令和5年度,2023(令和5年) 秋季東京都高等学校野球大会 一次予選,硬式野球,,,二回戦進出,一般財団法人 東京都高等学校野球連盟 試合結果
407250,小川,令和6年度,2024(令和6年) 春季東京都高等学校野球大会 (兼関東地区高等学校野球大会出場校決定戦),硬式野球,,,二回戦進出,一般財団法人 東京都高等学校野球連盟 試合結果
407250,小川,令和5年度,2024(令和6年) 春季東京都高等学校野球大会 一次予選,硬式野球,,,二回戦進出,一般財団法人 東京都高等学校野球連盟 試合結果
407250,小川,令和6年度,2024(令和6年) 秋季東京都高等学校野球大会 一次予選,硬式野球,,,二回戦進出,一般財団法人 東京都高等学校野球連盟 試合結果
407250,小川,令和6年度,2025(令和7年) 春季東京都高等学校野球大会 一次予選,硬式野球,,,一回戦出場,一般財団法人 東京都高等学校野球連盟 試合結果
407250,小川,令和7年度,2025(令和7年) 秋季東京都高等学校野球大会 一次予選,硬式野球,,,二回戦進出,一般財団法人 東京都高等学校野球連盟 試合結果
407250,小川,令和8年度,2026(令和8年) 春季東京都高等学校野球大会 (兼関東地区高等学校野球大会出場校決定戦),硬式野球,,,一回戦出場,一般財団法人 東京都高等学校野球連盟 試合結果
407250,小川,令和7年度,2026(令和8年) 春季東京都高等学校野球大会 一次予選,硬式野球,,,二回戦進出,一般財団法人 東京都高等学校野球連盟 試合結果
409210,小平,令和4年度,2022(令和4年) 秋季東京都高等学校野球大会,硬式野球,,,一回戦出場,一般財団法人 東京都高等学校野球連盟 試合結果
409210,小平,令和4年度,2022(令和4年)年度 秋季東京都高等学校野球大会 一次予選,硬式野球,,,二回戦進出,一般財団法人 東京都高等学校野球連盟 試合結果
409210,小平,令和5年度,2023(令和5年) 春季東京都高等学校野球大会 (兼関東地区高等学校野球大会出場校決定戦),硬式野球,,,二回戦進出,一般財団法人 東京都高等学校野球連盟 試合結果
409210,小平,令和5年度,2023(令和5年) 秋季東京都高等学校野球大会 一次予選,硬式野球,,,二回戦進出,一般財団法人 東京都高等学校野球連盟 試合結果
409210,小平,令和5年度,2024(令和6年) 春季東京都高等学校野球大会 一次予選,硬式野球,,,一回戦出場,一般財団法人 東京都高等学校野球連盟 試合結果
409210,小平,令和6年度,2024(令和6年) 秋季東京都高等学校野球大会 一次予選,硬式野球,,,一回戦出場,一般財団法人 東京都高等学校野球連盟 試合結果
409210,小平,令和6年度,2025(令和7年) 春季東京都高等学校野球大会 一次予選,硬式野球,,,一回戦出場,一般財団法人 東京都高等学校野球連盟 試合結果
409210,小平,令和7年度,2025(令和7年) 秋季東京都高等学校野球大会 一次予選,硬式野球,,,一回戦出場,一般財団法人 東京都高等学校野球連盟 試合結果
409210,小平,令和7年度,2026(令和8年) 春季東京都高等学校野球大会 一次予選,硬式野球,,,一回戦出場,一般財団法人 東京都高等学校野球連盟 試合結果
409270,小平南,令和4年度,2022(令和4年)年度 秋季東京都高等学校野球大会 一次予選,硬式野球,,,二回戦進出,一般財団法人 東京都高等学校野球連盟 試合結果
409270,小平南,令和4年度,2023(令和5年) 春季東京都高等学校野球大会 一次予選,硬式野球,,,二回戦進出,一般財団法人 東京都高等学校野球連盟 試合結果
409270,小平南,令和5年度,2023(令和5年) 秋季東京都高等学校野球大会,硬式野球,,,二回戦進出,一般財団法人 東京都高等学校野球連盟 試合結果
409270,小平南,令和5年度,2023(令和5年) 秋季東京都高等学校野球大会 一次予選,硬式野球,,,二回戦進出,一般財団法人 東京都高等学校野球連盟 試合結果
409270,小平南,令和6年度,2024(令和6年) 春季東京都高等学校野球大会 (兼関東地区高等学校野球大会出場校決定戦),硬式野球,,,一回戦出場,一般財団法人 東京都高等学校野球連盟 試合結果
409270,小平南,令和6年度,2024(令和6年) 秋季東京都高等学校野球大会,硬式野球,,,二回戦進出,一般財団法人 東京都高等学校野球連盟 試合結果
409270,小平南,令和6年度,2024(令和6年) 秋季東京都高等学校野球大会 一次予選,硬式野球,,,二回戦進出,一般財団法人 東京都高等学校野球連盟 試合結果
409270,小平南,令和7年度,2025(令和7年) 春季東京都高等学校野球大会 (兼関東地区高等学校野球大会出場校決定戦),硬式野球,,,一回戦出場,一般財団法人 東京都高等学校野球連盟 試合結果
409270,小平南,令和7年度,2025(令和7年) 秋季東京都高等学校野球大会 一次予選,硬式野球,,,一回戦出場,一般財団法人 東京都高等学校野球連盟 試合結果
409270,小平南,令和7年度,2026(令和8年) 春季東京都高等学校野球大会 一次予選,硬式野球,,,二回戦進出,一般財団法人 東京都高等学校野球連盟 試合結果
409220,小平西,令和4年度,2023(令和5年) 春季東京都高等学校野球大会 一次予選,硬式野球,,,一回戦出場,一般財団法人 東京都高等学校野球連盟 試合結果
409220,小平西,令和5年度,2023(令和5年) 秋季東京都高等学校野球大会 一次予選,硬式野球,,,一回戦出場,一般財団法人 東京都高等学校野球連盟 試合結果
409220,小平西,令和5年度,2024(令和6年) 春季東京都高等学校野球大会 一次予選,硬式野球,,,一回戦出場,一般財団法人 東京都高等学校野球連盟 試合結果
409220,小平西,令和6年度,2024(令和6年) 秋季東京都高等学校野球大会 一次予選,硬式野球,,,二回戦進出,一般財団法人 東京都高等学校野球連盟 試合結果
409220,小平西,令和6年度,2025(令和7年) 春季東京都高等学校野球大会 一次予選,硬式野球,,,二回戦進出,一般財団法人 東京都高等学校野球連盟 試合結果
409220,小平西,令和7年度,2025(令和7年) 秋季東京都高等学校野球大会 一次予選,硬式野球,,,一回戦出場,一般財団法人 東京都高等学校野球連盟 試合結果
409220,小平西,令和7年度,2026(令和8年) 春季東京都高等学校野球大会 一次予選,硬式野球,,,一回戦出場,一般財団法人 東京都高等学校野球連盟 試合結果
406240,小松川,令和4年度,2022(令和4年)年度 秋季東京都高等学校野球大会 一次予選,硬式野球,,,二回戦進出,一般財団法人 東京都高等学校野球連盟 試合結果
406240,小松川,令和4年度,2023(令和5年) 春季東京都高等学校野球大会 一次予選,硬式野球,,,一回戦出場,一般財団法人 東京都高等学校野球連盟 試合結果
406240,小松川,令和5年度,2023(令和5年) 秋季東京都高等学校野球大会 一次予選,硬式野球,,,一回戦出場,一般財団法人 東京都高等学校野球連盟 試合結果
406240,小松川,令和6年度,2024(令和6年) 春季東京都高等学校野球大会 (兼関東地区高等学校野球大会出場校決定戦),硬式野球,,,一回戦出場,一般財団法人 東京都高等学校野球連盟 試合結果
406240,小松川,令和5年度,2024(令和6年) 春季東京都高等学校野球大会 一次予選,硬式野球,,,二回戦進出,一般財団法人 東京都高等学校野球連盟 試合結果
406240,小松川,令和6年度,2024(令和6年) 秋季東京都高等学校野球大会 一次予選,硬式野球,,,二回戦進出,一般財団法人 東京都高等学校野球連盟 試合結果
406240,小松川,令和7年度,2025(令和7年) 秋季東京都高等学校野球大会 一次予選,硬式野球,,,二回戦進出,一般財団法人 東京都高等学校野球連盟 試合結果
406240,小松川,令和7年度,2026(令和8年) 春季東京都高等学校野球大会 一次予選,硬式野球,,,二回戦進出,一般財団法人 東京都高等学校野球連盟 試合結果
406240,小松川,令和5年度,第105回全国高等学校野球選手権記念大会 東東京大会,硬式野球,,,四回戦進出,一般財団法人 東京都高等学校野球連盟 試合結果
406240,小松川,令和6年度,第106回全国高等学校野球選手権大会 東東京大会,硬式野球,,,二回戦進出,一般財団法人 東京都高等学校野球連盟 試合結果
406240,小松川,令和7年度,第107回全国高等学校野球選手権大会 東東京大会,硬式野球,,,二回戦進出,一般財団法人 東京都高等学校野球連盟 試合結果
406240,小松川,令和8年度,第108回全国高等学校野球選手権大会 東東京大会,硬式野球,,,三回戦進出,一般財団法人 東京都高等学校野球連盟 試合結果
407260,山崎,令和4年度,2022(令和4年)年度 秋季東京都高等学校野球大会 一次予選,硬式野球,,,二回戦進出,一般財団法人 東京都高等学校野球連盟 試合結果
407260,山崎,令和4年度,2023(令和5年) 春季東京都高等学校野球大会 一次予選,硬式野球,,,一回戦出場,一般財団法人 東京都高等学校野球連盟 試合結果
402080,広尾,令和4年度,2022(令和4年)年度 秋季東京都高等学校野球大会 一次予選,硬式野球,,,二回戦進出,一般財団法人 東京都高等学校野球連盟 試合結果
402080,広尾,令和4年度,2023(令和5年) 春季東京都高等学校野球大会 一次予選,硬式野球,,,一回戦出場,一般財団法人 東京都高等学校野球連盟 試合結果
402080,広尾,令和5年度,2023(令和5年) 秋季東京都高等学校野球大会 一次予選,硬式野球,,,一回戦出場,一般財団法人 東京都高等学校野球連盟 試合結果
402080,広尾,令和5年度,2024(令和6年) 春季東京都高等学校野球大会 一次予選,硬式野球,,,一回戦出場,一般財団法人 東京都高等学校野球連盟 試合結果
402080,広尾,令和6年度,2024(令和6年) 秋季東京都高等学校野球大会 一次予選,硬式野球,,,一回戦出場,一般財団法人 東京都高等学校野球連盟 試合結果
402080,広尾,令和7年度,2025(令和7年) 春季東京都高等学校野球大会 (兼関東地区高等学校野球大会出場校決定戦),硬式野球,,,二回戦進出,一般財団法人 東京都高等学校野球連盟 試合結果
402080,広尾,令和6年度,2025(令和7年) 春季東京都高等学校野球大会 一次予選,硬式野球,,,二回戦進出,一般財団法人 東京都高等学校野球連盟 試合結果
402080,広尾,令和7年度,2025(令和7年) 秋季東京都高等学校野球大会,硬式野球,,,三回戦進出,一般財団法人 東京都高等学校野球連盟 試合結果
402080,広尾,令和7年度,2025(令和7年) 秋季東京都高等学校野球大会 一次予選,硬式野球,,,二回戦進出,一般財団法人 東京都高等学校野球連盟 試合結果
402080,広尾,令和8年度,2026(令和8年) 春季東京都高等学校野球大会 (兼関東地区高等学校野球大会出場校決定戦),硬式野球,,,二回戦進出,一般財団法人 東京都高等学校野球連盟 試合結果
402080,広尾,令和5年度,第105回全国高等学校野球選手権記念大会 東東京大会,硬式野球,,,三回戦進出,一般財団法人 東京都高等学校野球連盟 試合結果
402080,広尾,令和6年度,第106回全国高等学校野球選手権大会 東東京大会,硬式野球,,,三回戦進出,一般財団法人 東京都高等学校野球連盟 試合結果
402080,広尾,令和7年度,第107回全国高等学校野球選手権大会 東東京大会,硬式野球,,,四回戦進出,一般財団法人 東京都高等学校野球連盟 試合結果
402080,広尾,令和8年度,第108回全国高等学校野球選手権大会 東東京大会,硬式野球,,,二回戦進出,一般財団法人 東京都高等学校野球連盟 試合結果
410210,府中,令和4年度,2022(令和4年)年度 秋季東京都高等学校野球大会 一次予選,硬式野球,,,一回戦出場,一般財団法人 東京都高等学校野球連盟 試合結果
410210,府中,令和4年度,2023(令和5年) 春季東京都高等学校野球大会 一次予選,硬式野球,,,一回戦出場,一般財団法人 東京都高等学校野球連盟 試合結果
410210,府中,令和5年度,2023(令和5年) 秋季東京都高等学校野球大会 一次予選,硬式野球,,,二回戦進出,一般財団法人 東京都高等学校野球連盟 試合結果
410210,府中,令和5年度,2024(令和6年) 春季東京都高等学校野球大会 一次予選,硬式野球,,,二回戦進出,一般財団法人 東京都高等学校野球連盟 試合結果
410210,府中,令和7年度,2025(令和7年) 秋季東京都高等学校野球大会 一次予選,硬式野球,,,一回戦出場,一般財団法人 東京都高等学校野球連盟 試合結果
410210,府中,令和7年度,2026(令和8年) 春季東京都高等学校野球大会 一次予選,硬式野球,,,二回戦進出,一般財団法人 東京都高等学校野球連盟 試合結果
410710,府中工科,令和5年度,2023(令和5年) 秋季東京都高等学校野球大会,硬式野球,,,一回戦出場,一般財団法人 東京都高等学校野球連盟 試合結果
410710,府中工科,令和5年度,2023(令和5年) 秋季東京都高等学校野球大会 一次予選,硬式野球,,,二回戦進出,一般財団法人 東京都高等学校野球連盟 試合結果
410710,府中工科,令和6年度,2024(令和6年) 春季東京都高等学校野球大会 (兼関東地区高等学校野球大会出場校決定戦),硬式野球,,,二回戦進出,一般財団法人 東京都高等学校野球連盟 試合結果
410710,府中工科,令和6年度,2024(令和6年) 秋季東京都高等学校野球大会,硬式野球,,,一回戦出場,一般財団法人 東京都高等学校野球連盟 試合結果
410710,府中工科,令和6年度,2024(令和6年) 秋季東京都高等学校野球大会 一次予選,硬式野球,,,二回戦進出,一般財団法人 東京都高等学校野球連盟 試合結果
410710,府中工科,令和7年度,2025(令和7年) 春季東京都高等学校野球大会 (兼関東地区高等学校野球大会出場校決定戦),硬式野球,,,二回戦進出,一般財団法人 東京都高等学校野球連盟 試合結果
410710,府中工科,令和7年度,2025(令和7年) 秋季東京都高等学校野球大会,硬式野球,,,二回戦進出,一般財団法人 東京都高等学校野球連盟 試合結果
410710,府中工科,令和7年度,2025(令和7年) 秋季東京都高等学校野球大会 一次予選,硬式野球,,,二回戦進出,一般財団法人 東京都高等学校野球連盟 試合結果
410710,府中工科,令和8年度,2026(令和8年) 春季東京都高等学校野球大会 (兼関東地区高等学校野球大会出場校決定戦),硬式野球,,,一回戦出場,一般財団法人 東京都高等学校野球連盟 試合結果
410220,府中東,令和4年度,2022(令和4年)年度 秋季東京都高等学校野球大会 一次予選,硬式野球,,,一回戦出場,一般財団法人 東京都高等学校野球連盟 試合結果
410220,府中東,令和5年度,2023(令和5年) 春季東京都高等学校野球大会 (兼関東地区高等学校野球大会出場校決定戦),硬式野球,,,一回戦出場,一般財団法人 東京都高等学校野球連盟 試合結果
410220,府中東,令和5年度,2023(令和5年) 秋季東京都高等学校野球大会 一次予選,硬式野球,,,二回戦進出,一般財団法人 東京都高等学校野球連盟 試合結果
410220,府中東,令和5年度,2024(令和6年) 春季東京都高等学校野球大会 一次予選,硬式野球,,,一回戦出場,一般財団法人 東京都高等学校野球連盟 試合結果
410220,府中東,令和6年度,2024(令和6年) 秋季東京都高等学校野球大会,硬式野球,,,一回戦出場,一般財団法人 東京都高等学校野球連盟 試合結果
410220,府中東,令和6年度,2024(令和6年) 秋季東京都高等学校野球大会 一次予選,硬式野球,,,二回戦進出,一般財団法人 東京都高等学校野球連盟 試合結果
410220,府中東,令和7年度,2025(令和7年) 春季東京都高等学校野球大会 (兼関東地区高等学校野球大会出場校決定戦),硬式野球,,,四回戦進出,一般財団法人 東京都高等学校野球連盟 試合結果
410220,府中東,令和7年度,2025(令和7年) 秋季東京都高等学校野球大会 一次予選,硬式野球,,,二回戦進出,一般財団法人 東京都高等学校野球連盟 試合結果
410220,府中東,令和8年度,2026(令和8年) 春季東京都高等学校野球大会 (兼関東地区高等学校野球大会出場校決定戦),硬式野球,,,一回戦出場,一般財団法人 東京都高等学校野球連盟 試合結果
410220,府中東,令和7年度,2026(令和8年) 春季東京都高等学校野球大会 一次予選,硬式野球,,,二回戦進出,一般財団法人 東京都高等学校野球連盟 試合結果
410230,府中西,令和4年度,2022(令和4年)年度 秋季東京都高等学校野球大会 一次予選,硬式野球,,,一回戦出場,一般財団法人 東京都高等学校野球連盟 試合結果
410230,府中西,令和4年度,2023(令和5年) 春季東京都高等学校野球大会 一次予選,硬式野球,,,一回戦出場,一般財団法人 東京都高等学校野球連盟 試合結果
410230,府中西,令和5年度,2023(令和5年) 秋季東京都高等学校野球大会 一次予選,硬式野球,,,一回戦出場,一般財団法人 東京都高等学校野球連盟 試合結果
410230,府中西,令和6年度,2024(令和6年) 秋季東京都高等学校野球大会,硬式野球,,,一回戦出場,一般財団法人 東京都高等学校野球連盟 試合結果
410230,府中西,令和6年度,2024(令和6年) 秋季東京都高等学校野球大会 一次予選,硬式野球,,,二回戦進出,一般財団法人 東京都高等学校野球連盟 試合結果
410230,府中西,令和7年度,2025(令和7年) 春季東京都高等学校野球大会 (兼関東地区高等学校野球大会出場校決定戦),硬式野球,,,一回戦出場,一般財団法人 東京都高等学校野球連盟 試合結果
410230,府中西,令和7年度,2025(令和7年) 秋季東京都高等学校野球大会 一次予選,硬式野球,,,二回戦進出,一般財団法人 東京都高等学校野球連盟 試合結果
407240,成瀬,令和4年度,2022(令和4年)年度 秋季東京都高等学校野球大会 一次予選,硬式野球,,,一回戦出場,一般財団法人 東京都高等学校野球連盟 試合結果
407240,成瀬,令和4年度,2023(令和5年) 春季東京都高等学校野球大会 一次予選,硬式野球,,,二回戦進出,一般財団法人 東京都高等学校野球連盟 試合結果
407240,成瀬,令和5年度,2023(令和5年) 秋季東京都高等学校野球大会 一次予選,硬式野球,,,一回戦出場,一般財団法人 東京都高等学校野球連盟 試合結果
407240,成瀬,令和6年度,2024(令和6年) 秋季東京都高等学校野球大会 一次予選,硬式野球,,,一回戦出場,一般財団法人 東京都高等学校野球連盟 試合結果
407240,成瀬,令和7年度,2025(令和7年) 春季東京都高等学校野球大会 (兼関東地区高等学校野球大会出場校決定戦),硬式野球,,,二回戦進出,一般財団法人 東京都高等学校野球連盟 試合結果
407240,成瀬,令和6年度,2025(令和7年) 春季東京都高等学校野球大会 一次予選,硬式野球,,,二回戦進出,一般財団法人 東京都高等学校野球連盟 試合結果
407240,成瀬,令和7年度,2025(令和7年) 秋季東京都高等学校野球大会 一次予選,硬式野球,,,二回戦進出,一般財団法人 東京都高等学校野球連盟 試合結果
407240,成瀬,令和8年度,2026(令和8年) 春季東京都高等学校野球大会 (兼関東地区高等学校野球大会出場校決定戦),硬式野球,,,一回戦出場,一般財団法人 東京都高等学校野球連盟 試合結果
407240,成瀬,令和7年度,2026(令和8年) 春季東京都高等学校野球大会 一次予選,硬式野球,,,二回戦進出,一般財団法人 東京都高等学校野球連盟 試合結果
402010,戸山,令和4年度,2022(令和4年)年度 秋季東京都高等学校野球大会 一次予選,硬式野球,,,一回戦出場,一般財団法人 東京都高等学校野球連盟 試合結果
402010,戸山,令和5年度,2023(令和5年) 秋季東京都高等学校野球大会 一次予選,硬式野球,,,一回戦出場,一般財団法人 東京都高等学校野球連盟 試合結果
402010,戸山,令和6年度,2024(令和6年) 秋季東京都高等学校野球大会 一次予選,硬式野球,,,一回戦出場,一般財団法人 東京都高等学校野球連盟 試合結果
402010,戸山,令和6年度,2025(令和7年) 春季東京都高等学校野球大会 一次予選,硬式野球,,,二回戦進出,一般財団法人 東京都高等学校野球連盟 試合結果
402010,戸山,令和7年度,2025(令和7年) 秋季東京都高等学校野球大会 一次予選,硬式野球,,,一回戦出場,一般財団法人 東京都高等学校野球連盟 試合結果
402010,戸山,令和7年度,2026(令和8年) 春季東京都高等学校野球大会 一次予選,硬式野球,,,二回戦進出,一般財団法人 東京都高等学校野球連盟 試合結果
402010,戸山,令和5年度,第105回全国高等学校野球選手権記念大会 東東京大会,硬式野球,,,二回戦進出,一般財団法人 東京都高等学校野球連盟 試合結果
402010,戸山,令和6年度,第106回全国高等学校野球選手権大会 東東京大会,硬式野球,,,二回戦進出,一般財団法人 東京都高等学校野球連盟 試合結果
402010,戸山,令和7年度,第107回全国高等学校野球選手権大会 東東京大会,硬式野球,,,二回戦進出,一般財団法人 東京都高等学校野球連盟 試合結果
402010,戸山,令和8年度,第108回全国高等学校野球選手権大会 東東京大会,硬式野球,,,二回戦進出,一般財団法人 東京都高等学校野球連盟 試合結果
408050,拝島,令和4年度,2022(令和4年)年度 秋季東京都高等学校野球大会 一次予選,硬式野球,,,一回戦出場,一般財団法人 東京都高等学校野球連盟 試合結果
408050,拝島,令和4年度,2023(令和5年) 春季東京都高等学校野球大会 一次予選,硬式野球,,,一回戦出場,一般財団法人 東京都高等学校野球連盟 試合結果
408050,拝島,令和5年度,2023(令和5年) 秋季東京都高等学校野球大会 一次予選,硬式野球,,,一回戦出場,一般財団法人 東京都高等学校野球連盟 試合結果
408050,拝島,令和5年度,2024(令和6年) 春季東京都高等学校野球大会 一次予選,硬式野球,,,二回戦進出,一般財団法人 東京都高等学校野球連盟 試合結果
408050,拝島,令和6年度,2024(令和6年) 秋季東京都高等学校野球大会 一次予選,硬式野球,,,一回戦出場,一般財団法人 東京都高等学校野球連盟 試合結果
408050,拝島,令和6年度,2025(令和7年) 春季東京都高等学校野球大会 一次予選,硬式野球,,,一回戦出場,一般財団法人 東京都高等学校野球連盟 試合結果
408050,拝島,令和8年度,2026(令和8年) 春季東京都高等学校野球大会 (兼関東地区高等学校野球大会出場校決定戦),硬式野球,,,一回戦出場,一般財団法人 東京都高等学校野球連盟 試合結果
408050,拝島,令和7年度,2026(令和8年) 春季東京都高等学校野球大会 一次予選,硬式野球,,,二回戦進出,一般財団法人 東京都高等学校野球連盟 試合結果
404050,文京,令和4年度,2022(令和4年)年度 秋季東京都高等学校野球大会 一次予選,硬式野球,,,一回戦出場,一般財団法人 東京都高等学校野球連盟 試合結果
404050,文京,令和5年度,2023(令和5年) 春季東京都高等学校野球大会 (兼関東地区高等学校野球大会出場校決定戦),硬式野球,,,三回戦進出,一般財団法人 東京都高等学校野球連盟 試合結果
404050,文京,令和4年度,2023(令和5年) 春季東京都高等学校野球大会 一次予選,硬式野球,,,二回戦進出,一般財団法人 東京都高等学校野球連盟 試合結果
404050,文京,令和5年度,2023(令和5年) 秋季東京都高等学校野球大会,硬式野球,,,二回戦進出,一般財団法人 東京都高等学校野球連盟 試合結果
404050,文京,令和5年度,2023(令和5年) 秋季東京都高等学校野球大会 一次予選,硬式野球,,,二回戦進出,一般財団法人 東京都高等学校野球連盟 試合結果
404050,文京,令和6年度,2024(令和6年) 春季東京都高等学校野球大会 (兼関東地区高等学校野球大会出場校決定戦),硬式野球,,,二回戦進出,一般財団法人 東京都高等学校野球連盟 試合結果
404050,文京,令和6年度,2024(令和6年) 秋季東京都高等学校野球大会 一次予選,硬式野球,,,二回戦進出,一般財団法人 東京都高等学校野球連盟 試合結果
404050,文京,令和7年度,2025(令和7年) 春季東京都高等学校野球大会 (兼関東地区高等学校野球大会出場校決定戦),硬式野球,,,三回戦進出,一般財団法人 東京都高等学校野球連盟 試合結果
404050,文京,令和6年度,2025(令和7年) 春季東京都高等学校野球大会 一次予選,硬式野球,,,二回戦進出,一般財団法人 東京都高等学校野球連盟 試合結果
404050,文京,令和7年度,2025(令和7年) 秋季東京都高等学校野球大会,硬式野球,,,一回戦出場,一般財団法人 東京都高等学校野球連盟 試合結果
404050,文京,令和7年度,2025(令和7年) 秋季東京都高等学校野球大会 一次予選,硬式野球,,,二回戦進出,一般財団法人 東京都高等学校野球連盟 試合結果
404050,文京,令和8年度,2026(令和8年) 春季東京都高等学校野球大会 (兼関東地区高等学校野球大会出場校決定戦),硬式野球,,,三回戦進出,一般財団法人 東京都高等学校野球連盟 試合結果
404050,文京,令和5年度,第105回全国高等学校野球選手権記念大会 東東京大会,硬式野球,,,ベスト8,一般財団法人 東京都高等学校野球連盟 試合結果
404050,文京,令和6年度,第106回全国高等学校野球選手権大会 東東京大会,硬式野球,,,一回戦出場,一般財団法人 東京都高等学校野球連盟 試合結果
404050,文京,令和7年度,第107回全国高等学校野球選手権大会 東東京大会,硬式野球,,,五回戦進出,一般財団法人 東京都高等学校野球連盟 試合結果
404050,文京,令和8年度,第108回全国高等学校野球選手権大会 東東京大会,硬式野球,,,二回戦進出,一般財団法人 東京都高等学校野球連盟 試合結果
402060,新宿,令和4年度,2022(令和4年)年度 秋季東京都高等学校野球大会 一次予選,硬式野球,,,一回戦出場,一般財団法人 東京都高等学校野球連盟 試合結果
402060,新宿,令和4年度,2023(令和5年) 春季東京都高等学校野球大会 一次予選,硬式野球,,,一回戦出場,一般財団法人 東京都高等学校野球連盟 試合結果
402060,新宿,令和5年度,2023(令和5年) 秋季東京都高等学校野球大会 一次予選,硬式野球,,,一回戦出場,一般財団法人 東京都高等学校野球連盟 試合結果
402060,新宿,令和6年度,2024(令和6年) 春季東京都高等学校野球大会 (兼関東地区高等学校野球大会出場校決定戦),硬式野球,,,二回戦進出,一般財団法人 東京都高等学校野球連盟 試合結果
402060,新宿,令和5年度,2024(令和6年) 春季東京都高等学校野球大会 一次予選,硬式野球,,,二回戦進出,一般財団法人 東京都高等学校野球連盟 試合結果
402060,新宿,令和6年度,2024(令和6年) 秋季東京都高等学校野球大会,硬式野球,,,一回戦出場,一般財団法人 東京都高等学校野球連盟 試合結果
402060,新宿,令和6年度,2024(令和6年) 秋季東京都高等学校野球大会 一次予選,硬式野球,,,二回戦進出,一般財団法人 東京都高等学校野球連盟 試合結果
402060,新宿,令和7年度,2025(令和7年) 春季東京都高等学校野球大会 (兼関東地区高等学校野球大会出場校決定戦),硬式野球,,,二回戦進出,一般財団法人 東京都高等学校野球連盟 試合結果
402060,新宿,令和7年度,2025(令和7年) 秋季東京都高等学校野球大会 一次予選,硬式野球,,,一回戦出場,一般財団法人 東京都高等学校野球連盟 試合結果
402060,新宿,令和8年度,2026(令和8年) 春季東京都高等学校野球大会 (兼関東地区高等学校野球大会出場校決定戦),硬式野球,,,一回戦出場,一般財団法人 東京都高等学校野球連盟 試合結果
402060,新宿,令和7年度,2026(令和8年) 春季東京都高等学校野球大会 一次予選,硬式野球,,,二回戦進出,一般財団法人 東京都高等学校野球連盟 試合結果
402060,新宿,令和5年度,第105回全国高等学校野球選手権記念大会 東東京大会,硬式野球,,,四回戦進出,一般財団法人 東京都高等学校野球連盟 試合結果
402060,新宿,令和6年度,第106回全国高等学校野球選手権大会 東東京大会,硬式野球,,,三回戦進出,一般財団法人 東京都高等学校野球連盟 試合結果
402060,新宿,令和7年度,第107回全国高等学校野球選手権大会 東東京大会,硬式野球,,,三回戦進出,一般財団法人 東京都高等学校野球連盟 試合結果
402060,新宿,令和8年度,第108回全国高等学校野球選手権大会 東東京大会,硬式野球,,,二回戦進出,一般財団法人 東京都高等学校野球連盟 試合結果
406070,日本橋,令和4年度,2022(令和4年)年度 秋季東京都高等学校野球大会 一次予選,硬式野球,,,一回戦出場,一般財団法人 東京都高等学校野球連盟 試合結果
406070,日本橋,令和4年度,2023(令和5年) 春季東京都高等学校野球大会 一次予選,硬式野球,,,一回戦出場,一般財団法人 東京都高等学校野球連盟 試合結果
406070,日本橋,令和5年度,2023(令和5年) 秋季東京都高等学校野球大会 一次予選,硬式野球,,,一回戦出場,一般財団法人 東京都高等学校野球連盟 試合結果
406070,日本橋,令和6年度,2024(令和6年) 秋季東京都高等学校野球大会 一次予選,硬式野球,,,二回戦進出,一般財団法人 東京都高等学校野球連盟 試合結果
406070,日本橋,令和6年度,2025(令和7年) 春季東京都高等学校野球大会 一次予選,硬式野球,,,一回戦出場,一般財団法人 東京都高等学校野球連盟 試合結果
406070,日本橋,令和7年度,2025(令和7年) 秋季東京都高等学校野球大会 一次予選,硬式野球,,,一回戦出場,一般財団法人 東京都高等学校野球連盟 試合結果
406070,日本橋,令和7年度,2026(令和8年) 春季東京都高等学校野球大会 一次予選,硬式野球,,,一回戦出場,一般財団法人 東京都高等学校野球連盟 試合結果
406070,日本橋,令和5年度,第105回全国高等学校野球選手権記念大会 東東京大会,硬式野球,,,二回戦進出,一般財団法人 東京都高等学校野球連盟 試合結果
406070,日本橋,令和6年度,第106回全国高等学校野球選手権大会 東東京大会,硬式野球,,,二回戦進出,一般財団法人 東京都高等学校野球連盟 試合結果
406070,日本橋,令和7年度,第107回全国高等学校野球選手権大会 東東京大会,硬式野球,,,二回戦進出,一般財団法人 東京都高等学校野球連盟 試合結果
406070,日本橋,令和8年度,第108回全国高等学校野球選手権大会 東東京大会,硬式野球,,,二回戦進出,一般財団法人 東京都高等学校野球連盟 試合結果
401020,日比谷,令和4年度,2022(令和4年) 秋季東京都高等学校野球大会,硬式野球,,,一回戦出場,一般財団法人 東京都高等学校野球連盟 試合結果
401020,日比谷,令和4年度,2022(令和4年)年度 秋季東京都高等学校野球大会 一次予選,硬式野球,,,二回戦進出,一般財団法人 東京都高等学校野球連盟 試合結果
401020,日比谷,令和5年度,2023(令和5年) 春季東京都高等学校野球大会 (兼関東地区高等学校野球大会出場校決定戦),硬式野球,,,二回戦進出,一般財団法人 東京都高等学校野球連盟 試合結果
401020,日比谷,令和5年度,2023(令和5年) 秋季東京都高等学校野球大会,硬式野球,,,一回戦出場,一般財団法人 東京都高等学校野球連盟 試合結果
401020,日比谷,令和5年度,2023(令和5年) 秋季東京都高等学校野球大会 一次予選,硬式野球,,,二回戦進出,一般財団法人 東京都高等学校野球連盟 試合結果
401020,日比谷,令和6年度,2024(令和6年) 春季東京都高等学校野球大会 (兼関東地区高等学校野球大会出場校決定戦),硬式野球,,,一回戦出場,一般財団法人 東京都高等学校野球連盟 試合結果
401020,日比谷,令和6年度,2024(令和6年) 秋季東京都高等学校野球大会 一次予選,硬式野球,,,一回戦出場,一般財団法人 東京都高等学校野球連盟 試合結果
401020,日比谷,令和6年度,2025(令和7年) 春季東京都高等学校野球大会 一次予選,硬式野球,,,一回戦出場,一般財団法人 東京都高等学校野球連盟 試合結果
401020,日比谷,令和7年度,2025(令和7年) 秋季東京都高等学校野球大会 一次予選,硬式野球,,,一回戦出場,一般財団法人 東京都高等学校野球連盟 試合結果
401020,日比谷,令和8年度,2026(令和8年) 春季東京都高等学校野球大会 (兼関東地区高等学校野球大会出場校決定戦),硬式野球,,,一回戦出場,一般財団法人 東京都高等学校野球連盟 試合結果
401020,日比谷,令和5年度,第105回全国高等学校野球選手権記念大会 東東京大会,硬式野球,,,一回戦出場,一般財団法人 東京都高等学校野球連盟 試合結果
401020,日比谷,令和6年度,第106回全国高等学校野球選手権大会 東東京大会,硬式野球,,,三回戦進出,一般財団法人 東京都高等学校野球連盟 試合結果
401020,日比谷,令和7年度,第107回全国高等学校野球選手権大会 東東京大会,硬式野球,,,三回戦進出,一般財団法人 東京都高等学校野球連盟 試合結果
401020,日比谷,令和8年度,第108回全国高等学校野球選手権大会 東東京大会,硬式野球,,,四回戦進出,一般財団法人 東京都高等学校野球連盟 試合結果
407080,日野,令和4年度,2022(令和4年) 秋季東京都高等学校野球大会,硬式野球,,,三回戦進出,一般財団法人 東京都高等学校野球連盟 試合結果
407080,日野,令和4年度,2022(令和4年)年度 秋季東京都高等学校野球大会 一次予選,硬式野球,,,二回戦進出,一般財団法人 東京都高等学校野球連盟 試合結果
407080,日野,令和5年度,2023(令和5年) 春季東京都高等学校野球大会 (兼関東地区高等学校野球大会出場校決定戦),硬式野球,,,三回戦進出,一般財団法人 東京都高等学校野球連盟 試合結果
407080,日野,令和5年度,2023(令和5年) 秋季東京都高等学校野球大会,硬式野球,,,一回戦出場,一般財団法人 東京都高等学校野球連盟 試合結果
407080,日野,令和6年度,2024(令和6年) 秋季東京都高等学校野球大会 一次予選,硬式野球,,,二回戦進出,一般財団法人 東京都高等学校野球連盟 試合結果
407080,日野,令和6年度,2025(令和7年) 春季東京都高等学校野球大会 一次予選,硬式野球,,,二回戦進出,一般財団法人 東京都高等学校野球連盟 試合結果
407080,日野,令和7年度,2025(令和7年) 秋季東京都高等学校野球大会,硬式野球,,,ベスト8,一般財団法人 東京都高等学校野球連盟 試合結果
407080,日野,令和7年度,2025(令和7年) 秋季東京都高等学校野球大会 一次予選,硬式野球,,,二回戦進出,一般財団法人 東京都高等学校野球連盟 試合結果
407080,日野,令和8年度,2026(令和8年) 春季東京都高等学校野球大会 (兼関東地区高等学校野球大会出場校決定戦),硬式野球,,,二回戦進出,一般財団法人 東京都高等学校野球連盟 試合結果
407090,日野台,令和4年度,2022(令和4年)年度 秋季東京都高等学校野球大会 一次予選,硬式野球,,,二回戦進出,一般財団法人 東京都高等学校野球連盟 試合結果
407090,日野台,令和5年度,2023(令和5年) 春季東京都高等学校野球大会 (兼関東地区高等学校野球大会出場校決定戦),硬式野球,,,二回戦進出,一般財団法人 東京都高等学校野球連盟 試合結果
407090,日野台,令和4年度,2023(令和5年) 春季東京都高等学校野球大会 一次予選,硬式野球,,,二回戦進出,一般財団法人 東京都高等学校野球連盟 試合結果
407090,日野台,令和5年度,2023(令和5年) 秋季東京都高等学校野球大会 一次予選,硬式野球,,,一回戦出場,一般財団法人 東京都高等学校野球連盟 試合結果
407090,日野台,令和5年度,2024(令和6年) 春季東京都高等学校野球大会 一次予選,硬式野球,,,一回戦出場,一般財団法人 東京都高等学校野球連盟 試合結果
407090,日野台,令和6年度,2024(令和6年) 秋季東京都高等学校野球大会,硬式野球,,,一回戦出場,一般財団法人 東京都高等学校野球連盟 試合結果
407090,日野台,令和6年度,2024(令和6年) 秋季東京都高等学校野球大会 一次予選,硬式野球,,,二回戦進出,一般財団法人 東京都高等学校野球連盟 試合結果
407090,日野台,令和7年度,2025(令和7年) 春季東京都高等学校野球大会 (兼関東地区高等学校野球大会出場校決定戦),硬式野球,,,一回戦出場,一般財団法人 東京都高等学校野球連盟 試合結果
407090,日野台,令和7年度,2025(令和7年) 秋季東京都高等学校野球大会 一次予選,硬式野球,,,一回戦出場,一般財団法人 東京都高等学校野球連盟 試合結果
407090,日野台,令和8年度,2026(令和8年) 春季東京都高等学校野球大会 (兼関東地区高等学校野球大会出場校決定戦),硬式野球,,,一回戦出場,一般財団法人 東京都高等学校野球連盟 試合結果
407090,日野台,令和7年度,2026(令和8年) 春季東京都高等学校野球大会 一次予選,硬式野球,,,二回戦進出,一般財団法人 東京都高等学校野球連盟 試合結果
408040,昭和,令和4年度,2022(令和4年)年度 秋季東京都高等学校野球大会 一次予選,硬式野球,,,二回戦進出,一般財団法人 東京都高等学校野球連盟 試合結果
408040,昭和,令和5年度,2023(令和5年) 春季東京都高等学校野球大会 (兼関東地区高等学校野球大会出場校決定戦),硬式野球,,,二回戦進出,一般財団法人 東京都高等学校野球連盟 試合結果
408040,昭和,令和4年度,2023(令和5年) 春季東京都高等学校野球大会 一次予選,硬式野球,,,二回戦進出,一般財団法人 東京都高等学校野球連盟 試合結果
408040,昭和,令和5年度,2023(令和5年) 秋季東京都高等学校野球大会,硬式野球,,,三回戦進出,一般財団法人 東京都高等学校野球連盟 試合結果
408040,昭和,令和5年度,2023(令和5年) 秋季東京都高等学校野球大会 一次予選,硬式野球,,,二回戦進出,一般財団法人 東京都高等学校野球連盟 試合結果
408040,昭和,令和6年度,2024(令和6年) 春季東京都高等学校野球大会 (兼関東地区高等学校野球大会出場校決定戦),硬式野球,,,二回戦進出,一般財団法人 東京都高等学校野球連盟 試合結果
408040,昭和,令和6年度,2024(令和6年) 秋季東京都高等学校野球大会,硬式野球,,,三回戦進出,一般財団法人 東京都高等学校野球連盟 試合結果
408040,昭和,令和6年度,2024(令和6年) 秋季東京都高等学校野球大会 一次予選,硬式野球,,,二回戦進出,一般財団法人 東京都高等学校野球連盟 試合結果
408040,昭和,令和7年度,2025(令和7年) 春季東京都高等学校野球大会 (兼関東地区高等学校野球大会出場校決定戦),硬式野球,,,二回戦進出,一般財団法人 東京都高等学校野球連盟 試合結果
408040,昭和,令和7年度,2025(令和7年) 秋季東京都高等学校野球大会 一次予選,硬式野球,,,一回戦出場,一般財団法人 東京都高等学校野球連盟 試合結果
408040,昭和,令和8年度,2026(令和8年) 春季東京都高等学校野球大会 (兼関東地区高等学校野球大会出場校決定戦),硬式野球,,,一回戦出場,一般財団法人 東京都高等学校野球連盟 試合結果
408040,昭和,令和7年度,2026(令和8年) 春季東京都高等学校野球大会 一次予選,硬式野球,,,二回戦進出,一般財団法人 東京都高等学校野球連盟 試合結果
403070,杉並,令和4年度,2022(令和4年)年度 秋季東京都高等学校野球大会 一次予選,硬式野球,,,一回戦出場,一般財団法人 東京都高等学校野球連盟 試合結果
403070,杉並,令和5年度,2023(令和5年) 春季東京都高等学校野球大会 (兼関東地区高等学校野球大会出場校決定戦),硬式野球,,,一回戦出場,一般財団法人 東京都高等学校野球連盟 試合結果
403070,杉並,令和5年度,2023(令和5年) 秋季東京都高等学校野球大会 一次予選,硬式野球,,,一回戦出場,一般財団法人 東京都高等学校野球連盟 試合結果
403070,杉並,令和5年度,2024(令和6年) 春季東京都高等学校野球大会 一次予選,硬式野球,,,二回戦進出,一般財団法人 東京都高等学校野球連盟 試合結果
403070,杉並,令和6年度,2024(令和6年) 秋季東京都高等学校野球大会 一次予選,硬式野球,,,二回戦進出,一般財団法人 東京都高等学校野球連盟 試合結果
403070,杉並,令和7年度,2025(令和7年) 春季東京都高等学校野球大会 (兼関東地区高等学校野球大会出場校決定戦),硬式野球,,,二回戦進出,一般財団法人 東京都高等学校野球連盟 試合結果
403070,杉並,令和6年度,2025(令和7年) 春季東京都高等学校野球大会 一次予選,硬式野球,,,二回戦進出,一般財団法人 東京都高等学校野球連盟 試合結果
403070,杉並,令和7年度,2025(令和7年) 秋季東京都高等学校野球大会,硬式野球,,,一回戦出場,一般財団法人 東京都高等学校野球連盟 試合結果
403070,杉並,令和7年度,2025(令和7年) 秋季東京都高等学校野球大会 一次予選,硬式野球,,,二回戦進出,一般財団法人 東京都高等学校野球連盟 試合結果
403070,杉並,令和8年度,2026(令和8年) 春季東京都高等学校野球大会 (兼関東地区高等学校野球大会出場校決定戦),硬式野球,,,二回戦進出,一般財団法人 東京都高等学校野球連盟 試合結果
403720,杉並工科,令和6年度,2024(令和6年) 秋季東京都高等学校野球大会 一次予選,硬式野球,,,二回戦進出,一般財団法人 東京都高等学校野球連盟 試合結果
403720,杉並工科,令和6年度,2025(令和7年) 春季東京都高等学校野球大会 一次予選,硬式野球,,,一回戦出場,一般財団法人 東京都高等学校野球連盟 試合結果
403720,杉並工科,令和7年度,2025(令和7年) 秋季東京都高等学校野球大会 一次予選,硬式野球,,,一回戦出場,一般財団法人 東京都高等学校野球連盟 試合結果
403720,杉並工科,令和7年度,2026(令和8年) 春季東京都高等学校野球大会 一次予選,硬式野球,,,一回戦出場,一般財団法人 東京都高等学校野球連盟 試合結果
406220,東,令和4年度,2022(令和4年)年度 秋季東京都高等学校野球大会 一次予選,硬式野球,,,一回戦出場,一般財団法人 東京都高等学校野球連盟 試合結果
406220,東,令和4年度,2023(令和5年) 春季東京都高等学校野球大会 一次予選,硬式野球,,,二回戦進出,一般財団法人 東京都高等学校野球連盟 試合結果
406220,東,令和5年度,2023(令和5年) 秋季東京都高等学校野球大会 一次予選,硬式野球,,,一回戦出場,一般財団法人 東京都高等学校野球連盟 試合結果
406220,東,令和5年度,2024(令和6年) 春季東京都高等学校野球大会 一次予選,硬式野球,,,一回戦出場,一般財団法人 東京都高等学校野球連盟 試合結果
406220,東,令和6年度,2024(令和6年) 秋季東京都高等学校野球大会 一次予選,硬式野球,,,一回戦出場,一般財団法人 東京都高等学校野球連盟 試合結果
406220,東,令和6年度,2025(令和7年) 春季東京都高等学校野球大会 一次予選,硬式野球,,,二回戦進出,一般財団法人 東京都高等学校野球連盟 試合結果
406220,東,令和7年度,2025(令和7年) 秋季東京都高等学校野球大会 一次予選,硬式野球,,,一回戦出場,一般財団法人 東京都高等学校野球連盟 試合結果
406220,東,令和7年度,2026(令和8年) 春季東京都高等学校野球大会 一次予選,硬式野球,,,二回戦進出,一般財団法人 東京都高等学校野球連盟 試合結果
406220,東,令和5年度,第105回全国高等学校野球選手権記念大会 東東京大会,硬式野球,,,二回戦進出,一般財団法人 東京都高等学校野球連盟 試合結果
406220,東,令和6年度,第106回全国高等学校野球選手権大会 東東京大会,硬式野球,,,二回戦進出,一般財団法人 東京都高等学校野球連盟 試合結果
406220,東,令和7年度,第107回全国高等学校野球選手権大会 東東京大会,硬式野球,,,二回戦進出,一般財団法人 東京都高等学校野球連盟 試合結果
406220,東,令和8年度,第108回全国高等学校野球選手権大会 東東京大会,硬式野球,,,三回戦進出,一般財団法人 東京都高等学校野球連盟 試合結果
408060,東大和,令和4年度,2022(令和4年)年度 秋季東京都高等学校野球大会 一次予選,硬式野球,,,二回戦進出,一般財団法人 東京都高等学校野球連盟 試合結果
408060,東大和,令和4年度,2023(令和5年) 春季東京都高等学校野球大会 一次予選,硬式野球,,,一回戦出場,一般財団法人 東京都高等学校野球連盟 試合結果
408060,東大和,令和5年度,2023(令和5年) 秋季東京都高等学校野球大会 一次予選,硬式野球,,,二回戦進出,一般財団法人 東京都高等学校野球連盟 試合結果
408060,東大和,令和6年度,2024(令和6年) 春季東京都高等学校野球大会 (兼関東地区高等学校野球大会出場校決定戦),硬式野球,,,一回戦出場,一般財団法人 東京都高等学校野球連盟 試合結果
408060,東大和,令和5年度,2024(令和6年) 春季東京都高等学校野球大会 一次予選,硬式野球,,,二回戦進出,一般財団法人 東京都高等学校野球連盟 試合結果
408060,東大和,令和6年度,2024(令和6年) 秋季東京都高等学校野球大会,硬式野球,,,二回戦進出,一般財団法人 東京都高等学校野球連盟 試合結果
408060,東大和,令和6年度,2024(令和6年) 秋季東京都高等学校野球大会 一次予選,硬式野球,,,二回戦進出,一般財団法人 東京都高等学校野球連盟 試合結果
408060,東大和,令和7年度,2025(令和7年) 春季東京都高等学校野球大会 (兼関東地区高等学校野球大会出場校決定戦),硬式野球,,,二回戦進出,一般財団法人 東京都高等学校野球連盟 試合結果
408060,東大和,令和7年度,2025(令和7年) 秋季東京都高等学校野球大会,硬式野球,,,一回戦出場,一般財団法人 東京都高等学校野球連盟 試合結果
408060,東大和,令和7年度,2025(令和7年) 秋季東京都高等学校野球大会 一次予選,硬式野球,,,二回戦進出,一般財団法人 東京都高等学校野球連盟 試合結果
408060,東大和,令和8年度,2026(令和8年) 春季東京都高等学校野球大会 (兼関東地区高等学校野球大会出場校決定戦),硬式野球,,,一回戦出場,一般財団法人 東京都高等学校野球連盟 試合結果
408090,東大和南,令和4年度,2022(令和4年) 秋季東京都高等学校野球大会,硬式野球,,,一回戦出場,一般財団法人 東京都高等学校野球連盟 試合結果
408090,東大和南,令和4年度,2022(令和4年)年度 秋季東京都高等学校野球大会 一次予選,硬式野球,,,二回戦進出,一般財団法人 東京都高等学校野球連盟 試合結果
408090,東大和南,令和5年度,2023(令和5年) 春季東京都高等学校野球大会 (兼関東地区高等学校野球大会出場校決定戦),硬式野球,,,二回戦進出,一般財団法人 東京都高等学校野球連盟 試合結果
408090,東大和南,令和5年度,2023(令和5年) 秋季東京都高等学校野球大会 一次予選,硬式野球,,,一回戦出場,一般財団法人 東京都高等学校野球連盟 試合結果
408090,東大和南,令和6年度,2024(令和6年) 春季東京都高等学校野球大会 (兼関東地区高等学校野球大会出場校決定戦),硬式野球,,,一回戦出場,一般財団法人 東京都高等学校野球連盟 試合結果
408090,東大和南,令和5年度,2024(令和6年) 春季東京都高等学校野球大会 一次予選,硬式野球,,,二回戦進出,一般財団法人 東京都高等学校野球連盟 試合結果
408090,東大和南,令和6年度,2024(令和6年) 秋季東京都高等学校野球大会 一次予選,硬式野球,,,一回戦出場,一般財団法人 東京都高等学校野球連盟 試合結果
408090,東大和南,令和6年度,2025(令和7年) 春季東京都高等学校野球大会 一次予選,硬式野球,,,一回戦出場,一般財団法人 東京都高等学校野球連盟 試合結果
408090,東大和南,令和7年度,2025(令和7年) 秋季東京都高等学校野球大会 一次予選,硬式野球,,,二回戦進出,一般財団法人 東京都高等学校野球連盟 試合結果
408090,東大和南,令和7年度,2026(令和8年) 春季東京都高等学校野球大会 一次予選,硬式野球,,,二回戦進出,一般財団法人 東京都高等学校野球連盟 試合結果
409230,東村山,令和4年度,2022(令和4年)年度 秋季東京都高等学校野球大会 一次予選,硬式野球,,,一回戦出場,一般財団法人 東京都高等学校野球連盟 試合結果
409230,東村山,令和4年度,2023(令和5年) 春季東京都高等学校野球大会 一次予選,硬式野球,,,一回戦出場,一般財団法人 東京都高等学校野球連盟 試合結果
409230,東村山,令和5年度,2023(令和5年) 秋季東京都高等学校野球大会 一次予選,硬式野球,,,二回戦進出,一般財団法人 東京都高等学校野球連盟 試合結果
409230,東村山,令和5年度,2024(令和6年) 春季東京都高等学校野球大会 一次予選,硬式野球,,,二回戦進出,一般財団法人 東京都高等学校野球連盟 試合結果
409230,東村山,令和7年度,2025(令和7年) 秋季東京都高等学校野球大会 一次予選,硬式野球,,,一回戦出場,一般財団法人 東京都高等学校野球連盟 試合結果
409230,東村山,令和7年度,2026(令和8年) 春季東京都高等学校野球大会 一次予選,硬式野球,,,二回戦進出,一般財団法人 東京都高等学校野球連盟 試合結果
409280,東村山西,令和4年度,2022(令和4年) 秋季東京都高等学校野球大会,硬式野球,,,一回戦出場,一般財団法人 東京都高等学校野球連盟 試合結果
409280,東村山西,令和4年度,2022(令和4年)年度 秋季東京都高等学校野球大会 一次予選,硬式野球,,,二回戦進出,一般財団法人 東京都高等学校野球連盟 試合結果
409280,東村山西,令和5年度,2023(令和5年) 春季東京都高等学校野球大会 (兼関東地区高等学校野球大会出場校決定戦),硬式野球,,,一回戦出場,一般財団法人 東京都高等学校野球連盟 試合結果
409280,東村山西,令和5年度,2023(令和5年) 秋季東京都高等学校野球大会 一次予選,硬式野球,,,一回戦出場,一般財団法人 東京都高等学校野球連盟 試合結果
409280,東村山西,令和6年度,2024(令和6年) 春季東京都高等学校野球大会 (兼関東地区高等学校野球大会出場校決定戦),硬式野球,,,二回戦進出,一般財団法人 東京都高等学校野球連盟 試合結果
409280,東村山西,令和5年度,2024(令和6年) 春季東京都高等学校野球大会 一次予選,硬式野球,,,二回戦進出,一般財団法人 東京都高等学校野球連盟 試合結果
409280,東村山西,令和6年度,2024(令和6年) 秋季東京都高等学校野球大会 一次予選,硬式野球,,,二回戦進出,一般財団法人 東京都高等学校野球連盟 試合結果
409280,東村山西,令和6年度,2025(令和7年) 春季東京都高等学校野球大会 一次予選,硬式野球,,,一回戦出場,一般財団法人 東京都高等学校野球連盟 試合結果
409280,東村山西,令和7年度,2025(令和7年) 秋季東京都高等学校野球大会 一次予選,硬式野球,,,二回戦進出,一般財団法人 東京都高等学校野球連盟 試合結果
409280,東村山西,令和8年度,2026(令和8年) 春季東京都高等学校野球大会 (兼関東地区高等学校野球大会出場校決定戦),硬式野球,,,一回戦出場,一般財団法人 東京都高等学校野球連盟 試合結果
407070,松が谷,令和4年度,2022(令和4年)年度 秋季東京都高等学校野球大会 一次予選,硬式野球,,,二回戦進出,一般財団法人 東京都高等学校野球連盟 試合結果
407070,松が谷,令和4年度,2023(令和5年) 春季東京都高等学校野球大会 一次予選,硬式野球,,,一回戦出場,一般財団法人 東京都高等学校野球連盟 試合結果
407070,松が谷,令和5年度,2023(令和5年) 秋季東京都高等学校野球大会 一次予選,硬式野球,,,一回戦出場,一般財団法人 東京都高等学校野球連盟 試合結果
407070,松が谷,令和5年度,2024(令和6年) 春季東京都高等学校野球大会 一次予選,硬式野球,,,二回戦進出,一般財団法人 東京都高等学校野球連盟 試合結果
407070,松が谷,令和6年度,2024(令和6年) 秋季東京都高等学校野球大会 一次予選,硬式野球,,,二回戦進出,一般財団法人 東京都高等学校野球連盟 試合結果
407070,松が谷,令和6年度,2025(令和7年) 春季東京都高等学校野球大会 一次予選,硬式野球,,,一回戦出場,一般財団法人 東京都高等学校野球連盟 試合結果
407070,松が谷,令和7年度,2025(令和7年) 秋季東京都高等学校野球大会 一次予選,硬式野球,,,一回戦出場,一般財団法人 東京都高等学校野球連盟 試合結果
407070,松が谷,令和8年度,2026(令和8年) 春季東京都高等学校野球大会 (兼関東地区高等学校野球大会出場校決定戦),硬式野球,,,一回戦出場,一般財団法人 東京都高等学校野球連盟 試合結果
407070,松が谷,令和7年度,2026(令和8年) 春季東京都高等学校野球大会 一次予選,硬式野球,,,二回戦進出,一般財団法人 東京都高等学校野球連盟 試合結果
402210,松原,令和4年度,2022(令和4年)年度 秋季東京都高等学校野球大会 一次予選,硬式野球,,,一回戦出場,一般財団法人 東京都高等学校野球連盟 試合結果
402210,松原,令和4年度,2023(令和5年) 春季東京都高等学校野球大会 一次予選,硬式野球,,,一回戦出場,一般財団法人 東京都高等学校野球連盟 試合結果
402210,松原,令和5年度,2023(令和5年) 秋季東京都高等学校野球大会 一次予選,硬式野球,,,二回戦進出,一般財団法人 東京都高等学校野球連盟 試合結果
402210,松原,令和5年度,2024(令和6年) 春季東京都高等学校野球大会 一次予選,硬式野球,,,一回戦出場,一般財団法人 東京都高等学校野球連盟 試合結果
402210,松原,令和6年度,2025(令和7年) 春季東京都高等学校野球大会 一次予選,硬式野球,,,一回戦出場,一般財団法人 東京都高等学校野球連盟 試合結果
402210,松原,令和7年度,2025(令和7年) 秋季東京都高等学校野球大会 一次予選,硬式野球,,,一回戦出場,一般財団法人 東京都高等学校野球連盟 試合結果
402210,松原,令和7年度,2026(令和8年) 春季東京都高等学校野球大会 一次予選,硬式野球,,,一回戦出場,一般財団法人 東京都高等学校野球連盟 試合結果
404220,板橋,令和4年度,2022(令和4年)年度 秋季東京都高等学校野球大会 一次予選,硬式野球,,,二回戦進出,一般財団法人 東京都高等学校野球連盟 試合結果
404220,板橋,令和4年度,2023(令和5年) 春季東京都高等学校野球大会 一次予選,硬式野球,,,一回戦出場,一般財団法人 東京都高等学校野球連盟 試合結果
404220,板橋,令和5年度,2023(令和5年) 秋季東京都高等学校野球大会,硬式野球,,,一回戦出場,一般財団法人 東京都高等学校野球連盟 試合結果
404220,板橋,令和5年度,2023(令和5年) 秋季東京都高等学校野球大会 一次予選,硬式野球,,,二回戦進出,一般財団法人 東京都高等学校野球連盟 試合結果
404220,板橋,令和6年度,2024(令和6年) 春季東京都高等学校野球大会 (兼関東地区高等学校野球大会出場校決定戦),硬式野球,,,一回戦出場,一般財団法人 東京都高等学校野球連盟 試合結果
404220,板橋,令和6年度,2024(令和6年) 秋季東京都高等学校野球大会 一次予選,硬式野球,,,二回戦進出,一般財団法人 東京都高等学校野球連盟 試合結果
404220,板橋,令和7年度,2025(令和7年) 春季東京都高等学校野球大会 (兼関東地区高等学校野球大会出場校決定戦),硬式野球,,,一回戦出場,一般財団法人 東京都高等学校野球連盟 試合結果
404220,板橋,令和6年度,2025(令和7年) 春季東京都高等学校野球大会 一次予選,硬式野球,,,二回戦進出,一般財団法人 東京都高等学校野球連盟 試合結果
404220,板橋,令和7年度,2025(令和7年) 秋季東京都高等学校野球大会 一次予選,硬式野球,,,一回戦出場,一般財団法人 東京都高等学校野球連盟 試合結果
404220,板橋,令和8年度,2026(令和8年) 春季東京都高等学校野球大会 (兼関東地区高等学校野球大会出場校決定戦),硬式野球,,,一回戦出場,一般財団法人 東京都高等学校野球連盟 試合結果
404220,板橋,令和7年度,2026(令和8年) 春季東京都高等学校野球大会 一次予選,硬式野球,,,二回戦進出,一般財団法人 東京都高等学校野球連盟 試合結果
404220,板橋,令和5年度,第105回全国高等学校野球選手権記念大会 東東京大会,硬式野球,,,三回戦進出,一般財団法人 東京都高等学校野球連盟 試合結果
404220,板橋,令和6年度,第106回全国高等学校野球選手権大会 東東京大会,硬式野球,,,三回戦進出,一般財団法人 東京都高等学校野球連盟 試合結果
404220,板橋,令和7年度,第107回全国高等学校野球選手権大会 東東京大会,硬式野球,,,二回戦進出,一般財団法人 東京都高等学校野球連盟 試合結果
404220,板橋,令和8年度,第108回全国高等学校野球選手権大会 東東京大会,硬式野球,,,三回戦進出,一般財団法人 東京都高等学校野球連盟 試合結果
404410,桐ヶ丘,令和4年度,2022(令和4年)年度 秋季東京都高等学校野球大会 一次予選,硬式野球,,,一回戦出場,一般財団法人 東京都高等学校野球連盟 試合結果
404410,桐ヶ丘,令和4年度,2023(令和5年) 春季東京都高等学校野球大会 一次予選,硬式野球,,,一回戦出場,一般財団法人 東京都高等学校野球連盟 試合結果
404410,桐ヶ丘,令和5年度,2023(令和5年) 秋季東京都高等学校野球大会 一次予選,硬式野球,,,一回戦出場,一般財団法人 東京都高等学校野球連盟 試合結果
404410,桐ヶ丘,令和5年度,2024(令和6年) 春季東京都高等学校野球大会 一次予選,硬式野球,,,一回戦出場,一般財団法人 東京都高等学校野球連盟 試合結果
404410,桐ヶ丘,令和6年度,2024(令和6年) 秋季東京都高等学校野球大会 一次予選,硬式野球,,,一回戦出場,一般財団法人 東京都高等学校野球連盟 試合結果
404410,桐ヶ丘,令和6年度,2025(令和7年) 春季東京都高等学校野球大会 一次予選,硬式野球,,,一回戦出場,一般財団法人 東京都高等学校野球連盟 試合結果
404410,桐ヶ丘,令和7年度,2025(令和7年) 秋季東京都高等学校野球大会 一次予選,硬式野球,,,二回戦進出,一般財団法人 東京都高等学校野球連盟 試合結果
404410,桐ヶ丘,令和7年度,2026(令和8年) 春季東京都高等学校野球大会 一次予選,硬式野球,,,一回戦出場,一般財団法人 東京都高等学校野球連盟 試合結果
404410,桐ヶ丘,令和5年度,第105回全国高等学校野球選手権記念大会 東東京大会,硬式野球,,,二回戦進出,一般財団法人 東京都高等学校野球連盟 試合結果
404410,桐ヶ丘,令和6年度,第106回全国高等学校野球選手権大会 東東京大会,硬式野球,,,二回戦進出,一般財団法人 東京都高等学校野球連盟 試合結果
404410,桐ヶ丘,令和7年度,第107回全国高等学校野球選手権大会 東東京大会,硬式野球,,,二回戦進出,一般財団法人 東京都高等学校野球連盟 試合結果
404410,桐ヶ丘,令和8年度,第108回全国高等学校野球選手権大会 東東京大会,硬式野球,,,二回戦進出,一般財団法人 東京都高等学校野球連盟 試合結果
402220,桜町,令和4年度,2022(令和4年)年度 秋季東京都高等学校野球大会 一次予選,硬式野球,,,一回戦出場,一般財団法人 東京都高等学校野球連盟 試合結果
402220,桜町,令和4年度,2023(令和5年) 春季東京都高等学校野球大会 一次予選,硬式野球,,,一回戦出場,一般財団法人 東京都高等学校野球連盟 試合結果
402220,桜町,令和5年度,2023(令和5年) 秋季東京都高等学校野球大会 一次予選,硬式野球,,,二回戦進出,一般財団法人 東京都高等学校野球連盟 試合結果
402220,桜町,令和6年度,2024(令和6年) 春季東京都高等学校野球大会 (兼関東地区高等学校野球大会出場校決定戦),硬式野球,,,一回戦出場,一般財団法人 東京都高等学校野球連盟 試合結果
402220,桜町,令和5年度,2024(令和6年) 春季東京都高等学校野球大会 一次予選,硬式野球,,,二回戦進出,一般財団法人 東京都高等学校野球連盟 試合結果
402220,桜町,令和6年度,2024(令和6年) 秋季東京都高等学校野球大会 一次予選,硬式野球,,,一回戦出場,一般財団法人 東京都高等学校野球連盟 試合結果
402220,桜町,令和6年度,2025(令和7年) 春季東京都高等学校野球大会 一次予選,硬式野球,,,一回戦出場,一般財団法人 東京都高等学校野球連盟 試合結果
402220,桜町,令和7年度,2025(令和7年) 秋季東京都高等学校野球大会,硬式野球,,,一回戦出場,一般財団法人 東京都高等学校野球連盟 試合結果
402220,桜町,令和8年度,2026(令和8年) 春季東京都高等学校野球大会 (兼関東地区高等学校野球大会出場校決定戦),硬式野球,,,一回戦出場,一般財団法人 東京都高等学校野球連盟 試合結果
406910,橘,令和5年度,2023(令和5年) 秋季東京都高等学校野球大会 一次予選,硬式野球,,,一回戦出場,一般財団法人 東京都高等学校野球連盟 試合結果
406910,橘,令和5年度,第105回全国高等学校野球選手権記念大会 東東京大会,硬式野球,,,二回戦進出,一般財団法人 東京都高等学校野球連盟 試合結果
409010,武蔵,令和7年度,2026(令和8年) 春季東京都高等学校野球大会 一次予選,硬式野球,,,一回戦出場,一般財団法人 東京都高等学校野球連盟 試合結果
403030,武蔵丘,令和4年度,2022(令和4年)年度 秋季東京都高等学校野球大会 一次予選,硬式野球,,,一回戦出場,一般財団法人 東京都高等学校野球連盟 試合結果
403030,武蔵丘,令和4年度,2023(令和5年) 春季東京都高等学校野球大会 一次予選,硬式野球,,,一回戦出場,一般財団法人 東京都高等学校野球連盟 試合結果
403030,武蔵丘,令和5年度,2023(令和5年) 秋季東京都高等学校野球大会,硬式野球,,,二回戦進出,一般財団法人 東京都高等学校野球連盟 試合結果
403030,武蔵丘,令和5年度,2023(令和5年) 秋季東京都高等学校野球大会 一次予選,硬式野球,,,二回戦進出,一般財団法人 東京都高等学校野球連盟 試合結果
403030,武蔵丘,令和6年度,2024(令和6年) 春季東京都高等学校野球大会 (兼関東地区高等学校野球大会出場校決定戦),硬式野球,,,二回戦進出,一般財団法人 東京都高等学校野球連盟 試合結果
403030,武蔵丘,令和6年度,2025(令和7年) 春季東京都高等学校野球大会 一次予選,硬式野球,,,二回戦進出,一般財団法人 東京都高等学校野球連盟 試合結果
403030,武蔵丘,令和7年度,2025(令和7年) 秋季東京都高等学校野球大会,硬式野球,,,一回戦出場,一般財団法人 東京都高等学校野球連盟 試合結果
403030,武蔵丘,令和7年度,2025(令和7年) 秋季東京都高等学校野球大会 一次予選,硬式野球,,,二回戦進出,一般財団法人 東京都高等学校野球連盟 試合結果
403030,武蔵丘,令和8年度,2026(令和8年) 春季東京都高等学校野球大会 (兼関東地区高等学校野球大会出場校決定戦),硬式野球,,,二回戦進出,一般財団法人 東京都高等学校野球連盟 試合結果
403030,武蔵丘,令和5年度,第105回全国高等学校野球選手権記念大会 東東京大会,硬式野球,,,四回戦進出,一般財団法人 東京都高等学校野球連盟 試合結果
403030,武蔵丘,令和6年度,第106回全国高等学校野球選手権大会 東東京大会,硬式野球,,,二回戦進出,一般財団法人 東京都高等学校野球連盟 試合結果
403030,武蔵丘,令和7年度,第107回全国高等学校野球選手権大会 東東京大会,硬式野球,,,二回戦進出,一般財団法人 東京都高等学校野球連盟 試合結果
403030,武蔵丘,令和8年度,第108回全国高等学校野球選手権大会 東東京大会,硬式野球,,,四回戦進出,一般財団法人 東京都高等学校野球連盟 試合結果
408070,武蔵村山,令和4年度,2022(令和4年)年度 秋季東京都高等学校野球大会 一次予選,硬式野球,,,一回戦出場,一般財団法人 東京都高等学校野球連盟 試合結果
408070,武蔵村山,令和4年度,2023(令和5年) 春季東京都高等学校野球大会 一次予選,硬式野球,,,一回戦出場,一般財団法人 東京都高等学校野球連盟 試合結果
408070,武蔵村山,令和5年度,2023(令和5年) 秋季東京都高等学校野球大会 一次予選,硬式野球,,,一回戦出場,一般財団法人 東京都高等学校野球連盟 試合結果
408070,武蔵村山,令和6年度,2024(令和6年) 春季東京都高等学校野球大会 (兼関東地区高等学校野球大会出場校決定戦),硬式野球,,,一回戦出場,一般財団法人 東京都高等学校野球連盟 試合結果
408070,武蔵村山,令和6年度,2024(令和6年) 秋季東京都高等学校野球大会 一次予選,硬式野球,,,二回戦進出,一般財団法人 東京都高等学校野球連盟 試合結果
408070,武蔵村山,令和6年度,2025(令和7年) 春季東京都高等学校野球大会 一次予選,硬式野球,,,一回戦出場,一般財団法人 東京都高等学校野球連盟 試合結果
408070,武蔵村山,令和7年度,2025(令和7年) 秋季東京都高等学校野球大会 一次予選,硬式野球,,,一回戦出場,一般財団法人 東京都高等学校野球連盟 試合結果
408070,武蔵村山,令和7年度,2026(令和8年) 春季東京都高等学校野球大会 一次予選,硬式野球,,,一回戦出場,一般財団法人 東京都高等学校野球連盟 試合結果
409020,武蔵野北,令和4年度,2022(令和4年)年度 秋季東京都高等学校野球大会 一次予選,硬式野球,,,一回戦出場,一般財団法人 東京都高等学校野球連盟 試合結果
409020,武蔵野北,令和4年度,2023(令和5年) 春季東京都高等学校野球大会 一次予選,硬式野球,,,二回戦進出,一般財団法人 東京都高等学校野球連盟 試合結果
409020,武蔵野北,令和5年度,2023(令和5年) 秋季東京都高等学校野球大会 一次予選,硬式野球,,,一回戦出場,一般財団法人 東京都高等学校野球連盟 試合結果
409020,武蔵野北,令和5年度,2024(令和6年) 春季東京都高等学校野球大会 一次予選,硬式野球,,,二回戦進出,一般財団法人 東京都高等学校野球連盟 試合結果
409020,武蔵野北,令和6年度,2024(令和6年) 秋季東京都高等学校野球大会 一次予選,硬式野球,,,一回戦出場,一般財団法人 東京都高等学校野球連盟 試合結果
409020,武蔵野北,令和6年度,2025(令和7年) 春季東京都高等学校野球大会 一次予選,硬式野球,,,一回戦出場,一般財団法人 東京都高等学校野球連盟 試合結果
409020,武蔵野北,令和7年度,2025(令和7年) 秋季東京都高等学校野球大会 一次予選,硬式野球,,,一回戦出場,一般財団法人 東京都高等学校野球連盟 試合結果
409020,武蔵野北,令和7年度,2026(令和8年) 春季東京都高等学校野球大会 一次予選,硬式野球,,,一回戦出場,一般財団法人 東京都高等学校野球連盟 試合結果
410250,永山,令和4年度,2022(令和4年)年度 秋季東京都高等学校野球大会 一次予選,硬式野球,,,一回戦出場,一般財団法人 東京都高等学校野球連盟 試合結果
410250,永山,令和4年度,2023(令和5年) 春季東京都高等学校野球大会 一次予選,硬式野球,,,一回戦出場,一般財団法人 東京都高等学校野球連盟 試合結果
410250,永山,令和5年度,2023(令和5年) 秋季東京都高等学校野球大会 一次予選,硬式野球,,,一回戦出場,一般財団法人 東京都高等学校野球連盟 試合結果
410250,永山,令和5年度,2024(令和6年) 春季東京都高等学校野球大会 一次予選,硬式野球,,,一回戦出場,一般財団法人 東京都高等学校野球連盟 試合結果
410250,永山,令和6年度,2024(令和6年) 秋季東京都高等学校野球大会 一次予選,硬式野球,,,一回戦出場,一般財団法人 東京都高等学校野球連盟 試合結果
410250,永山,令和6年度,2025(令和7年) 春季東京都高等学校野球大会 一次予選,硬式野球,,,一回戦出場,一般財団法人 東京都高等学校野球連盟 試合結果
410250,永山,令和7年度,2025(令和7年) 秋季東京都高等学校野球大会 一次予選,硬式野球,,,二回戦進出,一般財団法人 東京都高等学校野球連盟 試合結果
410250,永山,令和7年度,2026(令和8年) 春季東京都高等学校野球大会 一次予選,硬式野球,,,一回戦出場,一般財団法人 東京都高等学校野球連盟 試合結果
406250,江戸川,令和4年度,2022(令和4年)年度 秋季東京都高等学校野球大会 一次予選,硬式野球,,,二回戦進出,一般財団法人 東京都高等学校野球連盟 試合結果
406250,江戸川,令和5年度,2023(令和5年) 春季東京都高等学校野球大会 (兼関東地区高等学校野球大会出場校決定戦),硬式野球,,,二回戦進出,一般財団法人 東京都高等学校野球連盟 試合結果
406250,江戸川,令和4年度,2023(令和5年) 春季東京都高等学校野球大会 一次予選,硬式野球,,,二回戦進出,一般財団法人 東京都高等学校野球連盟 試合結果
406250,江戸川,令和5年度,2023(令和5年) 秋季東京都高等学校野球大会 一次予選,硬式野球,,,一回戦出場,一般財団法人 東京都高等学校野球連盟 試合結果
406250,江戸川,令和6年度,2024(令和6年) 春季東京都高等学校野球大会 (兼関東地区高等学校野球大会出場校決定戦),硬式野球,,,一回戦出場,一般財団法人 東京都高等学校野球連盟 試合結果
406250,江戸川,令和5年度,2024(令和6年) 春季東京都高等学校野球大会 一次予選,硬式野球,,,二回戦進出,一般財団法人 東京都高等学校野球連盟 試合結果
406250,江戸川,令和6年度,2024(令和6年) 秋季東京都高等学校野球大会 一次予選,硬式野球,,,一回戦出場,一般財団法人 東京都高等学校野球連盟 試合結果
406250,江戸川,令和7年度,2025(令和7年) 春季東京都高等学校野球大会 (兼関東地区高等学校野球大会出場校決定戦),硬式野球,,,四回戦進出,一般財団法人 東京都高等学校野球連盟 試合結果
406250,江戸川,令和6年度,2025(令和7年) 春季東京都高等学校野球大会 一次予選,硬式野球,,,二回戦進出,一般財団法人 東京都高等学校野球連盟 試合結果
406250,江戸川,令和7年度,2025(令和7年) 秋季東京都高等学校野球大会,硬式野球,,,一回戦出場,一般財団法人 東京都高等学校野球連盟 試合結果
406250,江戸川,令和7年度,2025(令和7年) 秋季東京都高等学校野球大会 一次予選,硬式野球,,,二回戦進出,一般財団法人 東京都高等学校野球連盟 試合結果
406250,江戸川,令和8年度,2026(令和8年) 春季東京都高等学校野球大会 (兼関東地区高等学校野球大会出場校決定戦),硬式野球,,,三回戦進出,一般財団法人 東京都高等学校野球連盟 試合結果
406250,江戸川,令和5年度,第105回全国高等学校野球選手権記念大会 東東京大会,硬式野球,,,三回戦進出,一般財団法人 東京都高等学校野球連盟 試合結果
406250,江戸川,令和6年度,第106回全国高等学校野球選手権大会 東東京大会,硬式野球,,,四回戦進出,一般財団法人 東京都高等学校野球連盟 試合結果
406250,江戸川,令和7年度,第107回全国高等学校野球選手権大会 東東京大会,硬式野球,,,ベスト8,一般財団法人 東京都高等学校野球連盟 試合結果
406250,江戸川,令和8年度,第108回全国高等学校野球選手権大会 東東京大会,硬式野球,,,四回戦進出,一般財団法人 東京都高等学校野球連盟 試合結果
405520,浅草,令和4年度,2022(令和4年)年度 秋季東京都高等学校野球大会 一次予選,硬式野球,,,一回戦出場,一般財団法人 東京都高等学校野球連盟 試合結果
405520,浅草,令和4年度,2023(令和5年) 春季東京都高等学校野球大会 一次予選,硬式野球,,,一回戦出場,一般財団法人 東京都高等学校野球連盟 試合結果
405520,浅草,令和5年度,第105回全国高等学校野球選手権記念大会 東東京大会,硬式野球,,,三回戦進出,一般財団法人 東京都高等学校野球連盟 試合結果
406210,深川,令和4年度,2022(令和4年)年度 秋季東京都高等学校野球大会 一次予選,硬式野球,,,一回戦出場,一般財団法人 東京都高等学校野球連盟 試合結果
406210,深川,令和4年度,2023(令和5年) 春季東京都高等学校野球大会 一次予選,硬式野球,,,一回戦出場,一般財団法人 東京都高等学校野球連盟 試合結果
406210,深川,令和5年度,2023(令和5年) 秋季東京都高等学校野球大会 一次予選,硬式野球,,,一回戦出場,一般財団法人 東京都高等学校野球連盟 試合結果
406210,深川,令和5年度,2024(令和6年) 春季東京都高等学校野球大会 一次予選,硬式野球,,,一回戦出場,一般財団法人 東京都高等学校野球連盟 試合結果
406210,深川,令和6年度,2024(令和6年) 秋季東京都高等学校野球大会 一次予選,硬式野球,,,一回戦出場,一般財団法人 東京都高等学校野球連盟 試合結果
406210,深川,令和6年度,2025(令和7年) 春季東京都高等学校野球大会 一次予選,硬式野球,,,一回戦出場,一般財団法人 東京都高等学校野球連盟 試合結果
406210,深川,令和7年度,2025(令和7年) 秋季東京都高等学校野球大会 一次予選,硬式野球,,,一回戦出場,一般財団法人 東京都高等学校野球連盟 試合結果
406210,深川,令和7年度,2026(令和8年) 春季東京都高等学校野球大会 一次予選,硬式野球,,,一回戦出場,一般財団法人 東京都高等学校野球連盟 試合結果
406210,深川,令和5年度,第105回全国高等学校野球選手権記念大会 東東京大会,硬式野球,,,三回戦進出,一般財団法人 東京都高等学校野球連盟 試合結果
406210,深川,令和6年度,第106回全国高等学校野球選手権大会 東東京大会,硬式野球,,,一回戦出場,一般財団法人 東京都高等学校野球連盟 試合結果
406210,深川,令和7年度,第107回全国高等学校野球選手権大会 東東京大会,硬式野球,,,三回戦進出,一般財団法人 東京都高等学校野球連盟 試合結果
406210,深川,令和8年度,第108回全国高等学校野球選手権大会 東東京大会,硬式野球,,,二回戦進出,一般財団法人 東京都高等学校野球連盟 試合結果
402270,深沢,令和4年度,2022(令和4年)年度 秋季東京都高等学校野球大会 一次予選,硬式野球,,,一回戦出場,一般財団法人 東京都高等学校野球連盟 試合結果
402270,深沢,令和4年度,2023(令和5年) 春季東京都高等学校野球大会 一次予選,硬式野球,,,一回戦出場,一般財団法人 東京都高等学校野球連盟 試合結果
402270,深沢,令和5年度,2023(令和5年) 秋季東京都高等学校野球大会 一次予選,硬式野球,,,一回戦出場,一般財団法人 東京都高等学校野球連盟 試合結果
402270,深沢,令和5年度,2024(令和6年) 春季東京都高等学校野球大会 一次予選,硬式野球,,,一回戦出場,一般財団法人 東京都高等学校野球連盟 試合結果
402270,深沢,令和6年度,2024(令和6年) 秋季東京都高等学校野球大会 一次予選,硬式野球,,,一回戦出場,一般財団法人 東京都高等学校野球連盟 試合結果
402270,深沢,令和6年度,2025(令和7年) 春季東京都高等学校野球大会 一次予選,硬式野球,,,一回戦出場,一般財団法人 東京都高等学校野球連盟 試合結果
402270,深沢,令和7年度,2025(令和7年) 秋季東京都高等学校野球大会 一次予選,硬式野球,,,一回戦出場,一般財団法人 東京都高等学校野球連盟 試合結果
402270,深沢,令和7年度,2026(令和8年) 春季東京都高等学校野球大会 一次予選,硬式野球,,,一回戦出場,一般財団法人 東京都高等学校野球連盟 試合結果
405230,淵江,令和4年度,2022(令和4年)年度 秋季東京都高等学校野球大会 一次予選,硬式野球,,,二回戦進出,一般財団法人 東京都高等学校野球連盟 試合結果
405230,淵江,令和4年度,2023(令和5年) 春季東京都高等学校野球大会 一次予選,硬式野球,,,一回戦出場,一般財団法人 東京都高等学校野球連盟 試合結果
405230,淵江,令和5年度,2023(令和5年) 秋季東京都高等学校野球大会,硬式野球,,,一回戦出場,一般財団法人 東京都高等学校野球連盟 試合結果
405230,淵江,令和6年度,2024(令和6年) 春季東京都高等学校野球大会 (兼関東地区高等学校野球大会出場校決定戦),硬式野球,,,一回戦出場,一般財団法人 東京都高等学校野球連盟 試合結果
405230,淵江,令和6年度,2024(令和6年) 秋季東京都高等学校野球大会 一次予選,硬式野球,,,一回戦出場,一般財団法人 東京都高等学校野球連盟 試合結果
405230,淵江,令和6年度,2025(令和7年) 春季東京都高等学校野球大会 一次予選,硬式野球,,,一回戦出場,一般財団法人 東京都高等学校野球連盟 試合結果
405230,淵江,令和7年度,2025(令和7年) 秋季東京都高等学校野球大会 一次予選,硬式野球,,,一回戦出場,一般財団法人 東京都高等学校野球連盟 試合結果
405230,淵江,令和7年度,2026(令和8年) 春季東京都高等学校野球大会 一次予選,硬式野球,,,一回戦出場,一般財団法人 東京都高等学校野球連盟 試合結果
405230,淵江,令和5年度,第105回全国高等学校野球選手権記念大会 東東京大会,硬式野球,,,三回戦進出,一般財団法人 東京都高等学校野球連盟 試合結果
405230,淵江,令和6年度,第106回全国高等学校野球選手権大会 東東京大会,硬式野球,,,二回戦進出,一般財団法人 東京都高等学校野球連盟 試合結果
405230,淵江,令和7年度,第107回全国高等学校野球選手権大会 東東京大会,硬式野球,,,二回戦進出,一般財団法人 東京都高等学校野球連盟 試合結果
405230,淵江,令和8年度,第108回全国高等学校野球選手権大会 東東京大会,硬式野球,,,二回戦進出,一般財団法人 東京都高等学校野球連盟 試合結果
409250,清瀬,令和4年度,2022(令和4年)年度 秋季東京都高等学校野球大会 一次予選,硬式野球,,,一回戦出場,一般財団法人 東京都高等学校野球連盟 試合結果
409250,清瀬,令和4年度,2023(令和5年) 春季東京都高等学校野球大会 一次予選,硬式野球,,,二回戦進出,一般財団法人 東京都高等学校野球連盟 試合結果
409250,清瀬,令和5年度,2023(令和5年) 秋季東京都高等学校野球大会,硬式野球,,,一回戦出場,一般財団法人 東京都高等学校野球連盟 試合結果
409250,清瀬,令和5年度,2023(令和5年) 秋季東京都高等学校野球大会 一次予選,硬式野球,,,二回戦進出,一般財団法人 東京都高等学校野球連盟 試合結果
409250,清瀬,令和6年度,2024(令和6年) 春季東京都高等学校野球大会 (兼関東地区高等学校野球大会出場校決定戦),硬式野球,,,一回戦出場,一般財団法人 東京都高等学校野球連盟 試合結果
409250,清瀬,令和6年度,2024(令和6年) 秋季東京都高等学校野球大会 一次予選,硬式野球,,,一回戦出場,一般財団法人 東京都高等学校野球連盟 試合結果
409250,清瀬,令和6年度,2025(令和7年) 春季東京都高等学校野球大会 一次予選,硬式野球,,,二回戦進出,一般財団法人 東京都高等学校野球連盟 試合結果
409250,清瀬,令和7年度,2025(令和7年) 秋季東京都高等学校野球大会 一次予選,硬式野球,,,一回戦出場,一般財団法人 東京都高等学校野球連盟 試合結果
409250,清瀬,令和7年度,2026(令和8年) 春季東京都高等学校野球大会 一次予選,硬式野球,,,一回戦出場,一般財団法人 東京都高等学校野球連盟 試合結果
407030,片倉,令和4年度,2022(令和4年) 秋季東京都高等学校野球大会,硬式野球,,,二回戦進出,一般財団法人 東京都高等学校野球連盟 試合結果
407030,片倉,令和4年度,2022(令和4年)年度 秋季東京都高等学校野球大会 一次予選,硬式野球,,,二回戦進出,一般財団法人 東京都高等学校野球連盟 試合結果
407030,片倉,令和5年度,2023(令和5年) 春季東京都高等学校野球大会 (兼関東地区高等学校野球大会出場校決定戦),硬式野球,,,二回戦進出,一般財団法人 東京都高等学校野球連盟 試合結果
407030,片倉,令和5年度,2023(令和5年) 秋季東京都高等学校野球大会,硬式野球,,,一回戦出場,一般財団法人 東京都高等学校野球連盟 試合結果
407030,片倉,令和5年度,2023(令和5年) 秋季東京都高等学校野球大会 一次予選,硬式野球,,,二回戦進出,一般財団法人 東京都高等学校野球連盟 試合結果
407030,片倉,令和6年度,2024(令和6年) 春季東京都高等学校野球大会 (兼関東地区高等学校野球大会出場校決定戦),硬式野球,,,三回戦進出,一般財団法人 東京都高等学校野球連盟 試合結果
407030,片倉,令和6年度,2024(令和6年) 秋季東京都高等学校野球大会 一次予選,硬式野球,,,二回戦進出,一般財団法人 東京都高等学校野球連盟 試合結果
407030,片倉,令和7年度,2025(令和7年) 春季東京都高等学校野球大会 (兼関東地区高等学校野球大会出場校決定戦),硬式野球,,,二回戦進出,一般財団法人 東京都高等学校野球連盟 試合結果
407030,片倉,令和6年度,2025(令和7年) 春季東京都高等学校野球大会 一次予選,硬式野球,,,二回戦進出,一般財団法人 東京都高等学校野球連盟 試合結果
407030,片倉,令和7年度,2025(令和7年) 秋季東京都高等学校野球大会,硬式野球,,,二回戦進出,一般財団法人 東京都高等学校野球連盟 試合結果
407030,片倉,令和7年度,2025(令和7年) 秋季東京都高等学校野球大会 一次予選,硬式野球,,,二回戦進出,一般財団法人 東京都高等学校野球連盟 試合結果
407030,片倉,令和8年度,2026(令和8年) 春季東京都高等学校野球大会 (兼関東地区高等学校野球大会出場校決定戦),硬式野球,,,一回戦出場,一般財団法人 東京都高等学校野球連盟 試合結果
410050,狛江,令和4年度,2022(令和4年) 秋季東京都高等学校野球大会,硬式野球,,,一回戦出場,一般財団法人 東京都高等学校野球連盟 試合結果
410050,狛江,令和5年度,2023(令和5年) 春季東京都高等学校野球大会 (兼関東地区高等学校野球大会出場校決定戦),硬式野球,,,一回戦出場,一般財団法人 東京都高等学校野球連盟 試合結果
410050,狛江,令和5年度,2023(令和5年) 秋季東京都高等学校野球大会 一次予選,硬式野球,,,一回戦出場,一般財団法人 東京都高等学校野球連盟 試合結果
410050,狛江,令和5年度,2024(令和6年) 春季東京都高等学校野球大会 一次予選,硬式野球,,,二回戦進出,一般財団法人 東京都高等学校野球連盟 試合結果
410050,狛江,令和6年度,2024(令和6年) 秋季東京都高等学校野球大会,硬式野球,,,一回戦出場,一般財団法人 東京都高等学校野球連盟 試合結果
410050,狛江,令和6年度,2024(令和6年) 秋季東京都高等学校野球大会 一次予選,硬式野球,,,二回戦進出,一般財団法人 東京都高等学校野球連盟 試合結果
410050,狛江,令和7年度,2025(令和7年) 春季東京都高等学校野球大会 (兼関東地区高等学校野球大会出場校決定戦),硬式野球,,,二回戦進出,一般財団法人 東京都高等学校野球連盟 試合結果
410050,狛江,令和7年度,2025(令和7年) 秋季東京都高等学校野球大会,硬式野球,,,二回戦進出,一般財団法人 東京都高等学校野球連盟 試合結果
410050,狛江,令和7年度,2025(令和7年) 秋季東京都高等学校野球大会 一次予選,硬式野球,,,二回戦進出,一般財団法人 東京都高等学校野球連盟 試合結果
410050,狛江,令和8年度,2026(令和8年) 春季東京都高等学校野球大会 (兼関東地区高等学校野球大会出場校決定戦),硬式野球,,,二回戦進出,一般財団法人 東京都高等学校野球連盟 試合結果
404420,王子総合,令和4年度,2022(令和4年) 秋季東京都高等学校野球大会,硬式野球,,,二回戦進出,一般財団法人 東京都高等学校野球連盟 試合結果
404420,王子総合,令和4年度,2022(令和4年)年度 秋季東京都高等学校野球大会 一次予選,硬式野球,,,二回戦進出,一般財団法人 東京都高等学校野球連盟 試合結果
404420,王子総合,令和5年度,2023(令和5年) 春季東京都高等学校野球大会 (兼関東地区高等学校野球大会出場校決定戦),硬式野球,,,二回戦進出,一般財団法人 東京都高等学校野球連盟 試合結果
404420,王子総合,令和5年度,2023(令和5年) 秋季東京都高等学校野球大会 一次予選,硬式野球,,,一回戦出場,一般財団法人 東京都高等学校野球連盟 試合結果
404420,王子総合,令和5年度,2024(令和6年) 春季東京都高等学校野球大会 一次予選,硬式野球,,,一回戦出場,一般財団法人 東京都高等学校野球連盟 試合結果
404420,王子総合,令和6年度,2024(令和6年) 秋季東京都高等学校野球大会 一次予選,硬式野球,,,一回戦出場,一般財団法人 東京都高等学校野球連盟 試合結果
404420,王子総合,令和6年度,2025(令和7年) 春季東京都高等学校野球大会 一次予選,硬式野球,,,二回戦進出,一般財団法人 東京都高等学校野球連盟 試合結果
404420,王子総合,令和7年度,2025(令和7年) 秋季東京都高等学校野球大会 一次予選,硬式野球,,,一回戦出場,一般財団法人 東京都高等学校野球連盟 試合結果
404420,王子総合,令和7年度,2026(令和8年) 春季東京都高等学校野球大会 一次予選,硬式野球,,,一回戦出場,一般財団法人 東京都高等学校野球連盟 試合結果
404420,王子総合,令和5年度,第105回全国高等学校野球選手権記念大会 東東京大会,硬式野球,,,三回戦進出,一般財団法人 東京都高等学校野球連盟 試合結果
404420,王子総合,令和6年度,第106回全国高等学校野球選手権大会 東東京大会,硬式野球,,,二回戦進出,一般財団法人 東京都高等学校野球連盟 試合結果
404420,王子総合,令和7年度,第107回全国高等学校野球選手権大会 東東京大会,硬式野球,,,二回戦進出,一般財団法人 東京都高等学校野球連盟 試合結果
404420,王子総合,令和8年度,第108回全国高等学校野球選手権大会 東東京大会,硬式野球,,,三回戦進出,一般財団法人 東京都高等学校野球連盟 試合結果
408820,瑞穂農芸,令和4年度,2022(令和4年)年度 秋季東京都高等学校野球大会 一次予選,硬式野球,,,一回戦出場,一般財団法人 東京都高等学校野球連盟 試合結果
408820,瑞穂農芸,令和4年度,2023(令和5年) 春季東京都高等学校野球大会 一次予選,硬式野球,,,一回戦出場,一般財団法人 東京都高等学校野球連盟 試合結果
408820,瑞穂農芸,令和5年度,2023(令和5年) 秋季東京都高等学校野球大会 一次予選,硬式野球,,,一回戦出場,一般財団法人 東京都高等学校野球連盟 試合結果
408820,瑞穂農芸,令和5年度,2024(令和6年) 春季東京都高等学校野球大会 一次予選,硬式野球,,,一回戦出場,一般財団法人 東京都高等学校野球連盟 試合結果
408820,瑞穂農芸,令和6年度,2024(令和6年) 秋季東京都高等学校野球大会 一次予選,硬式野球,,,一回戦出場,一般財団法人 東京都高等学校野球連盟 試合結果
408820,瑞穂農芸,令和6年度,2025(令和7年) 春季東京都高等学校野球大会 一次予選,硬式野球,,,一回戦出場,一般財団法人 東京都高等学校野球連盟 試合結果
408820,瑞穂農芸,令和7年度,2025(令和7年) 秋季東京都高等学校野球大会 一次予選,硬式野球,,,一回戦出場,一般財団法人 東京都高等学校野球連盟 試合結果
408820,瑞穂農芸,令和7年度,2026(令和8年) 春季東京都高等学校野球大会 一次予選,硬式野球,,,一回戦出場,一般財団法人 東京都高等学校野球連盟 試合結果
401260,田園調布,令和4年度,2022(令和4年)年度 秋季東京都高等学校野球大会 一次予選,硬式野球,,,一回戦出場,一般財団法人 東京都高等学校野球連盟 試合結果
401260,田園調布,令和4年度,2023(令和5年) 春季東京都高等学校野球大会 一次予選,硬式野球,,,一回戦出場,一般財団法人 東京都高等学校野球連盟 試合結果
401260,田園調布,令和5年度,2023(令和5年) 秋季東京都高等学校野球大会 一次予選,硬式野球,,,一回戦出場,一般財団法人 東京都高等学校野球連盟 試合結果
401260,田園調布,令和6年度,2024(令和6年) 秋季東京都高等学校野球大会 一次予選,硬式野球,,,一回戦出場,一般財団法人 東京都高等学校野球連盟 試合結果
401260,田園調布,令和7年度,2025(令和7年) 秋季東京都高等学校野球大会 一次予選,硬式野球,,,二回戦進出,一般財団法人 東京都高等学校野球連盟 試合結果
401260,田園調布,令和8年度,2026(令和8年) 春季東京都高等学校野球大会 (兼関東地区高等学校野球大会出場校決定戦),硬式野球,,,一回戦出場,一般財団法人 東京都高等学校野球連盟 試合結果
401260,田園調布,令和5年度,第105回全国高等学校野球選手権記念大会 東東京大会,硬式野球,,,一回戦出場,一般財団法人 東京都高等学校野球連盟 試合結果
401260,田園調布,令和6年度,第106回全国高等学校野球選手権大会 東東京大会,硬式野球,,,二回戦進出,一般財団法人 東京都高等学校野球連盟 試合結果
401260,田園調布,令和7年度,第107回全国高等学校野球選手権大会 東東京大会,硬式野球,,,二回戦進出,一般財団法人 東京都高等学校野球連盟 試合結果
401260,田園調布,令和8年度,第108回全国高等学校野球選手権大会 東東京大会,硬式野球,,,五回戦進出,一般財団法人 東京都高等学校野球連盟 試合結果
403280,田柄,令和4年度,2022(令和4年)年度 秋季東京都高等学校野球大会 一次予選,硬式野球,,,一回戦出場,一般財団法人 東京都高等学校野球連盟 試合結果
403280,田柄,令和5年度,2023(令和5年) 春季東京都高等学校野球大会 (兼関東地区高等学校野球大会出場校決定戦),硬式野球,,,二回戦進出,一般財団法人 東京都高等学校野球連盟 試合結果
403280,田柄,令和4年度,2023(令和5年) 春季東京都高等学校野球大会 一次予選,硬式野球,,,二回戦進出,一般財団法人 東京都高等学校野球連盟 試合結果
403280,田柄,令和5年度,2023(令和5年) 秋季東京都高等学校野球大会 一次予選,硬式野球,,,一回戦出場,一般財団法人 東京都高等学校野球連盟 試合結果
403280,田柄,令和5年度,2024(令和6年) 春季東京都高等学校野球大会 一次予選,硬式野球,,,一回戦出場,一般財団法人 東京都高等学校野球連盟 試合結果
403280,田柄,令和6年度,2024(令和6年) 秋季東京都高等学校野球大会 一次予選,硬式野球,,,一回戦出場,一般財団法人 東京都高等学校野球連盟 試合結果
403280,田柄,令和6年度,2025(令和7年) 春季東京都高等学校野球大会 一次予選,硬式野球,,,一回戦出場,一般財団法人 東京都高等学校野球連盟 試合結果
409070,田無,令和4年度,2022(令和4年)年度 秋季東京都高等学校野球大会 一次予選,硬式野球,,,一回戦出場,一般財団法人 東京都高等学校野球連盟 試合結果
409070,田無,令和5年度,2023(令和5年) 春季東京都高等学校野球大会 (兼関東地区高等学校野球大会出場校決定戦),硬式野球,,,一回戦出場,一般財団法人 東京都高等学校野球連盟 試合結果
409070,田無,令和5年度,2023(令和5年) 秋季東京都高等学校野球大会 一次予選,硬式野球,,,二回戦進出,一般財団法人 東京都高等学校野球連盟 試合結果
409070,田無,令和5年度,2024(令和6年) 春季東京都高等学校野球大会 一次予選,硬式野球,,,二回戦進出,一般財団法人 東京都高等学校野球連盟 試合結果
409070,田無,令和6年度,2024(令和6年) 秋季東京都高等学校野球大会 一次予選,硬式野球,,,二回戦進出,一般財団法人 東京都高等学校野球連盟 試合結果
409070,田無,令和6年度,2025(令和7年) 春季東京都高等学校野球大会 一次予選,硬式野球,,,二回戦進出,一般財団法人 東京都高等学校野球連盟 試合結果
409070,田無,令和7年度,2025(令和7年) 秋季東京都高等学校野球大会 一次予選,硬式野球,,,二回戦進出,一般財団法人 東京都高等学校野球連盟 試合結果
409070,田無,令和7年度,2026(令和8年) 春季東京都高等学校野球大会 一次予選,硬式野球,,,二回戦進出,一般財団法人 東京都高等学校野球連盟 試合結果
409720,田無工科,令和5年度,2023(令和5年) 秋季東京都高等学校野球大会 一次予選,硬式野球,,,一回戦出場,一般財団法人 東京都高等学校野球連盟 試合結果
409720,田無工科,令和5年度,2024(令和6年) 春季東京都高等学校野球大会 一次予選,硬式野球,,,一回戦出場,一般財団法人 東京都高等学校野球連盟 試合結果
409720,田無工科,令和6年度,2024(令和6年) 秋季東京都高等学校野球大会 一次予選,硬式野球,,,一回戦出場,一般財団法人 東京都高等学校野球連盟 試合結果
409720,田無工科,令和6年度,2025(令和7年) 春季東京都高等学校野球大会 一次予選,硬式野球,,,一回戦出場,一般財団法人 東京都高等学校野球連盟 試合結果
409720,田無工科,令和7年度,2025(令和7年) 秋季東京都高等学校野球大会 一次予選,硬式野球,,,一回戦出場,一般財団法人 東京都高等学校野球連盟 試合結果
409720,田無工科,令和7年度,2026(令和8年) 春季東京都高等学校野球大会 一次予選,硬式野球,,,二回戦進出,一般財団法人 東京都高等学校野球連盟 試合結果
407210,町田,令和4年度,2022(令和4年) 秋季東京都高等学校野球大会,硬式野球,,,一回戦出場,一般財団法人 東京都高等学校野球連盟 試合結果
407210,町田,令和4年度,2022(令和4年)年度 秋季東京都高等学校野球大会 一次予選,硬式野球,,,二回戦進出,一般財団法人 東京都高等学校野球連盟 試合結果
407210,町田,令和5年度,2023(令和5年) 春季東京都高等学校野球大会 (兼関東地区高等学校野球大会出場校決定戦),硬式野球,,,二回戦進出,一般財団法人 東京都高等学校野球連盟 試合結果
407210,町田,令和5年度,2023(令和5年) 秋季東京都高等学校野球大会 一次予選,硬式野球,,,一回戦出場,一般財団法人 東京都高等学校野球連盟 試合結果
407210,町田,令和6年度,2024(令和6年) 春季東京都高等学校野球大会 (兼関東地区高等学校野球大会出場校決定戦),硬式野球,,,一回戦出場,一般財団法人 東京都高等学校野球連盟 試合結果
407210,町田,令和5年度,2024(令和6年) 春季東京都高等学校野球大会 一次予選,硬式野球,,,二回戦進出,一般財団法人 東京都高等学校野球連盟 試合結果
407210,町田,令和6年度,2024(令和6年) 秋季東京都高等学校野球大会 一次予選,硬式野球,,,一回戦出場,一般財団法人 東京都高等学校野球連盟 試合結果
407210,町田,令和6年度,2025(令和7年) 春季東京都高等学校野球大会 一次予選,硬式野球,,,二回戦進出,一般財団法人 東京都高等学校野球連盟 試合結果
407210,町田,令和7年度,2025(令和7年) 秋季東京都高等学校野球大会,硬式野球,,,一回戦出場,一般財団法人 東京都高等学校野球連盟 試合結果
407210,町田,令和7年度,2025(令和7年) 秋季東京都高等学校野球大会 一次予選,硬式野球,,,二回戦進出,一般財団法人 東京都高等学校野球連盟 試合結果
407210,町田,令和8年度,2026(令和8年) 春季東京都高等学校野球大会 (兼関東地区高等学校野球大会出場校決定戦),硬式野球,,,一回戦出場,一般財団法人 東京都高等学校野球連盟 試合結果
407720,町田工科,令和5年度,2023(令和5年) 秋季東京都高等学校野球大会 一次予選,硬式野球,,,一回戦出場,一般財団法人 東京都高等学校野球連盟 試合結果
407720,町田工科,令和6年度,2024(令和6年) 秋季東京都高等学校野球大会 一次予選,硬式野球,,,一回戦出場,一般財団法人 東京都高等学校野球連盟 試合結果
407720,町田工科,令和6年度,2025(令和7年) 春季東京都高等学校野球大会 一次予選,硬式野球,,,一回戦出場,一般財団法人 東京都高等学校野球連盟 試合結果
407720,町田工科,令和7年度,2026(令和8年) 春季東京都高等学校野球大会 一次予選,硬式野球,,,二回戦進出,一般財団法人 東京都高等学校野球連盟 試合結果
402040,目黒,令和4年度,2022(令和4年) 秋季東京都高等学校野球大会,硬式野球,,,二回戦進出,一般財団法人 東京都高等学校野球連盟 試合結果
402040,目黒,令和4年度,2022(令和4年)年度 秋季東京都高等学校野球大会 一次予選,硬式野球,,,二回戦進出,一般財団法人 東京都高等学校野球連盟 試合結果
402040,目黒,令和5年度,2023(令和5年) 春季東京都高等学校野球大会 (兼関東地区高等学校野球大会出場校決定戦),硬式野球,,,一回戦出場,一般財団法人 東京都高等学校野球連盟 試合結果
402040,目黒,令和5年度,2023(令和5年) 秋季東京都高等学校野球大会 一次予選,硬式野球,,,二回戦進出,一般財団法人 東京都高等学校野球連盟 試合結果
402040,目黒,令和5年度,2024(令和6年) 春季東京都高等学校野球大会 一次予選,硬式野球,,,一回戦出場,一般財団法人 東京都高等学校野球連盟 試合結果
402040,目黒,令和6年度,2024(令和6年) 秋季東京都高等学校野球大会 一次予選,硬式野球,,,一回戦出場,一般財団法人 東京都高等学校野球連盟 試合結果
402040,目黒,令和6年度,2025(令和7年) 春季東京都高等学校野球大会 一次予選,硬式野球,,,二回戦進出,一般財団法人 東京都高等学校野球連盟 試合結果
402040,目黒,令和7年度,2026(令和8年) 春季東京都高等学校野球大会 一次予選,硬式野球,,,二回戦進出,一般財団法人 東京都高等学校野球連盟 試合結果
402040,目黒,令和5年度,第105回全国高等学校野球選手権記念大会 東東京大会,硬式野球,,,二回戦進出,一般財団法人 東京都高等学校野球連盟 試合結果
402040,目黒,令和6年度,第106回全国高等学校野球選手権大会 東東京大会,硬式野球,,,二回戦進出,一般財団法人 東京都高等学校野球連盟 試合結果
402040,目黒,令和7年度,第107回全国高等学校野球選手権大会 東東京大会,硬式野球,,,二回戦進出,一般財団法人 東京都高等学校野球連盟 試合結果
402040,目黒,令和8年度,第108回全国高等学校野球選手権大会 東東京大会,硬式野球,,,二回戦進出,一般財団法人 東京都高等学校野球連盟 試合結果
403210,石神井,令和4年度,2022(令和4年)年度 秋季東京都高等学校野球大会 一次予選,硬式野球,,,二回戦進出,一般財団法人 東京都高等学校野球連盟 試合結果
403210,石神井,令和5年度,2023(令和5年) 春季東京都高等学校野球大会 (兼関東地区高等学校野球大会出場校決定戦),硬式野球,,,一回戦出場,一般財団法人 東京都高等学校野球連盟 試合結果
403210,石神井,令和5年度,2023(令和5年) 秋季東京都高等学校野球大会 一次予選,硬式野球,,,一回戦出場,一般財団法人 東京都高等学校野球連盟 試合結果
403210,石神井,令和5年度,2024(令和6年) 春季東京都高等学校野球大会 一次予選,硬式野球,,,一回戦出場,一般財団法人 東京都高等学校野球連盟 試合結果
403210,石神井,令和6年度,2024(令和6年) 秋季東京都高等学校野球大会 一次予選,硬式野球,,,二回戦進出,一般財団法人 東京都高等学校野球連盟 試合結果
403210,石神井,令和6年度,2025(令和7年) 春季東京都高等学校野球大会 一次予選,硬式野球,,,二回戦進出,一般財団法人 東京都高等学校野球連盟 試合結果
403210,石神井,令和7年度,2025(令和7年) 秋季東京都高等学校野球大会 一次予選,硬式野球,,,二回戦進出,一般財団法人 東京都高等学校野球連盟 試合結果
403210,石神井,令和7年度,2026(令和8年) 春季東京都高等学校野球大会 一次予選,硬式野球,,,一回戦出場,一般財団法人 東京都高等学校野球連盟 試合結果
410020,神代,令和4年度,2022(令和4年)年度 秋季東京都高等学校野球大会 一次予選,硬式野球,,,一回戦出場,一般財団法人 東京都高等学校野球連盟 試合結果
410020,神代,令和5年度,2023(令和5年) 秋季東京都高等学校野球大会 一次予選,硬式野球,,,一回戦出場,一般財団法人 東京都高等学校野球連盟 試合結果
410020,神代,令和5年度,2024(令和6年) 春季東京都高等学校野球大会 一次予選,硬式野球,,,二回戦進出,一般財団法人 東京都高等学校野球連盟 試合結果
410020,神代,令和6年度,2025(令和7年) 春季東京都高等学校野球大会 一次予選,硬式野球,,,二回戦進出,一般財団法人 東京都高等学校野球連盟 試合結果
410020,神代,令和7年度,2025(令和7年) 秋季東京都高等学校野球大会 一次予選,硬式野球,,,一回戦出場,一般財団法人 東京都高等学校野球連盟 試合結果
408230,福生,令和4年度,2022(令和4年)年度 秋季東京都高等学校野球大会 一次予選,硬式野球,,,二回戦進出,一般財団法人 東京都高等学校野球連盟 試合結果
408230,福生,令和4年度,2023(令和5年) 春季東京都高等学校野球大会 一次予選,硬式野球,,,二回戦進出,一般財団法人 東京都高等学校野球連盟 試合結果
408230,福生,令和5年度,2023(令和5年) 秋季東京都高等学校野球大会 一次予選,硬式野球,,,一回戦出場,一般財団法人 東京都高等学校野球連盟 試合結果
408230,福生,令和5年度,2024(令和6年) 春季東京都高等学校野球大会 一次予選,硬式野球,,,一回戦出場,一般財団法人 東京都高等学校野球連盟 試合結果
408230,福生,令和6年度,2024(令和6年) 秋季東京都高等学校野球大会 一次予選,硬式野球,,,一回戦出場,一般財団法人 東京都高等学校野球連盟 試合結果
408230,福生,令和6年度,2025(令和7年) 春季東京都高等学校野球大会 一次予選,硬式野球,,,一回戦出場,一般財団法人 東京都高等学校野球連盟 試合結果
408230,福生,令和7年度,2025(令和7年) 秋季東京都高等学校野球大会 一次予選,硬式野球,,,一回戦出場,一般財団法人 東京都高等学校野球連盟 試合結果
408230,福生,令和8年度,2026(令和8年) 春季東京都高等学校野球大会 (兼関東地区高等学校野球大会出場校決定戦),硬式野球,,,二回戦進出,一般財団法人 東京都高等学校野球連盟 試合結果
408240,秋留台,令和4年度,2022(令和4年)年度 秋季東京都高等学校野球大会 一次予選,硬式野球,,,一回戦出場,一般財団法人 東京都高等学校野球連盟 試合結果
408240,秋留台,令和4年度,2023(令和5年) 春季東京都高等学校野球大会 一次予選,硬式野球,,,二回戦進出,一般財団法人 東京都高等学校野球連盟 試合結果
408240,秋留台,令和5年度,2023(令和5年) 秋季東京都高等学校野球大会 一次予選,硬式野球,,,一回戦出場,一般財団法人 東京都高等学校野球連盟 試合結果
408240,秋留台,令和5年度,2024(令和6年) 春季東京都高等学校野球大会 一次予選,硬式野球,,,一回戦出場,一般財団法人 東京都高等学校野球連盟 試合結果
408240,秋留台,令和6年度,2024(令和6年) 秋季東京都高等学校野球大会 一次予選,硬式野球,,,一回戦出場,一般財団法人 東京都高等学校野球連盟 試合結果
408240,秋留台,令和6年度,2025(令和7年) 春季東京都高等学校野球大会 一次予選,硬式野球,,,一回戦出場,一般財団法人 東京都高等学校野球連盟 試合結果
408240,秋留台,令和7年度,2025(令和7年) 秋季東京都高等学校野球大会 一次予選,硬式野球,,,一回戦出場,一般財団法人 東京都高等学校野球連盟 試合結果
408240,秋留台,令和7年度,2026(令和8年) 春季東京都高等学校野球大会 一次予選,硬式野球,,,一回戦出場,一般財団法人 東京都高等学校野球連盟 試合結果
406780,科学技術,令和4年度,2022(令和4年)年度 秋季東京都高等学校野球大会 一次予選,硬式野球,,,一回戦出場,一般財団法人 東京都高等学校野球連盟 試合結果
406780,科学技術,令和4年度,2023(令和5年) 春季東京都高等学校野球大会 一次予選,硬式野球,,,一回戦出場,一般財団法人 東京都高等学校野球連盟 試合結果
406780,科学技術,令和5年度,2023(令和5年) 秋季東京都高等学校野球大会 一次予選,硬式野球,,,一回戦出場,一般財団法人 東京都高等学校野球連盟 試合結果
406780,科学技術,令和5年度,2024(令和6年) 春季東京都高等学校野球大会 一次予選,硬式野球,,,一回戦出場,一般財団法人 東京都高等学校野球連盟 試合結果
406780,科学技術,令和6年度,2024(令和6年) 秋季東京都高等学校野球大会 一次予選,硬式野球,,,一回戦出場,一般財団法人 東京都高等学校野球連盟 試合結果
406780,科学技術,令和6年度,2025(令和7年) 春季東京都高等学校野球大会 一次予選,硬式野球,,,一回戦出場,一般財団法人 東京都高等学校野球連盟 試合結果
406780,科学技術,令和7年度,2025(令和7年) 秋季東京都高等学校野球大会 一次予選,硬式野球,,,一回戦出場,一般財団法人 東京都高等学校野球連盟 試合結果
406780,科学技術,令和7年度,2026(令和8年) 春季東京都高等学校野球大会 一次予選,硬式野球,,,二回戦進出,一般財団法人 東京都高等学校野球連盟 試合結果
406780,科学技術,令和5年度,第105回全国高等学校野球選手権記念大会 東東京大会,硬式野球,,,三回戦進出,一般財団法人 東京都高等学校野球連盟 試合結果
406780,科学技術,令和6年度,第106回全国高等学校野球選手権大会 東東京大会,硬式野球,,,二回戦進出,一般財団法人 東京都高等学校野球連盟 試合結果
406780,科学技術,令和7年度,第107回全国高等学校野球選手権大会 東東京大会,硬式野球,,,二回戦進出,一般財団法人 東京都高等学校野球連盟 試合結果
406780,科学技術,令和8年度,第108回全国高等学校野球選手権大会 東東京大会,硬式野球,,,二回戦進出,一般財団法人 東京都高等学校野球連盟 試合結果
408010,立川,令和4年度,2022(令和4年) 秋季東京都高等学校野球大会,硬式野球,,,一回戦出場,一般財団法人 東京都高等学校野球連盟 試合結果
408010,立川,令和4年度,2022(令和4年)年度 秋季東京都高等学校野球大会 一次予選,硬式野球,,,二回戦進出,一般財団法人 東京都高等学校野球連盟 試合結果
408010,立川,令和5年度,2023(令和5年) 春季東京都高等学校野球大会 (兼関東地区高等学校野球大会出場校決定戦),硬式野球,,,一回戦出場,一般財団法人 東京都高等学校野球連盟 試合結果
408010,立川,令和5年度,2023(令和5年) 秋季東京都高等学校野球大会,硬式野球,,,一回戦出場,一般財団法人 東京都高等学校野球連盟 試合結果
408010,立川,令和5年度,2023(令和5年) 秋季東京都高等学校野球大会 一次予選,硬式野球,,,二回戦進出,一般財団法人 東京都高等学校野球連盟 試合結果
408010,立川,令和6年度,2024(令和6年) 春季東京都高等学校野球大会 (兼関東地区高等学校野球大会出場校決定戦),硬式野球,,,一回戦出場,一般財団法人 東京都高等学校野球連盟 試合結果
408010,立川,令和6年度,2024(令和6年) 秋季東京都高等学校野球大会 一次予選,硬式野球,,,二回戦進出,一般財団法人 東京都高等学校野球連盟 試合結果
408010,立川,令和6年度,2025(令和7年) 春季東京都高等学校野球大会 一次予選,硬式野球,,,二回戦進出,一般財団法人 東京都高等学校野球連盟 試合結果
408010,立川,令和7年度,2025(令和7年) 秋季東京都高等学校野球大会 一次予選,硬式野球,,,一回戦出場,一般財団法人 東京都高等学校野球連盟 試合結果
408010,立川,令和8年度,2026(令和8年) 春季東京都高等学校野球大会 (兼関東地区高等学校野球大会出場校決定戦),硬式野球,,,一回戦出場,一般財団法人 東京都高等学校野球連盟 試合結果
408010,立川,令和7年度,2026(令和8年) 春季東京都高等学校野球大会 一次予選,硬式野球,,,二回戦進出,一般財団法人 東京都高等学校野球連盟 試合結果
405070,竹台,令和6年度,2024(令和6年) 秋季東京都高等学校野球大会 一次予選,硬式野球,,,二回戦進出,一般財団法人 東京都高等学校野球連盟 試合結果
405070,竹台,令和6年度,2025(令和7年) 春季東京都高等学校野球大会 一次予選,硬式野球,,,二回戦進出,一般財団法人 東京都高等学校野球連盟 試合結果
405070,竹台,令和7年度,2025(令和7年) 秋季東京都高等学校野球大会 一次予選,硬式野球,,,一回戦出場,一般財団法人 東京都高等学校野球連盟 試合結果
405070,竹台,令和7年度,2026(令和8年) 春季東京都高等学校野球大会 一次予選,硬式野球,,,二回戦進出,一般財団法人 東京都高等学校野球連盟 試合結果
405070,竹台,令和6年度,第106回全国高等学校野球選手権大会 東東京大会,硬式野球,,,二回戦進出,一般財団法人 東京都高等学校野球連盟 試合結果
405070,竹台,令和7年度,第107回全国高等学校野球選手権大会 東東京大会,硬式野球,,,四回戦進出,一般財団法人 東京都高等学校野球連盟 試合結果
405070,竹台,令和8年度,第108回全国高等学校野球選手権大会 東東京大会,硬式野球,,,三回戦進出,一般財団法人 東京都高等学校野球連盟 試合結果
406280,篠崎,令和4年度,2022(令和4年) 秋季東京都高等学校野球大会,硬式野球,,,一回戦出場,一般財団法人 東京都高等学校野球連盟 試合結果
406280,篠崎,令和4年度,2022(令和4年)年度 秋季東京都高等学校野球大会 一次予選,硬式野球,,,二回戦進出,一般財団法人 東京都高等学校野球連盟 試合結果
406280,篠崎,令和5年度,2023(令和5年) 春季東京都高等学校野球大会 (兼関東地区高等学校野球大会出場校決定戦),硬式野球,,,一回戦出場,一般財団法人 東京都高等学校野球連盟 試合結果
406280,篠崎,令和5年度,2023(令和5年) 秋季東京都高等学校野球大会,硬式野球,,,一回戦出場,一般財団法人 東京都高等学校野球連盟 試合結果
406280,篠崎,令和5年度,2023(令和5年) 秋季東京都高等学校野球大会 一次予選,硬式野球,,,二回戦進出,一般財団法人 東京都高等学校野球連盟 試合結果
406280,篠崎,令和6年度,2024(令和6年) 春季東京都高等学校野球大会 (兼関東地区高等学校野球大会出場校決定戦),硬式野球,,,一回戦出場,一般財団法人 東京都高等学校野球連盟 試合結果
406280,篠崎,令和6年度,2024(令和6年) 秋季東京都高等学校野球大会 一次予選,硬式野球,,,一回戦出場,一般財団法人 東京都高等学校野球連盟 試合結果
406280,篠崎,令和6年度,2025(令和7年) 春季東京都高等学校野球大会 一次予選,硬式野球,,,一回戦出場,一般財団法人 東京都高等学校野球連盟 試合結果
406280,篠崎,令和7年度,2025(令和7年) 秋季東京都高等学校野球大会 一次予選,硬式野球,,,二回戦進出,一般財団法人 東京都高等学校野球連盟 試合結果
406280,篠崎,令和8年度,2026(令和8年) 春季東京都高等学校野球大会 (兼関東地区高等学校野球大会出場校決定戦),硬式野球,,,一回戦出場,一般財団法人 東京都高等学校野球連盟 試合結果
406280,篠崎,令和7年度,2026(令和8年) 春季東京都高等学校野球大会 一次予選,硬式野球,,,二回戦進出,一般財団法人 東京都高等学校野球連盟 試合結果
406280,篠崎,令和5年度,第105回全国高等学校野球選手権記念大会 東東京大会,硬式野球,,,三回戦進出,一般財団法人 東京都高等学校野球連盟 試合結果
406280,篠崎,令和6年度,第106回全国高等学校野球選手権大会 東東京大会,硬式野球,,,三回戦進出,一般財団法人 東京都高等学校野球連盟 試合結果
406280,篠崎,令和7年度,第107回全国高等学校野球選手権大会 東東京大会,硬式野球,,,二回戦進出,一般財団法人 東京都高等学校野球連盟 試合結果
406280,篠崎,令和8年度,第108回全国高等学校野球選手権大会 東東京大会,硬式野球,,,二回戦進出,一般財団法人 東京都高等学校野球連盟 試合結果
406290,紅葉川,令和4年度,2022(令和4年) 秋季東京都高等学校野球大会,硬式野球,,,一回戦出場,一般財団法人 東京都高等学校野球連盟 試合結果
406290,紅葉川,令和4年度,2022(令和4年)年度 秋季東京都高等学校野球大会 一次予選,硬式野球,,,二回戦進出,一般財団法人 東京都高等学校野球連盟 試合結果
406290,紅葉川,令和5年度,2023(令和5年) 春季東京都高等学校野球大会 (兼関東地区高等学校野球大会出場校決定戦),硬式野球,,,一回戦出場,一般財団法人 東京都高等学校野球連盟 試合結果
406290,紅葉川,令和5年度,2023(令和5年) 秋季東京都高等学校野球大会,硬式野球,,,二回戦進出,一般財団法人 東京都高等学校野球連盟 試合結果
406290,紅葉川,令和6年度,2024(令和6年) 春季東京都高等学校野球大会 (兼関東地区高等学校野球大会出場校決定戦),硬式野球,,,二回戦進出,一般財団法人 東京都高等学校野球連盟 試合結果
406290,紅葉川,令和6年度,2024(令和6年) 秋季東京都高等学校野球大会 一次予選,硬式野球,,,一回戦出場,一般財団法人 東京都高等学校野球連盟 試合結果
406290,紅葉川,令和6年度,2025(令和7年) 春季東京都高等学校野球大会 一次予選,硬式野球,,,一回戦出場,一般財団法人 東京都高等学校野球連盟 試合結果
406290,紅葉川,令和7年度,2026(令和8年) 春季東京都高等学校野球大会 一次予選,硬式野球,,,二回戦進出,一般財団法人 東京都高等学校野球連盟 試合結果
406290,紅葉川,令和5年度,第105回全国高等学校野球選手権記念大会 東東京大会,硬式野球,,,三回戦進出,一般財団法人 東京都高等学校野球連盟 試合結果
406290,紅葉川,令和6年度,第106回全国高等学校野球選手権大会 東東京大会,硬式野球,,,三回戦進出,一般財団法人 東京都高等学校野球連盟 試合結果
406290,紅葉川,令和7年度,第107回全国高等学校野球選手権大会 東東京大会,硬式野球,,,二回戦進出,一般財団法人 東京都高等学校野球連盟 試合結果
406290,紅葉川,令和8年度,第108回全国高等学校野球選手権大会 東東京大会,硬式野球,,,四回戦進出,一般財団法人 東京都高等学校野球連盟 試合結果
402750,総合工科,令和4年度,2022(令和4年)年度 秋季東京都高等学校野球大会 一次予選,硬式野球,,,二回戦進出,一般財団法人 東京都高等学校野球連盟 試合結果
402750,総合工科,令和4年度,2023(令和5年) 春季東京都高等学校野球大会 一次予選,硬式野球,,,二回戦進出,一般財団法人 東京都高等学校野球連盟 試合結果
402750,総合工科,令和5年度,2023(令和5年) 秋季東京都高等学校野球大会,硬式野球,,,一回戦出場,一般財団法人 東京都高等学校野球連盟 試合結果
402750,総合工科,令和5年度,2023(令和5年) 秋季東京都高等学校野球大会 一次予選,硬式野球,,,二回戦進出,一般財団法人 東京都高等学校野球連盟 試合結果
402750,総合工科,令和6年度,2024(令和6年) 春季東京都高等学校野球大会 (兼関東地区高等学校野球大会出場校決定戦),硬式野球,,,二回戦進出,一般財団法人 東京都高等学校野球連盟 試合結果
402750,総合工科,令和7年度,2025(令和7年) 春季東京都高等学校野球大会 (兼関東地区高等学校野球大会出場校決定戦),硬式野球,,,一回戦出場,一般財団法人 東京都高等学校野球連盟 試合結果
402750,総合工科,令和6年度,2025(令和7年) 春季東京都高等学校野球大会 一次予選,硬式野球,,,二回戦進出,一般財団法人 東京都高等学校野球連盟 試合結果
402750,総合工科,令和7年度,2025(令和7年) 秋季東京都高等学校野球大会 一次予選,硬式野球,,,一回戦出場,一般財団法人 東京都高等学校野球連盟 試合結果
402750,総合工科,令和7年度,2026(令和8年) 春季東京都高等学校野球大会 一次予選,硬式野球,,,二回戦進出,一般財団法人 東京都高等学校野球連盟 試合結果
403240,練馬,令和4年度,2022(令和4年)年度 秋季東京都高等学校野球大会 一次予選,硬式野球,,,二回戦進出,一般財団法人 東京都高等学校野球連盟 試合結果
403240,練馬,令和4年度,2023(令和5年) 春季東京都高等学校野球大会 一次予選,硬式野球,,,一回戦出場,一般財団法人 東京都高等学校野球連盟 試合結果
403240,練馬,令和5年度,2023(令和5年) 秋季東京都高等学校野球大会 一次予選,硬式野球,,,二回戦進出,一般財団法人 東京都高等学校野球連盟 試合結果
403240,練馬,令和5年度,2024(令和6年) 春季東京都高等学校野球大会 一次予選,硬式野球,,,二回戦進出,一般財団法人 東京都高等学校野球連盟 試合結果
403240,練馬,令和6年度,2024(令和6年) 秋季東京都高等学校野球大会,硬式野球,,,一回戦出場,一般財団法人 東京都高等学校野球連盟 試合結果
403240,練馬,令和7年度,2025(令和7年) 春季東京都高等学校野球大会 (兼関東地区高等学校野球大会出場校決定戦),硬式野球,,,一回戦出場,一般財団法人 東京都高等学校野球連盟 試合結果
403240,練馬,令和7年度,2025(令和7年) 秋季東京都高等学校野球大会 一次予選,硬式野球,,,一回戦出場,一般財団法人 東京都高等学校野球連盟 試合結果
403240,練馬,令和8年度,2026(令和8年) 春季東京都高等学校野球大会 (兼関東地区高等学校野球大会出場校決定戦),硬式野球,,,一回戦出場,一般財団法人 東京都高等学校野球連盟 試合結果
403240,練馬,令和7年度,2026(令和8年) 春季東京都高等学校野球大会 一次予選,硬式野球,,,二回戦進出,一般財団法人 東京都高等学校野球連盟 試合結果
403730,練馬工科,令和5年度,2023(令和5年) 秋季東京都高等学校野球大会 一次予選,硬式野球,,,一回戦出場,一般財団法人 東京都高等学校野球連盟 試合結果
403730,練馬工科,令和5年度,2024(令和6年) 春季東京都高等学校野球大会 一次予選,硬式野球,,,一回戦出場,一般財団法人 東京都高等学校野球連盟 試合結果
403730,練馬工科,令和6年度,2024(令和6年) 秋季東京都高等学校野球大会 一次予選,硬式野球,,,一回戦出場,一般財団法人 東京都高等学校野球連盟 試合結果
403730,練馬工科,令和6年度,2025(令和7年) 春季東京都高等学校野球大会 一次予選,硬式野球,,,一回戦出場,一般財団法人 東京都高等学校野球連盟 試合結果
403730,練馬工科,令和7年度,2025(令和7年) 秋季東京都高等学校野球大会 一次予選,硬式野球,,,一回戦出場,一般財団法人 東京都高等学校野球連盟 試合結果
403730,練馬工科,令和7年度,2026(令和8年) 春季東京都高等学校野球大会 一次予選,硬式野球,,,一回戦出場,一般財団法人 東京都高等学校野球連盟 試合結果
408250,羽村,令和5年度,2023(令和5年) 春季東京都高等学校野球大会 (兼関東地区高等学校野球大会出場校決定戦),硬式野球,,,一回戦出場,一般財団法人 東京都高等学校野球連盟 試合結果
408250,羽村,令和4年度,2023(令和5年) 春季東京都高等学校野球大会 一次予選,硬式野球,,,二回戦進出,一般財団法人 東京都高等学校野球連盟 試合結果
408250,羽村,令和5年度,2023(令和5年) 秋季東京都高等学校野球大会 一次予選,硬式野球,,,二回戦進出,一般財団法人 東京都高等学校野球連盟 試合結果
408250,羽村,令和5年度,2024(令和6年) 春季東京都高等学校野球大会 一次予選,硬式野球,,,一回戦出場,一般財団法人 東京都高等学校野球連盟 試合結果
408250,羽村,令和7年度,2025(令和7年) 秋季東京都高等学校野球大会 一次予選,硬式野球,,,二回戦進出,一般財団法人 東京都高等学校野球連盟 試合結果
408250,羽村,令和7年度,2026(令和8年) 春季東京都高等学校野球大会 一次予選,硬式野球,,,一回戦出場,一般財団法人 東京都高等学校野球連盟 試合結果
407510,翔陽,令和4年度,2022(令和4年)年度 秋季東京都高等学校野球大会 一次予選,硬式野球,,,二回戦進出,一般財団法人 東京都高等学校野球連盟 試合結果
407510,翔陽,令和4年度,2023(令和5年) 春季東京都高等学校野球大会 一次予選,硬式野球,,,一回戦出場,一般財団法人 東京都高等学校野球連盟 試合結果
407510,翔陽,令和5年度,2023(令和5年) 秋季東京都高等学校野球大会 一次予選,硬式野球,,,一回戦出場,一般財団法人 東京都高等学校野球連盟 試合結果
407510,翔陽,令和5年度,2024(令和6年) 春季東京都高等学校野球大会 一次予選,硬式野球,,,二回戦進出,一般財団法人 東京都高等学校野球連盟 試合結果
407510,翔陽,令和6年度,2024(令和6年) 秋季東京都高等学校野球大会 一次予選,硬式野球,,,一回戦出場,一般財団法人 東京都高等学校野球連盟 試合結果
407510,翔陽,令和6年度,2025(令和7年) 春季東京都高等学校野球大会 一次予選,硬式野球,,,一回戦出場,一般財団法人 東京都高等学校野球連盟 試合結果
407510,翔陽,令和7年度,2025(令和7年) 秋季東京都高等学校野球大会 一次予選,硬式野球,,,一回戦出場,一般財団法人 東京都高等学校野球連盟 試合結果
407510,翔陽,令和7年度,2026(令和8年) 春季東京都高等学校野球大会 一次予選,硬式野球,,,一回戦出場,一般財団法人 東京都高等学校野球連盟 試合結果
402530,芦花,令和4年度,2022(令和4年)年度 秋季東京都高等学校野球大会 一次予選,硬式野球,,,一回戦出場,一般財団法人 東京都高等学校野球連盟 試合結果
402530,芦花,令和4年度,2023(令和5年) 春季東京都高等学校野球大会 一次予選,硬式野球,,,一回戦出場,一般財団法人 東京都高等学校野球連盟 試合結果
402530,芦花,令和5年度,2023(令和5年) 秋季東京都高等学校野球大会 一次予選,硬式野球,,,一回戦出場,一般財団法人 東京都高等学校野球連盟 試合結果
402530,芦花,令和6年度,2024(令和6年) 秋季東京都高等学校野球大会 一次予選,硬式野球,,,二回戦進出,一般財団法人 東京都高等学校野球連盟 試合結果
402530,芦花,令和6年度,2025(令和7年) 春季東京都高等学校野球大会 一次予選,硬式野球,,,一回戦出場,一般財団法人 東京都高等学校野球連盟 試合結果
402530,芦花,令和7年度,2025(令和7年) 秋季東京都高等学校野球大会 一次予選,硬式野球,,,一回戦出場,一般財団法人 東京都高等学校野球連盟 試合結果
402530,芦花,令和8年度,2026(令和8年) 春季東京都高等学校野球大会 (兼関東地区高等学校野球大会出場校決定戦),硬式野球,,,二回戦進出,一般財団法人 東京都高等学校野球連盟 試合結果
402530,芦花,令和7年度,2026(令和8年) 春季東京都高等学校野球大会 一次予選,硬式野球,,,二回戦進出,一般財団法人 東京都高等学校野球連盟 試合結果
405720,荒川工科,令和5年度,2023(令和5年) 秋季東京都高等学校野球大会 一次予選,硬式野球,,,一回戦出場,一般財団法人 東京都高等学校野球連盟 試合結果
405720,荒川工科,令和5年度,2024(令和6年) 春季東京都高等学校野球大会 一次予選,硬式野球,,,一回戦出場,一般財団法人 東京都高等学校野球連盟 試合結果
405720,荒川工科,令和6年度,2024(令和6年) 秋季東京都高等学校野球大会 一次予選,硬式野球,,,一回戦出場,一般財団法人 東京都高等学校野球連盟 試合結果
405720,荒川工科,令和6年度,2025(令和7年) 春季東京都高等学校野球大会 一次予選,硬式野球,,,一回戦出場,一般財団法人 東京都高等学校野球連盟 試合結果
405720,荒川工科,令和7年度,2025(令和7年) 秋季東京都高等学校野球大会 一次予選,硬式野球,,,一回戦出場,一般財団法人 東京都高等学校野球連盟 試合結果
405720,荒川工科,令和7年度,2026(令和8年) 春季東京都高等学校野球大会 一次予選,硬式野球,,,二回戦進出,一般財団法人 東京都高等学校野球連盟 試合結果
405720,荒川工科,令和5年度,第105回全国高等学校野球選手権記念大会 東東京大会,硬式野球,,,二回戦進出,一般財団法人 東京都高等学校野球連盟 試合結果
405720,荒川工科,令和6年度,第106回全国高等学校野球選手権大会 東東京大会,硬式野球,,,三回戦進出,一般財団法人 東京都高等学校野球連盟 試合結果
405720,荒川工科,令和7年度,第107回全国高等学校野球選手権大会 東東京大会,硬式野球,,,二回戦進出,一般財団法人 東京都高等学校野球連盟 試合結果
405720,荒川工科,令和8年度,第108回全国高等学校野球選手権大会 東東京大会,硬式野球,,,一回戦出場,一般財団法人 東京都高等学校野球連盟 試合結果
406270,葛西南,令和6年度,2024(令和6年) 秋季東京都高等学校野球大会 一次予選,硬式野球,,,一回戦出場,一般財団法人 東京都高等学校野球連盟 試合結果
406270,葛西南,令和6年度,2025(令和7年) 春季東京都高等学校野球大会 一次予選,硬式野球,,,一回戦出場,一般財団法人 東京都高等学校野球連盟 試合結果
406270,葛西南,令和6年度,第106回全国高等学校野球選手権大会 東東京大会,硬式野球,,,二回戦進出,一般財団法人 東京都高等学校野球連盟 試合結果
406270,葛西南,令和7年度,第107回全国高等学校野球選手権大会 東東京大会,硬式野球,,,二回戦進出,一般財団法人 東京都高等学校野球連盟 試合結果
406270,葛西南,令和8年度,第108回全国高等学校野球選手権大会 東東京大会,硬式野球,,,二回戦進出,一般財団法人 東京都高等学校野球連盟 試合結果
406760,葛西工科,令和5年度,2023(令和5年) 秋季東京都高等学校野球大会 一次予選,硬式野球,,,一回戦出場,一般財団法人 東京都高等学校野球連盟 試合結果
406760,葛西工科,令和5年度,2024(令和6年) 春季東京都高等学校野球大会 一次予選,硬式野球,,,一回戦出場,一般財団法人 東京都高等学校野球連盟 試合結果
406760,葛西工科,令和6年度,2024(令和6年) 秋季東京都高等学校野球大会 一次予選,硬式野球,,,一回戦出場,一般財団法人 東京都高等学校野球連盟 試合結果
406760,葛西工科,令和6年度,2025(令和7年) 春季東京都高等学校野球大会 一次予選,硬式野球,,,一回戦出場,一般財団法人 東京都高等学校野球連盟 試合結果
406760,葛西工科,令和7年度,2025(令和7年) 秋季東京都高等学校野球大会 一次予選,硬式野球,,,二回戦進出,一般財団法人 東京都高等学校野球連盟 試合結果
406760,葛西工科,令和5年度,第105回全国高等学校野球選手権記念大会 東東京大会,硬式野球,,,二回戦進出,一般財団法人 東京都高等学校野球連盟 試合結果
406760,葛西工科,令和6年度,第106回全国高等学校野球選手権大会 東東京大会,硬式野球,,,二回戦進出,一般財団法人 東京都高等学校野球連盟 試合結果
406760,葛西工科,令和7年度,第107回全国高等学校野球選手権大会 東東京大会,硬式野球,,,二回戦進出,一般財団法人 東京都高等学校野球連盟 試合結果
406760,葛西工科,令和8年度,第108回全国高等学校野球選手権大会 東東京大会,硬式野球,,,二回戦進出,一般財団法人 東京都高等学校野球連盟 試合結果
406420,葛飾総合,令和4年度,2022(令和4年)年度 秋季東京都高等学校野球大会 一次予選,硬式野球,,,一回戦出場,一般財団法人 東京都高等学校野球連盟 試合結果
406420,葛飾総合,令和4年度,2023(令和5年) 春季東京都高等学校野球大会 一次予選,硬式野球,,,一回戦出場,一般財団法人 東京都高等学校野球連盟 試合結果
406420,葛飾総合,令和5年度,2023(令和5年) 秋季東京都高等学校野球大会 一次予選,硬式野球,,,一回戦出場,一般財団法人 東京都高等学校野球連盟 試合結果
406420,葛飾総合,令和6年度,2024(令和6年) 秋季東京都高等学校野球大会 一次予選,硬式野球,,,一回戦出場,一般財団法人 東京都高等学校野球連盟 試合結果
406420,葛飾総合,令和6年度,2025(令和7年) 春季東京都高等学校野球大会 一次予選,硬式野球,,,一回戦出場,一般財団法人 東京都高等学校野球連盟 試合結果
406420,葛飾総合,令和7年度,2025(令和7年) 秋季東京都高等学校野球大会 一次予選,硬式野球,,,一回戦出場,一般財団法人 東京都高等学校野球連盟 試合結果
406420,葛飾総合,令和7年度,2026(令和8年) 春季東京都高等学校野球大会 一次予選,硬式野球,,,一回戦出場,一般財団法人 東京都高等学校野球連盟 試合結果
406420,葛飾総合,令和5年度,第105回全国高等学校野球選手権記念大会 東東京大会,硬式野球,,,二回戦進出,一般財団法人 東京都高等学校野球連盟 試合結果
406420,葛飾総合,令和6年度,第106回全国高等学校野球選手権大会 東東京大会,硬式野球,,,二回戦進出,一般財団法人 東京都高等学校野球連盟 試合結果
406420,葛飾総合,令和7年度,第107回全国高等学校野球選手権大会 東東京大会,硬式野球,,,三回戦進出,一般財団法人 東京都高等学校野球連盟 試合結果
406420,葛飾総合,令和8年度,第108回全国高等学校野球選手権大会 東東京大会,硬式野球,,,二回戦進出,一般財団法人 東京都高等学校野球連盟 試合結果
406040,葛飾野,令和4年度,2022(令和4年)年度 秋季東京都高等学校野球大会 一次予選,硬式野球,,,一回戦出場,一般財団法人 東京都高等学校野球連盟 試合結果
406040,葛飾野,令和5年度,2023(令和5年) 春季東京都高等学校野球大会 (兼関東地区高等学校野球大会出場校決定戦),硬式野球,,,二回戦進出,一般財団法人 東京都高等学校野球連盟 試合結果
406040,葛飾野,令和4年度,2023(令和5年) 春季東京都高等学校野球大会 一次予選,硬式野球,,,二回戦進出,一般財団法人 東京都高等学校野球連盟 試合結果
406040,葛飾野,令和5年度,2024(令和6年) 春季東京都高等学校野球大会 一次予選,硬式野球,,,二回戦進出,一般財団法人 東京都高等学校野球連盟 試合結果
406040,葛飾野,令和6年度,2024(令和6年) 秋季東京都高等学校野球大会 一次予選,硬式野球,,,二回戦進出,一般財団法人 東京都高等学校野球連盟 試合結果
406040,葛飾野,令和6年度,2025(令和7年) 春季東京都高等学校野球大会 一次予選,硬式野球,,,二回戦進出,一般財団法人 東京都高等学校野球連盟 試合結果
406040,葛飾野,令和7年度,2025(令和7年) 秋季東京都高等学校野球大会,硬式野球,,,一回戦出場,一般財団法人 東京都高等学校野球連盟 試合結果
406040,葛飾野,令和7年度,2025(令和7年) 秋季東京都高等学校野球大会 一次予選,硬式野球,,,二回戦進出,一般財団法人 東京都高等学校野球連盟 試合結果
406040,葛飾野,令和8年度,2026(令和8年) 春季東京都高等学校野球大会 (兼関東地区高等学校野球大会出場校決定戦),硬式野球,,,一回戦出場,一般財団法人 東京都高等学校野球連盟 試合結果
406040,葛飾野,令和5年度,第105回全国高等学校野球選手権記念大会 東東京大会,硬式野球,,,三回戦進出,一般財団法人 東京都高等学校野球連盟 試合結果
406040,葛飾野,令和6年度,第106回全国高等学校野球選手権大会 東東京大会,硬式野球,,,三回戦進出,一般財団法人 東京都高等学校野球連盟 試合結果
406040,葛飾野,令和7年度,第107回全国高等学校野球選手権大会 東東京大会,硬式野球,,,五回戦進出,一般財団法人 東京都高等学校野球連盟 試合結果
406040,葛飾野,令和8年度,第108回全国高等学校野球選手権大会 東東京大会,硬式野球,,,三回戦進出,一般財団法人 東京都高等学校野球連盟 試合結果
401290,蒲田,令和5年度,2023(令和5年) 秋季東京都高等学校野球大会 一次予選,硬式野球,,,一回戦出場,一般財団法人 東京都高等学校野球連盟 試合結果
401290,蒲田,令和6年度,2024(令和6年) 秋季東京都高等学校野球大会 一次予選,硬式野球,,,一回戦出場,一般財団法人 東京都高等学校野球連盟 試合結果
401290,蒲田,令和6年度,2025(令和7年) 春季東京都高等学校野球大会 一次予選,硬式野球,,,一回戦出場,一般財団法人 東京都高等学校野球連盟 試合結果
401290,蒲田,令和5年度,第105回全国高等学校野球選手権記念大会 東東京大会,硬式野球,,,二回戦進出,一般財団法人 東京都高等学校野球連盟 試合結果
401290,蒲田,令和6年度,第106回全国高等学校野球選手権大会 東東京大会,硬式野球,,,二回戦進出,一般財団法人 東京都高等学校野球連盟 試合結果
403050,西,令和4年度,2022(令和4年)年度 秋季東京都高等学校野球大会 一次予選,硬式野球,,,二回戦進出,一般財団法人 東京都高等学校野球連盟 試合結果
403050,西,令和4年度,2023(令和5年) 春季東京都高等学校野球大会 一次予選,硬式野球,,,一回戦出場,一般財団法人 東京都高等学校野球連盟 試合結果
403050,西,令和5年度,2023(令和5年) 秋季東京都高等学校野球大会 一次予選,硬式野球,,,一回戦出場,一般財団法人 東京都高等学校野球連盟 試合結果
403050,西,令和6年度,2024(令和6年) 秋季東京都高等学校野球大会 一次予選,硬式野球,,,二回戦進出,一般財団法人 東京都高等学校野球連盟 試合結果
403050,西,令和6年度,2025(令和7年) 春季東京都高等学校野球大会 一次予選,硬式野球,,,二回戦進出,一般財団法人 東京都高等学校野球連盟 試合結果
403050,西,令和7年度,2025(令和7年) 秋季東京都高等学校野球大会 一次予選,硬式野球,,,一回戦出場,一般財団法人 東京都高等学校野球連盟 試合結果
403050,西,令和7年度,2026(令和8年) 春季東京都高等学校野球大会 一次予選,硬式野球,,,一回戦出場,一般財団法人 東京都高等学校野球連盟 試合結果
410030,調布北,令和4年度,2022(令和4年)年度 秋季東京都高等学校野球大会 一次予選,硬式野球,,,一回戦出場,一般財団法人 東京都高等学校野球連盟 試合結果
410030,調布北,令和5年度,2023(令和5年) 秋季東京都高等学校野球大会 一次予選,硬式野球,,,一回戦出場,一般財団法人 東京都高等学校野球連盟 試合結果
410030,調布北,令和5年度,2024(令和6年) 春季東京都高等学校野球大会 一次予選,硬式野球,,,一回戦出場,一般財団法人 東京都高等学校野球連盟 試合結果
410030,調布北,令和6年度,2024(令和6年) 秋季東京都高等学校野球大会 一次予選,硬式野球,,,一回戦出場,一般財団法人 東京都高等学校野球連盟 試合結果
410030,調布北,令和6年度,2025(令和7年) 春季東京都高等学校野球大会 一次予選,硬式野球,,,一回戦出場,一般財団法人 東京都高等学校野球連盟 試合結果
410030,調布北,令和7年度,2025(令和7年) 秋季東京都高等学校野球大会 一次予選,硬式野球,,,一回戦出場,一般財団法人 東京都高等学校野球連盟 試合結果
410040,調布南,令和4年度,2022(令和4年)年度 秋季東京都高等学校野球大会 一次予選,硬式野球,,,一回戦出場,一般財団法人 東京都高等学校野球連盟 試合結果
410040,調布南,令和5年度,2023(令和5年) 春季東京都高等学校野球大会 (兼関東地区高等学校野球大会出場校決定戦),硬式野球,,,一回戦出場,一般財団法人 東京都高等学校野球連盟 試合結果
410040,調布南,令和5年度,2023(令和5年) 秋季東京都高等学校野球大会 一次予選,硬式野球,,,一回戦出場,一般財団法人 東京都高等学校野球連盟 試合結果
410040,調布南,令和5年度,2024(令和6年) 春季東京都高等学校野球大会 一次予選,硬式野球,,,一回戦出場,一般財団法人 東京都高等学校野球連盟 試合結果
410040,調布南,令和6年度,2024(令和6年) 秋季東京都高等学校野球大会 一次予選,硬式野球,,,一回戦出場,一般財団法人 東京都高等学校野球連盟 試合結果
410040,調布南,令和6年度,2025(令和7年) 春季東京都高等学校野球大会 一次予選,硬式野球,,,二回戦進出,一般財団法人 東京都高等学校野球連盟 試合結果
410040,調布南,令和7年度,2025(令和7年) 秋季東京都高等学校野球大会 一次予選,硬式野球,,,一回戦出場,一般財団法人 東京都高等学校野球連盟 試合結果
410040,調布南,令和8年度,2026(令和8年) 春季東京都高等学校野球大会 (兼関東地区高等学校野球大会出場校決定戦),硬式野球,,,三回戦進出,一般財団法人 東京都高等学校野球連盟 試合結果
410040,調布南,令和7年度,2026(令和8年) 春季東京都高等学校野球大会 一次予選,硬式野球,,,二回戦進出,一般財団法人 東京都高等学校野球連盟 試合結果
403060,豊多摩,令和4年度,2022(令和4年) 秋季東京都高等学校野球大会,硬式野球,,,一回戦出場,一般財団法人 東京都高等学校野球連盟 試合結果
403060,豊多摩,令和4年度,2022(令和4年)年度 秋季東京都高等学校野球大会 一次予選,硬式野球,,,二回戦進出,一般財団法人 東京都高等学校野球連盟 試合結果
403060,豊多摩,令和5年度,2023(令和5年) 春季東京都高等学校野球大会 (兼関東地区高等学校野球大会出場校決定戦),硬式野球,,,一回戦出場,一般財団法人 東京都高等学校野球連盟 試合結果
403060,豊多摩,令和5年度,2024(令和6年) 春季東京都高等学校野球大会 一次予選,硬式野球,,,一回戦出場,一般財団法人 東京都高等学校野球連盟 試合結果
403060,豊多摩,令和6年度,2024(令和6年) 秋季東京都高等学校野球大会 一次予選,硬式野球,,,一回戦出場,一般財団法人 東京都高等学校野球連盟 試合結果
403060,豊多摩,令和7年度,2025(令和7年) 春季東京都高等学校野球大会 (兼関東地区高等学校野球大会出場校決定戦),硬式野球,,,一回戦出場,一般財団法人 東京都高等学校野球連盟 試合結果
403060,豊多摩,令和6年度,2025(令和7年) 春季東京都高等学校野球大会 一次予選,硬式野球,,,二回戦進出,一般財団法人 東京都高等学校野球連盟 試合結果
403060,豊多摩,令和8年度,2026(令和8年) 春季東京都高等学校野球大会 (兼関東地区高等学校野球大会出場校決定戦),硬式野球,,,一回戦出場,一般財団法人 東京都高等学校野球連盟 試合結果
403060,豊多摩,令和7年度,2026(令和8年) 春季東京都高等学校野球大会 一次予選,硬式野球,,,二回戦進出,一般財団法人 東京都高等学校野球連盟 試合結果
405730,足立工科,令和5年度,2023(令和5年) 秋季東京都高等学校野球大会 一次予選,硬式野球,,,一回戦出場,一般財団法人 東京都高等学校野球連盟 試合結果
405730,足立工科,令和5年度,2024(令和6年) 春季東京都高等学校野球大会 一次予選,硬式野球,,,一回戦出場,一般財団法人 東京都高等学校野球連盟 試合結果
405730,足立工科,令和7年度,2025(令和7年) 秋季東京都高等学校野球大会 一次予選,硬式野球,,,二回戦進出,一般財団法人 東京都高等学校野球連盟 試合結果
405730,足立工科,令和7年度,2026(令和8年) 春季東京都高等学校野球大会 一次予選,硬式野球,,,一回戦出場,一般財団法人 東京都高等学校野球連盟 試合結果
405730,足立工科,令和5年度,第105回全国高等学校野球選手権記念大会 東東京大会,硬式野球,,,二回戦進出,一般財団法人 東京都高等学校野球連盟 試合結果
405730,足立工科,令和7年度,第107回全国高等学校野球選手権大会 東東京大会,硬式野球,,,二回戦進出,一般財団法人 東京都高等学校野球連盟 試合結果
405270,足立新田,令和4年度,2022(令和4年) 秋季東京都高等学校野球大会,硬式野球,,,二回戦進出,一般財団法人 東京都高等学校野球連盟 試合結果
405270,足立新田,令和4年度,2022(令和4年)年度 秋季東京都高等学校野球大会 一次予選,硬式野球,,,二回戦進出,一般財団法人 東京都高等学校野球連盟 試合結果
405270,足立新田,令和5年度,2023(令和5年) 春季東京都高等学校野球大会 (兼関東地区高等学校野球大会出場校決定戦),硬式野球,,,一回戦出場,一般財団法人 東京都高等学校野球連盟 試合結果
405270,足立新田,令和5年度,2024(令和6年) 春季東京都高等学校野球大会 一次予選,硬式野球,,,一回戦出場,一般財団法人 東京都高等学校野球連盟 試合結果
405270,足立新田,令和6年度,2024(令和6年) 秋季東京都高等学校野球大会 一次予選,硬式野球,,,二回戦進出,一般財団法人 東京都高等学校野球連盟 試合結果
405270,足立新田,令和7年度,2025(令和7年) 秋季東京都高等学校野球大会 一次予選,硬式野球,,,二回戦進出,一般財団法人 東京都高等学校野球連盟 試合結果
405270,足立新田,令和7年度,2026(令和8年) 春季東京都高等学校野球大会 一次予選,硬式野球,,,一回戦出場,一般財団法人 東京都高等学校野球連盟 試合結果
405270,足立新田,令和5年度,第105回全国高等学校野球選手権記念大会 東東京大会,硬式野球,,,三回戦進出,一般財団法人 東京都高等学校野球連盟 試合結果
405270,足立新田,令和6年度,第106回全国高等学校野球選手権大会 東東京大会,硬式野球,,,四回戦進出,一般財団法人 東京都高等学校野球連盟 試合結果
405270,足立新田,令和7年度,第107回全国高等学校野球選手権大会 東東京大会,硬式野球,,,二回戦進出,一般財団法人 東京都高等学校野球連盟 試合結果
405270,足立新田,令和8年度,第108回全国高等学校野球選手権大会 東東京大会,硬式野球,,,三回戦進出,一般財団法人 東京都高等学校野球連盟 試合結果
405250,足立東,令和4年度,2022(令和4年)年度 秋季東京都高等学校野球大会 一次予選,硬式野球,,,一回戦出場,一般財団法人 東京都高等学校野球連盟 試合結果
405250,足立東,令和4年度,2023(令和5年) 春季東京都高等学校野球大会 一次予選,硬式野球,,,一回戦出場,一般財団法人 東京都高等学校野球連盟 試合結果
405250,足立東,令和5年度,2023(令和5年) 秋季東京都高等学校野球大会 一次予選,硬式野球,,,一回戦出場,一般財団法人 東京都高等学校野球連盟 試合結果
405250,足立東,令和6年度,2024(令和6年) 秋季東京都高等学校野球大会 一次予選,硬式野球,,,一回戦出場,一般財団法人 東京都高等学校野球連盟 試合結果
405250,足立東,令和6年度,2025(令和7年) 春季東京都高等学校野球大会 一次予選,硬式野球,,,一回戦出場,一般財団法人 東京都高等学校野球連盟 試合結果
405250,足立東,令和7年度,2025(令和7年) 秋季東京都高等学校野球大会 一次予選,硬式野球,,,一回戦出場,一般財団法人 東京都高等学校野球連盟 試合結果
405250,足立東,令和7年度,2026(令和8年) 春季東京都高等学校野球大会 一次予選,硬式野球,,,一回戦出場,一般財団法人 東京都高等学校野球連盟 試合結果
405250,足立東,令和5年度,第105回全国高等学校野球選手権記念大会 東東京大会,硬式野球,,,二回戦進出,一般財団法人 東京都高等学校野球連盟 試合結果
405250,足立東,令和6年度,第106回全国高等学校野球選手権大会 東東京大会,硬式野球,,,二回戦進出,一般財団法人 東京都高等学校野球連盟 試合結果
405250,足立東,令和7年度,第107回全国高等学校野球選手権大会 東東京大会,硬式野球,,,三回戦進出,一般財団法人 東京都高等学校野球連盟 試合結果
405250,足立東,令和8年度,第108回全国高等学校野球選手権大会 東東京大会,硬式野球,,,二回戦進出,一般財団法人 東京都高等学校野球連盟 試合結果
405240,足立西,令和4年度,2023(令和5年) 春季東京都高等学校野球大会 一次予選,硬式野球,,,二回戦進出,一般財団法人 東京都高等学校野球連盟 試合結果
405240,足立西,令和5年度,2023(令和5年) 秋季東京都高等学校野球大会 一次予選,硬式野球,,,一回戦出場,一般財団法人 東京都高等学校野球連盟 試合結果
405240,足立西,令和6年度,2024(令和6年) 春季東京都高等学校野球大会 (兼関東地区高等学校野球大会出場校決定戦),硬式野球,,,一回戦出場,一般財団法人 東京都高等学校野球連盟 試合結果
405240,足立西,令和5年度,2024(令和6年) 春季東京都高等学校野球大会 一次予選,硬式野球,,,二回戦進出,一般財団法人 東京都高等学校野球連盟 試合結果
405240,足立西,令和6年度,2024(令和6年) 秋季東京都高等学校野球大会 一次予選,硬式野球,,,二回戦進出,一般財団法人 東京都高等学校野球連盟 試合結果
405240,足立西,令和7年度,2025(令和7年) 春季東京都高等学校野球大会 (兼関東地区高等学校野球大会出場校決定戦),硬式野球,,,二回戦進出,一般財団法人 東京都高等学校野球連盟 試合結果
405240,足立西,令和7年度,2025(令和7年) 秋季東京都高等学校野球大会 一次予選,硬式野球,,,一回戦出場,一般財団法人 東京都高等学校野球連盟 試合結果
405240,足立西,令和7年度,2026(令和8年) 春季東京都高等学校野球大会 一次予選,硬式野球,,,二回戦進出,一般財団法人 東京都高等学校野球連盟 試合結果
405240,足立西,令和5年度,第105回全国高等学校野球選手権記念大会 東東京大会,硬式野球,,,三回戦進出,一般財団法人 東京都高等学校野球連盟 試合結果
405240,足立西,令和6年度,第106回全国高等学校野球選手権大会 東東京大会,硬式野球,,,二回戦進出,一般財団法人 東京都高等学校野球連盟 試合結果
405240,足立西,令和7年度,第107回全国高等学校野球選手権大会 東東京大会,硬式野球,,,二回戦進出,一般財団法人 東京都高等学校野球連盟 試合結果
405240,足立西,令和8年度,第108回全国高等学校野球選手権大会 東東京大会,硬式野球,,,二回戦進出,一般財団法人 東京都高等学校野球連盟 試合結果
410810,農業,令和4年度,2022(令和4年)年度 秋季東京都高等学校野球大会 一次予選,硬式野球,,,一回戦出場,一般財団法人 東京都高等学校野球連盟 試合結果
410810,農業,令和5年度,2023(令和5年) 春季東京都高等学校野球大会 (兼関東地区高等学校野球大会出場校決定戦),硬式野球,,,一回戦出場,一般財団法人 東京都高等学校野球連盟 試合結果
410810,農業,令和5年度,2023(令和5年) 秋季東京都高等学校野球大会 一次予選,硬式野球,,,一回戦出場,一般財団法人 東京都高等学校野球連盟 試合結果
410810,農業,令和5年度,2024(令和6年) 春季東京都高等学校野球大会 一次予選,硬式野球,,,二回戦進出,一般財団法人 東京都高等学校野球連盟 試合結果
410810,農業,令和6年度,2024(令和6年) 秋季東京都高等学校野球大会 一次予選,硬式野球,,,一回戦出場,一般財団法人 東京都高等学校野球連盟 試合結果
410810,農業,令和7年度,2025(令和7年) 秋季東京都高等学校野球大会 一次予選,硬式野球,,,一回戦出場,一般財団法人 東京都高等学校野球連盟 試合結果
410810,農業,令和7年度,2026(令和8年) 春季東京都高等学校野球大会 一次予選,硬式野球,,,一回戦出場,一般財団法人 東京都高等学校野球連盟 試合結果
406810,農産,令和4年度,2022(令和4年)年度 秋季東京都高等学校野球大会 一次予選,硬式野球,,,一回戦出場,一般財団法人 東京都高等学校野球連盟 試合結果
406810,農産,令和5年度,2023(令和5年) 秋季東京都高等学校野球大会 一次予選,硬式野球,,,一回戦出場,一般財団法人 東京都高等学校野球連盟 試合結果
406810,農産,令和6年度,2024(令和6年) 秋季東京都高等学校野球大会 一次予選,硬式野球,,,一回戦出場,一般財団法人 東京都高等学校野球連盟 試合結果
406810,農産,令和6年度,2025(令和7年) 春季東京都高等学校野球大会 一次予選,硬式野球,,,一回戦出場,一般財団法人 東京都高等学校野球連盟 試合結果
406810,農産,令和7年度,2025(令和7年) 秋季東京都高等学校野球大会 一次予選,硬式野球,,,一回戦出場,一般財団法人 東京都高等学校野球連盟 試合結果
406810,農産,令和7年度,2026(令和8年) 春季東京都高等学校野球大会 一次予選,硬式野球,,,一回戦出場,一般財団法人 東京都高等学校野球連盟 試合結果
406810,農産,令和5年度,第105回全国高等学校野球選手権記念大会 東東京大会,硬式野球,,,一回戦出場,一般財団法人 東京都高等学校野球連盟 試合結果
406810,農産,令和6年度,第106回全国高等学校野球選手権大会 東東京大会,硬式野球,,,一回戦出場,一般財団法人 東京都高等学校野球連盟 試合結果
406810,農産,令和7年度,第107回全国高等学校野球選手権大会 東東京大会,硬式野球,,,三回戦進出,一般財団法人 東京都高等学校野球連盟 試合結果
406810,農産,令和8年度,第108回全国高等学校野球選手権大会 東東京大会,硬式野球,,,二回戦進出,一般財団法人 東京都高等学校野球連盟 試合結果
401240,雪谷,令和4年度,2022(令和4年)年度 秋季東京都高等学校野球大会 一次予選,硬式野球,,,一回戦出場,一般財団法人 東京都高等学校野球連盟 試合結果
401240,雪谷,令和5年度,2023(令和5年) 春季東京都高等学校野球大会 (兼関東地区高等学校野球大会出場校決定戦),硬式野球,,,一回戦出場,一般財団法人 東京都高等学校野球連盟 試合結果
401240,雪谷,令和4年度,2023(令和5年) 春季東京都高等学校野球大会 一次予選,硬式野球,,,二回戦進出,一般財団法人 東京都高等学校野球連盟 試合結果
401240,雪谷,令和5年度,2023(令和5年) 秋季東京都高等学校野球大会 一次予選,硬式野球,,,二回戦進出,一般財団法人 東京都高等学校野球連盟 試合結果
401240,雪谷,令和6年度,2024(令和6年) 春季東京都高等学校野球大会 (兼関東地区高等学校野球大会出場校決定戦),硬式野球,,,三回戦進出,一般財団法人 東京都高等学校野球連盟 試合結果
401240,雪谷,令和5年度,2024(令和6年) 春季東京都高等学校野球大会 一次予選,硬式野球,,,二回戦進出,一般財団法人 東京都高等学校野球連盟 試合結果
401240,雪谷,令和6年度,2024(令和6年) 秋季東京都高等学校野球大会,硬式野球,,,二回戦進出,一般財団法人 東京都高等学校野球連盟 試合結果
401240,雪谷,令和6年度,2024(令和6年) 秋季東京都高等学校野球大会 一次予選,硬式野球,,,二回戦進出,一般財団法人 東京都高等学校野球連盟 試合結果
401240,雪谷,令和7年度,2025(令和7年) 春季東京都高等学校野球大会 (兼関東地区高等学校野球大会出場校決定戦),硬式野球,,,一回戦出場,一般財団法人 東京都高等学校野球連盟 試合結果
401240,雪谷,令和7年度,2025(令和7年) 秋季東京都高等学校野球大会 一次予選,硬式野球,,,二回戦進出,一般財団法人 東京都高等学校野球連盟 試合結果
401240,雪谷,令和7年度,2026(令和8年) 春季東京都高等学校野球大会 一次予選,硬式野球,,,一回戦出場,一般財団法人 東京都高等学校野球連盟 試合結果
401240,雪谷,令和5年度,第105回全国高等学校野球選手権記念大会 東東京大会,硬式野球,,,二回戦進出,一般財団法人 東京都高等学校野球連盟 試合結果
401240,雪谷,令和6年度,第106回全国高等学校野球選手権大会 東東京大会,硬式野球,,,二回戦進出,一般財団法人 東京都高等学校野球連盟 試合結果
401240,雪谷,令和7年度,第107回全国高等学校野球選手権大会 東東京大会,硬式野球,,,五回戦進出,一般財団法人 東京都高等学校野球連盟 試合結果
401240,雪谷,令和8年度,第108回全国高等学校野球選手権大会 東東京大会,硬式野球,,,四回戦進出,一般財団法人 東京都高等学校野球連盟 試合結果
405260,青井,令和4年度,2022(令和4年)年度 秋季東京都高等学校野球大会 一次予選,硬式野球,,,一回戦出場,一般財団法人 東京都高等学校野球連盟 試合結果
405260,青井,令和4年度,2023(令和5年) 春季東京都高等学校野球大会 一次予選,硬式野球,,,一回戦出場,一般財団法人 東京都高等学校野球連盟 試合結果
405260,青井,令和5年度,2023(令和5年) 秋季東京都高等学校野球大会 一次予選,硬式野球,,,一回戦出場,一般財団法人 東京都高等学校野球連盟 試合結果
405260,青井,令和6年度,2024(令和6年) 秋季東京都高等学校野球大会 一次予選,硬式野球,,,一回戦出場,一般財団法人 東京都高等学校野球連盟 試合結果
405260,青井,令和6年度,2025(令和7年) 春季東京都高等学校野球大会 一次予選,硬式野球,,,一回戦出場,一般財団法人 東京都高等学校野球連盟 試合結果
405260,青井,令和7年度,2025(令和7年) 秋季東京都高等学校野球大会 一次予選,硬式野球,,,一回戦出場,一般財団法人 東京都高等学校野球連盟 試合結果
405260,青井,令和7年度,2026(令和8年) 春季東京都高等学校野球大会 一次予選,硬式野球,,,一回戦出場,一般財団法人 東京都高等学校野球連盟 試合結果
405260,青井,令和5年度,第105回全国高等学校野球選手権記念大会 東東京大会,硬式野球,,,二回戦進出,一般財団法人 東京都高等学校野球連盟 試合結果
405260,青井,令和6年度,第106回全国高等学校野球選手権大会 東東京大会,硬式野球,,,二回戦進出,一般財団法人 東京都高等学校野球連盟 試合結果
405260,青井,令和7年度,第107回全国高等学校野球選手権大会 東東京大会,硬式野球,,,三回戦進出,一般財団法人 東京都高等学校野球連盟 試合結果
405260,青井,令和8年度,第108回全国高等学校野球選手権大会 東東京大会,硬式野球,,,二回戦進出,一般財団法人 東京都高等学校野球連盟 試合結果
402070,青山,令和4年度,2022(令和4年) 秋季東京都高等学校野球大会,硬式野球,,,一回戦出場,一般財団法人 東京都高等学校野球連盟 試合結果
402070,青山,令和4年度,2022(令和4年)年度 秋季東京都高等学校野球大会 一次予選,硬式野球,,,二回戦進出,一般財団法人 東京都高等学校野球連盟 試合結果
402070,青山,令和5年度,2023(令和5年) 春季東京都高等学校野球大会 (兼関東地区高等学校野球大会出場校決定戦),硬式野球,,,二回戦進出,一般財団法人 東京都高等学校野球連盟 試合結果
402070,青山,令和5年度,2023(令和5年) 秋季東京都高等学校野球大会 一次予選,硬式野球,,,二回戦進出,一般財団法人 東京都高等学校野球連盟 試合結果
402070,青山,令和5年度,2024(令和6年) 春季東京都高等学校野球大会 一次予選,硬式野球,,,一回戦出場,一般財団法人 東京都高等学校野球連盟 試合結果
402070,青山,令和6年度,2024(令和6年) 秋季東京都高等学校野球大会 一次予選,硬式野球,,,一回戦出場,一般財団法人 東京都高等学校野球連盟 試合結果
402070,青山,令和6年度,2025(令和7年) 春季東京都高等学校野球大会 一次予選,硬式野球,,,二回戦進出,一般財団法人 東京都高等学校野球連盟 試合結果
402070,青山,令和7年度,2025(令和7年) 秋季東京都高等学校野球大会,硬式野球,,,一回戦出場,一般財団法人 東京都高等学校野球連盟 試合結果
402070,青山,令和7年度,2025(令和7年) 秋季東京都高等学校野球大会 一次予選,硬式野球,,,二回戦進出,一般財団法人 東京都高等学校野球連盟 試合結果
402070,青山,令和5年度,第105回全国高等学校野球選手権記念大会 東東京大会,硬式野球,,,三回戦進出,一般財団法人 東京都高等学校野球連盟 試合結果
402070,青山,令和6年度,第106回全国高等学校野球選手権大会 東東京大会,硬式野球,,,二回戦進出,一般財団法人 東京都高等学校野球連盟 試合結果
402070,青山,令和7年度,第107回全国高等学校野球選手権大会 東東京大会,硬式野球,,,三回戦進出,一般財団法人 東京都高等学校野球連盟 試合結果
402070,青山,令和8年度,第108回全国高等学校野球選手権大会 東東京大会,硬式野球,,,三回戦進出,一般財団法人 東京都高等学校野球連盟 試合結果
408420,青梅総合,令和4年度,2022(令和4年)年度 秋季東京都高等学校野球大会 一次予選,硬式野球,,,二回戦進出,一般財団法人 東京都高等学校野球連盟 試合結果
408420,青梅総合,令和4年度,2023(令和5年) 春季東京都高等学校野球大会 一次予選,硬式野球,,,一回戦出場,一般財団法人 東京都高等学校野球連盟 試合結果
408420,青梅総合,令和5年度,2023(令和5年) 秋季東京都高等学校野球大会 一次予選,硬式野球,,,一回戦出場,一般財団法人 東京都高等学校野球連盟 試合結果
408420,青梅総合,令和5年度,2024(令和6年) 春季東京都高等学校野球大会 一次予選,硬式野球,,,二回戦進出,一般財団法人 東京都高等学校野球連盟 試合結果
408420,青梅総合,令和6年度,2024(令和6年) 秋季東京都高等学校野球大会 一次予選,硬式野球,,,一回戦出場,一般財団法人 東京都高等学校野球連盟 試合結果
408420,青梅総合,令和6年度,2025(令和7年) 春季東京都高等学校野球大会 一次予選,硬式野球,,,二回戦進出,一般財団法人 東京都高等学校野球連盟 試合結果
408420,青梅総合,令和7年度,2025(令和7年) 秋季東京都高等学校野球大会 一次予選,硬式野球,,,二回戦進出,一般財団法人 東京都高等学校野球連盟 試合結果
408420,青梅総合,令和7年度,2026(令和8年) 春季東京都高等学校野球大会 一次予選,硬式野球,,,一回戦出場,一般財団法人 東京都高等学校野球連盟 試合結果
402030,駒場,令和4年度,2022(令和4年)年度 秋季東京都高等学校野球大会 一次予選,硬式野球,,,一回戦出場,一般財団法人 東京都高等学校野球連盟 試合結果
402030,駒場,令和4年度,2023(令和5年) 春季東京都高等学校野球大会 一次予選,硬式野球,,,一回戦出場,一般財団法人 東京都高等学校野球連盟 試合結果
402030,駒場,令和5年度,2023(令和5年) 秋季東京都高等学校野球大会 一次予選,硬式野球,,,一回戦出場,一般財団法人 東京都高等学校野球連盟 試合結果
402030,駒場,令和5年度,2024(令和6年) 春季東京都高等学校野球大会 一次予選,硬式野球,,,一回戦出場,一般財団法人 東京都高等学校野球連盟 試合結果
402030,駒場,令和6年度,2024(令和6年) 秋季東京都高等学校野球大会 一次予選,硬式野球,,,一回戦出場,一般財団法人 東京都高等学校野球連盟 試合結果
402030,駒場,令和6年度,2025(令和7年) 春季東京都高等学校野球大会 一次予選,硬式野球,,,二回戦進出,一般財団法人 東京都高等学校野球連盟 試合結果
402030,駒場,令和7年度,2025(令和7年) 秋季東京都高等学校野球大会 一次予選,硬式野球,,,一回戦出場,一般財団法人 東京都高等学校野球連盟 試合結果
402030,駒場,令和7年度,2026(令和8年) 春季東京都高等学校野球大会 一次予選,硬式野球,,,二回戦進出,一般財団法人 東京都高等学校野球連盟 試合結果
402030,駒場,令和5年度,第105回全国高等学校野球選手権記念大会 東東京大会,硬式野球,,,二回戦進出,一般財団法人 東京都高等学校野球連盟 試合結果
402030,駒場,令和6年度,第106回全国高等学校野球選手権大会 東東京大会,硬式野球,,,二回戦進出,一般財団法人 東京都高等学校野球連盟 試合結果
402030,駒場,令和7年度,第107回全国高等学校野球選手権大会 東東京大会,硬式野球,,,二回戦進出,一般財団法人 東京都高等学校野球連盟 試合結果
402030,駒場,令和8年度,第108回全国高等学校野球選手権大会 東東京大会,硬式野球,,,二回戦進出,一般財団法人 東京都高等学校野球連盟 試合結果
404260,高島,令和4年度,2022(令和4年)年度 秋季東京都高等学校野球大会 一次予選,硬式野球,,,一回戦出場,一般財団法人 東京都高等学校野球連盟 試合結果
404260,高島,令和5年度,2023(令和5年) 春季東京都高等学校野球大会 (兼関東地区高等学校野球大会出場校決定戦),硬式野球,,,一回戦出場,一般財団法人 東京都高等学校野球連盟 試合結果
404260,高島,令和4年度,2023(令和5年) 春季東京都高等学校野球大会 一次予選,硬式野球,,,二回戦進出,一般財団法人 東京都高等学校野球連盟 試合結果
404260,高島,令和5年度,2023(令和5年) 秋季東京都高等学校野球大会,硬式野球,,,二回戦進出,一般財団法人 東京都高等学校野球連盟 試合結果
404260,高島,令和6年度,2024(令和6年) 春季東京都高等学校野球大会 (兼関東地区高等学校野球大会出場校決定戦),硬式野球,,,一回戦出場,一般財団法人 東京都高等学校野球連盟 試合結果
404260,高島,令和6年度,2024(令和6年) 秋季東京都高等学校野球大会 一次予選,硬式野球,,,二回戦進出,一般財団法人 東京都高等学校野球連盟 試合結果
404260,高島,令和7年度,2025(令和7年) 春季東京都高等学校野球大会 (兼関東地区高等学校野球大会出場校決定戦),硬式野球,,,一回戦出場,一般財団法人 東京都高等学校野球連盟 試合結果
404260,高島,令和6年度,2025(令和7年) 春季東京都高等学校野球大会 一次予選,硬式野球,,,二回戦進出,一般財団法人 東京都高等学校野球連盟 試合結果
404260,高島,令和7年度,2025(令和7年) 秋季東京都高等学校野球大会,硬式野球,,,一回戦出場,一般財団法人 東京都高等学校野球連盟 試合結果
404260,高島,令和7年度,2025(令和7年) 秋季東京都高等学校野球大会 一次予選,硬式野球,,,二回戦進出,一般財団法人 東京都高等学校野球連盟 試合結果
404260,高島,令和8年度,2026(令和8年) 春季東京都高等学校野球大会 (兼関東地区高等学校野球大会出場校決定戦),硬式野球,,,二回戦進出,一般財団法人 東京都高等学校野球連盟 試合結果
404260,高島,令和5年度,第105回全国高等学校野球選手権記念大会 東東京大会,硬式野球,,,三回戦進出,一般財団法人 東京都高等学校野球連盟 試合結果
404260,高島,令和6年度,第106回全国高等学校野球選手権大会 東東京大会,硬式野球,,,四回戦進出,一般財団法人 東京都高等学校野球連盟 試合結果
404260,高島,令和7年度,第107回全国高等学校野球選手権大会 東東京大会,硬式野球,,,三回戦進出,一般財団法人 東京都高等学校野球連盟 試合結果
404260,高島,令和8年度,第108回全国高等学校野球選手権大会 東東京大会,硬式野球,,,三回戦進出,一般財団法人 東京都高等学校野球連盟 試合結果
403010,鷺宮,令和4年度,2022(令和4年)年度 秋季東京都高等学校野球大会 一次予選,硬式野球,,,一回戦出場,一般財団法人 東京都高等学校野球連盟 試合結果
403010,鷺宮,令和4年度,2023(令和5年) 春季東京都高等学校野球大会 一次予選,硬式野球,,,一回戦出場,一般財団法人 東京都高等学校野球連盟 試合結果
403010,鷺宮,令和5年度,2023(令和5年) 秋季東京都高等学校野球大会 一次予選,硬式野球,,,一回戦出場,一般財団法人 東京都高等学校野球連盟 試合結果
403010,鷺宮,令和5年度,2024(令和6年) 春季東京都高等学校野球大会 一次予選,硬式野球,,,一回戦出場,一般財団法人 東京都高等学校野球連盟 試合結果
403010,鷺宮,令和6年度,2024(令和6年) 秋季東京都高等学校野球大会 一次予選,硬式野球,,,二回戦進出,一般財団法人 東京都高等学校野球連盟 試合結果
403010,鷺宮,令和6年度,2025(令和7年) 春季東京都高等学校野球大会 一次予選,硬式野球,,,一回戦出場,一般財団法人 東京都高等学校野球連盟 試合結果
403010,鷺宮,令和7年度,2025(令和7年) 秋季東京都高等学校野球大会 一次予選,硬式野球,,,一回戦出場,一般財団法人 東京都高等学校野球連盟 試合結果
403010,鷺宮,令和8年度,2026(令和8年) 春季東京都高等学校野球大会 (兼関東地区高等学校野球大会出場校決定戦),硬式野球,,,二回戦進出,一般財団法人 東京都高等学校野球連盟 試合結果
403010,鷺宮,令和7年度,2026(令和8年) 春季東京都高等学校野球大会 一次予選,硬式野球,,,二回戦進出,一般財団法人 東京都高等学校野球連盟 試合結果
403010,鷺宮,令和5年度,第105回全国高等学校野球選手権記念大会 東東京大会,硬式野球,,,二回戦進出,一般財団法人 東京都高等学校野球連盟 試合結果
403010,鷺宮,令和6年度,第106回全国高等学校野球選手権大会 東東京大会,硬式野球,,,三回戦進出,一般財団法人 東京都高等学校野球連盟 試合結果
403010,鷺宮,令和7年度,第107回全国高等学校野球選手権大会 東東京大会,硬式野球,,,三回戦進出,一般財団法人 東京都高等学校野球連盟 試合結果
403010,鷺宮,令和8年度,第108回全国高等学校野球選手権大会 東東京大会,硬式野球,,,三回戦進出,一般財団法人 東京都高等学校野球連盟 試合結果
