school_number,school_name,raw_name,category,source_url,engine
401020,日比谷,弓道部,運動部,https://www.metro.ed.jp/hibiya-h/school_life/activities.html,club_ul+club_link
401020,日比谷,柔道部,運動部,https://www.metro.ed.jp/hibiya-h/school_life/activities.html,club_ul+club_link
401020,日比谷,剣道部,運動部,https://www.metro.ed.jp/hibiya-h/school_life/activities.html,club_ul+club_link
401020,日比谷,硬式野球部,運動部,https://www.metro.ed.jp/hibiya-h/school_life/activities.html,club_ul+club_link
401020,日比谷,サッカー部,運動部,https://www.metro.ed.jp/hibiya-h/school_life/activities.html,club_ul+club_link
401020,日比谷,ラグビー部,運動部,https://www.metro.ed.jp/hibiya-h/school_life/activities.html,club_ul+club_link
401020,日比谷,陸上競技部,運動部,https://www.metro.ed.jp/hibiya-h/school_life/activities.html,club_ul+club_link
401020,日比谷,硬式テニス部,運動部,https://www.metro.ed.jp/hibiya-h/school_life/activities.html,club_ul+club_link
401020,日比谷,ソフトテニス部,運動部,https://www.metro.ed.jp/hibiya-h/school_life/activities.html,club_ul+club_link
401020,日比谷,バドミントン部,運動部,https://www.metro.ed.jp/hibiya-h/school_life/activities.html,club_ul+club_link
401020,日比谷,ダンス部,運動部,https://www.metro.ed.jp/hibiya-h/school_life/activities.html,club_ul+club_link
401020,日比谷,男子バスケットボール部,運動部,https://www.metro.ed.jp/hibiya-h/school_life/activities.html,club_ul+club_link
401020,日比谷,女子バスケットボール部,運動部,https://www.metro.ed.jp/hibiya-h/school_life/activities.html,club_ul+club_link
401020,日比谷,男子バレーボール部,運動部,https://www.metro.ed.jp/hibiya-h/school_life/activities.html,club_ul+club_link
401020,日比谷,女子バレーボール部,運動部,https://www.metro.ed.jp/hibiya-h/school_life/activities.html,club_ul+club_link
401020,日比谷,卓球部,運動部,https://www.metro.ed.jp/hibiya-h/school_life/activities.html,club_ul+club_link
401020,日比谷,水泳部,運動部,https://www.metro.ed.jp/hibiya-h/school_life/activities.html,club_ul+club_link
401020,日比谷,音楽部（オーケストラ班・合唱班）,文化部,https://www.metro.ed.jp/hibiya-h/school_life/activities.html,club_ul+club_link
401020,日比谷,茶道部,文化部,https://www.metro.ed.jp/hibiya-h/school_life/activities.html,club_ul+club_link
401020,日比谷,生物研究部,文化部,https://www.metro.ed.jp/hibiya-h/school_life/activities.html,club_ul+club_link
401020,日比谷,天文部,文化部,https://www.metro.ed.jp/hibiya-h/school_life/activities.html,club_ul+club_link
401020,日比谷,軽音楽部,文化部,https://www.metro.ed.jp/hibiya-h/school_life/activities.html,club_ul+club_link
401020,日比谷,箏曲部,文化部,https://www.metro.ed.jp/hibiya-h/school_life/activities.html,club_ul+club_link
401020,日比谷,美術研究部,文化部,https://www.metro.ed.jp/hibiya-h/school_life/activities.html,club_ul+club_link
401020,日比谷,棋道部,文化部,https://www.metro.ed.jp/hibiya-h/school_life/activities.html,club_ul+club_link
401020,日比谷,演劇部,文化部,https://www.metro.ed.jp/hibiya-h/school_life/activities.html,club_ul+club_link
401020,日比谷,化学探究部,文化部,https://www.metro.ed.jp/hibiya-h/school_life/activities.html,club_ul+club_link
401020,日比谷,雑草研究部,文化部,https://www.metro.ed.jp/hibiya-h/school_life/activities.html,club_ul+club_link
401020,日比谷,物理地学研究部,文化部,https://www.metro.ed.jp/hibiya-h/school_life/activities.html,club_ul+club_link
401020,日比谷,漫画文芸部,文化部,https://www.metro.ed.jp/hibiya-h/school_life/activities.html,club_ul+club_link
401020,日比谷,写真部,文化部,https://www.metro.ed.jp/hibiya-h/school_life/activities.html,club_ul+club_link
401020,日比谷,クイズ研究部,文化部,https://www.metro.ed.jp/hibiya-h/school_life/activities.html,club_ul+club_link
401020,日比谷,ESS 同好会,文化部,https://www.metro.ed.jp/hibiya-h/school_life/activities.html,club_ul+club_link
401020,日比谷,音楽部合唱班,文化部,https://www.metro.ed.jp/hibiya-h/school_life/activities.html,club_ul+club_link
401020,日比谷,音楽部オーケストラ班,文化部,https://www.metro.ed.jp/hibiya-h/school_life/activities.html,club_ul+club_link
401040,三田,弓道部,部活動,https://www.metro.ed.jp/mita-h/school_life/activities.html,club_link
401040,三田,陸上競技部,部活動,https://www.metro.ed.jp/mita-h/school_life/activities.html,club_link
401040,三田,水泳部,部活動,https://www.metro.ed.jp/mita-h/school_life/activities.html,club_link
401040,三田,卓球部,部活動,https://www.metro.ed.jp/mita-h/school_life/activities.html,club_link
401040,三田,硬式テニス部,部活動,https://www.metro.ed.jp/mita-h/school_life/activities.html,club_link
401040,三田,男子バレーボール部,部活動,https://www.metro.ed.jp/mita-h/school_life/activities.html,club_link
401040,三田,女子バレーボール部,部活動,https://www.metro.ed.jp/mita-h/school_life/activities.html,club_link
401040,三田,男子バスケットボール部,部活動,https://www.metro.ed.jp/mita-h/school_life/activities.html,club_link
401040,三田,女子バスケットボール部,部活動,https://www.metro.ed.jp/mita-h/school_life/activities.html,club_link
401040,三田,バドミントン部,部活動,https://www.metro.ed.jp/mita-h/school_life/activities.html,club_link
401040,三田,ワンダーフォーゲル部,部活動,https://www.metro.ed.jp/mita-h/school_life/activities.html,club_link
401040,三田,アメリカンフットボール部,部活動,https://www.metro.ed.jp/mita-h/school_life/activities.html,club_link
401040,三田,ソフトテニス部,部活動,https://www.metro.ed.jp/mita-h/school_life/activities.html,club_link
401040,三田,サッカー部,部活動,https://www.metro.ed.jp/mita-h/school_life/activities.html,club_link
401040,三田,ダンス部,部活動,https://www.metro.ed.jp/mita-h/school_life/activities.html,club_link
401040,三田,硬式野球部,部活動,https://www.metro.ed.jp/mita-h/school_life/activities.html,club_link
401040,三田,放送部,部活動,https://www.metro.ed.jp/mita-h/school_life/activities.html,club_link
401040,三田,生物部,部活動,https://www.metro.ed.jp/mita-h/school_life/activities.html,club_link
401040,三田,茶道部,部活動,https://www.metro.ed.jp/mita-h/school_life/activities.html,club_link
401040,三田,美術部,部活動,https://www.metro.ed.jp/mita-h/school_life/activities.html,club_link
401040,三田,漫画研究部,部活動,https://www.metro.ed.jp/mita-h/school_life/activities.html,club_link
401040,三田,吹奏楽部,部活動,https://www.metro.ed.jp/mita-h/school_life/activities.html,club_link
401040,三田,弦楽部,部活動,https://www.metro.ed.jp/mita-h/school_life/activities.html,club_link
401040,三田,コーラス部,部活動,https://www.metro.ed.jp/mita-h/school_life/activities.html,club_link
401040,三田,フォークソング部,部活動,https://www.metro.ed.jp/mita-h/school_life/activities.html,club_link
401040,三田,ホームメイド部,部活動,https://www.metro.ed.jp/mita-h/school_life/activities.html,club_link
401040,三田,化学部,部活動,https://www.metro.ed.jp/mita-h/school_life/activities.html,club_link
401040,三田,写真部,部活動,https://www.metro.ed.jp/mita-h/school_life/activities.html,club_link
401040,三田,物理部,部活動,https://www.metro.ed.jp/mita-h/school_life/activities.html,club_link
401040,三田,競技かるた部,部活動,https://www.metro.ed.jp/mita-h/school_life/activities.html,club_link
401040,三田,英語部,部活動,https://www.metro.ed.jp/mita-h/school_life/activities.html,club_link
401040,三田,剣道部,部活動,https://www.metro.ed.jp/mita-h/school_life/activities.html,club_link
401040,三田,地学同好会,部活動,https://www.metro.ed.jp/mita-h/school_life/activities.html,club_link
401040,三田,劇壇同好会,部活動,https://www.metro.ed.jp/mita-h/school_life/activities.html,club_link
401210,大崎,男子バスケットボール部,運動部,https://www.metro.ed.jp/osaki-h/school_life/activities.html,club_ul+club_link
401210,大崎,女子バスケットボール部,運動部,https://www.metro.ed.jp/osaki-h/school_life/activities.html,club_ul+club_link
401210,大崎,男子バレー部,運動部,https://www.metro.ed.jp/osaki-h/school_life/activities.html,club_ul+club_link
401210,大崎,女子バレー部,運動部,https://www.metro.ed.jp/osaki-h/school_life/activities.html,club_ul+club_link
401210,大崎,バドミントン部,運動部,https://www.metro.ed.jp/osaki-h/school_life/activities.html,club_ul+club_link
401210,大崎,卓球部,運動部,https://www.metro.ed.jp/osaki-h/school_life/activities.html,club_ul+club_link
401210,大崎,ダンス部,運動部,https://www.metro.ed.jp/osaki-h/school_life/activities.html,club_ul+club_link
401210,大崎,水泳部,運動部,https://www.metro.ed.jp/osaki-h/school_life/activities.html,club_ul+club_link
401210,大崎,硬式野球部,運動部,https://www.metro.ed.jp/osaki-h/school_life/activities.html,club_ul+club_link
401210,大崎,武道部,運動部,https://www.metro.ed.jp/osaki-h/school_life/activities.html,club_ul+club_link
401210,大崎,サッカー部,運動部,https://www.metro.ed.jp/osaki-h/school_life/activities.html,club_ul+club_link
401210,大崎,ハンドボール部,運動部,https://www.metro.ed.jp/osaki-h/school_life/activities.html,club_ul+club_link
401210,大崎,男子硬式テニス部,運動部,https://www.metro.ed.jp/osaki-h/school_life/activities.html,club_ul+club_link
401210,大崎,女子硬式テニス部,運動部,https://www.metro.ed.jp/osaki-h/school_life/activities.html,club_ul+club_link
401210,大崎,ソフトテニス部,運動部,https://www.metro.ed.jp/osaki-h/school_life/activities.html,club_ul+club_link
401210,大崎,陸上競技部,運動部,https://www.metro.ed.jp/osaki-h/school_life/activities.html,club_ul+club_link
401210,大崎,演劇部,文化部,https://www.metro.ed.jp/osaki-h/school_life/activities.html,club_ul+club_link
401210,大崎,吹奏楽部,文化部,https://www.metro.ed.jp/osaki-h/school_life/activities.html,club_ul+club_link
401210,大崎,漫画研究部,文化部,https://www.metro.ed.jp/osaki-h/school_life/activities.html,club_ul+club_link
401210,大崎,美術部,文化部,https://www.metro.ed.jp/osaki-h/school_life/activities.html,club_ul+club_link
401210,大崎,和太鼓部,文化部,https://www.metro.ed.jp/osaki-h/school_life/activities.html,club_ul+club_link
401210,大崎,軽音部,文化部,https://www.metro.ed.jp/osaki-h/school_life/activities.html,club_ul+club_link
401210,大崎,クッキング部,文化部,https://www.metro.ed.jp/osaki-h/school_life/activities.html,club_ul+club_link
401210,大崎,ペーパージオラマ部,文化部,https://www.metro.ed.jp/osaki-h/school_life/activities.html,club_ul+club_link
401210,大崎,防災部,文化部,https://www.metro.ed.jp/osaki-h/school_life/activities.html,club_ul+club_link
401210,大崎,天文部,文化部,https://www.metro.ed.jp/osaki-h/school_life/activities.html,club_ul+club_link
401210,大崎,茶道部,文化部,https://www.metro.ed.jp/osaki-h/school_life/activities.html,club_ul+club_link
401210,大崎,筝曲・華道部,文化部,https://www.metro.ed.jp/osaki-h/school_life/activities.html,club_ul+club_link
401210,大崎,百人一首同好会,文化部,https://www.metro.ed.jp/osaki-h/school_life/activities.html,club_ul+club_link
401210,大崎,男子バレーボール部,文化部,https://www.metro.ed.jp/osaki-h/school_life/activities.html,club_ul+club_link
401210,大崎,女子バレーボール部,文化部,https://www.metro.ed.jp/osaki-h/school_life/activities.html,club_ul+club_link
401210,大崎,食文化研究部,文化部,https://www.metro.ed.jp/osaki-h/school_life/activities.html,club_ul+club_link
401210,大崎,箏曲・華道部,文化部,https://www.metro.ed.jp/osaki-h/school_life/activities.html,club_ul+club_link
401220,八潮,サッカー部,令和6年部活動計画書,https://yashio-h.metro.ed.jp/site/zen/page_0000000_00365.html,generic
401220,八潮,フットサル部,令和6年部活動計画書,https://yashio-h.metro.ed.jp/site/zen/page_0000000_00365.html,generic
401220,八潮,剣道部,令和6年部活動計画書,https://yashio-h.metro.ed.jp/site/zen/page_0000000_00365.html,generic
401220,八潮,柔道部,令和6年部活動計画書,https://yashio-h.metro.ed.jp/site/zen/page_0000000_00365.html,generic
401220,八潮,弓道部,令和6年部活動計画書,https://yashio-h.metro.ed.jp/site/zen/page_0000000_00365.html,generic
401220,八潮,硬式テニス部,令和6年部活動計画書,https://yashio-h.metro.ed.jp/site/zen/page_0000000_00365.html,generic
401220,八潮,軟式野球部,令和6年部活動計画書,https://yashio-h.metro.ed.jp/site/zen/page_0000000_00365.html,generic
401220,八潮,バドミントン部,令和6年部活動計画書,https://yashio-h.metro.ed.jp/site/zen/page_0000000_00365.html,generic
401220,八潮,男子バスケットボール部,令和6年部活動計画書,https://yashio-h.metro.ed.jp/site/zen/page_0000000_00365.html,generic
401220,八潮,女子バスケットボール部,令和6年部活動計画書,https://yashio-h.metro.ed.jp/site/zen/page_0000000_00365.html,generic
401220,八潮,男子バレーボール部,令和6年部活動計画書,https://yashio-h.metro.ed.jp/site/zen/page_0000000_00365.html,generic
401220,八潮,女子バレーボール部,令和6年部活動計画書,https://yashio-h.metro.ed.jp/site/zen/page_0000000_00365.html,generic
401220,八潮,卓球部,令和6年部活動計画書,https://yashio-h.metro.ed.jp/site/zen/page_0000000_00365.html,generic
401220,八潮,陸上競技部,令和6年部活動計画書,https://yashio-h.metro.ed.jp/site/zen/page_0000000_00365.html,generic
401220,八潮,水泳部,令和6年部活動計画書,https://yashio-h.metro.ed.jp/site/zen/page_0000000_00365.html,generic
401220,八潮,ダンス部,令和6年部活動計画書,https://yashio-h.metro.ed.jp/site/zen/page_0000000_00365.html,generic
401220,八潮,合唱部,令和6年部活動計画書,https://yashio-h.metro.ed.jp/site/zen/page_0000000_00365.html,generic
401220,八潮,和太鼓部,令和6年部活動計画書,https://yashio-h.metro.ed.jp/site/zen/page_0000000_00365.html,generic
401220,八潮,演劇部,令和6年部活動計画書,https://yashio-h.metro.ed.jp/site/zen/page_0000000_00365.html,generic
401220,八潮,管弦楽部,令和6年部活動計画書,https://yashio-h.metro.ed.jp/site/zen/page_0000000_00365.html,generic
401220,八潮,写真部,令和6年部活動計画書,https://yashio-h.metro.ed.jp/site/zen/page_0000000_00365.html,generic
401220,八潮,美術部,令和6年部活動計画書,https://yashio-h.metro.ed.jp/site/zen/page_0000000_00365.html,generic
401220,八潮,漫画研究部,令和6年部活動計画書,https://yashio-h.metro.ed.jp/site/zen/page_0000000_00365.html,generic
401220,八潮,茶華道部,令和6年部活動計画書,https://yashio-h.metro.ed.jp/site/zen/page_0000000_00365.html,generic
401220,八潮,園芸部,令和6年部活動計画書,https://yashio-h.metro.ed.jp/site/zen/page_0000000_00365.html,generic
401220,八潮,軽音楽部,令和6年部活動計画書,https://yashio-h.metro.ed.jp/site/zen/page_0000000_00365.html,generic
401220,八潮,食物部,令和6年部活動計画書,https://yashio-h.metro.ed.jp/site/zen/page_0000000_00365.html,generic
401220,八潮,情報処理部,令和6年部活動計画書,https://yashio-h.metro.ed.jp/site/zen/page_0000000_00365.html,generic
401220,八潮,百人一首部,令和6年部活動計画書,https://yashio-h.metro.ed.jp/site/zen/page_0000000_00365.html,generic
401220,八潮,理数研究部,令和6年部活動計画書,https://yashio-h.metro.ed.jp/site/zen/page_0000000_00365.html,generic
401220,八潮,ページの先頭へ,令和6年部活動計画書,https://yashio-h.metro.ed.jp/site/zen/page_0000000_00365.html,generic
401220,八潮,サイトポリシー,令和6年部活動計画書,https://yashio-h.metro.ed.jp/site/zen/page_0000000_00365.html,generic
401220,八潮,東京都立八潮高等学校,令和6年部活動計画書,https://yashio-h.metro.ed.jp/site/zen/page_0000000_00365.html,generic
401220,八潮,〒140-0002,令和6年部活動計画書,https://yashio-h.metro.ed.jp/site/zen/page_0000000_00365.html,generic
401230,小山台,硬式野球班,部活動・生徒会,https://www.metro.ed.jp/koyamadai-h/school_life/activities.html,club_link
401230,小山台,男子バレーボール班,部活動・生徒会,https://www.metro.ed.jp/koyamadai-h/school_life/activities.html,club_link
401230,小山台,女子バレーボール班,部活動・生徒会,https://www.metro.ed.jp/koyamadai-h/school_life/activities.html,club_link
401230,小山台,男子バスケットボール班,部活動・生徒会,https://www.metro.ed.jp/koyamadai-h/school_life/activities.html,club_link
401230,小山台,女子バスケットボール班,部活動・生徒会,https://www.metro.ed.jp/koyamadai-h/school_life/activities.html,club_link
401230,小山台,卓球班,部活動・生徒会,https://www.metro.ed.jp/koyamadai-h/school_life/activities.html,club_link
401230,小山台,バドミントン班,部活動・生徒会,https://www.metro.ed.jp/koyamadai-h/school_life/activities.html,club_link
401230,小山台,剣道班,部活動・生徒会,https://www.metro.ed.jp/koyamadai-h/school_life/activities.html,club_link
401230,小山台,水泳班,部活動・生徒会,https://www.metro.ed.jp/koyamadai-h/school_life/activities.html,club_link
401230,小山台,器械体操班,部活動・生徒会,https://www.metro.ed.jp/koyamadai-h/school_life/activities.html,club_link
401230,小山台,ダンス班,部活動・生徒会,https://www.metro.ed.jp/koyamadai-h/school_life/activities.html,club_link
401230,小山台,陸上競技班,部活動・生徒会,https://www.metro.ed.jp/koyamadai-h/school_life/activities.html,club_link
401230,小山台,サッカー班,部活動・生徒会,https://www.metro.ed.jp/koyamadai-h/school_life/activities.html,club_link
401230,小山台,ラグビー班,部活動・生徒会,https://www.metro.ed.jp/koyamadai-h/school_life/activities.html,club_link
401230,小山台,硬式テニス班,部活動・生徒会,https://www.metro.ed.jp/koyamadai-h/school_life/activities.html,club_link
401230,小山台,ソフトテニス班,部活動・生徒会,https://www.metro.ed.jp/koyamadai-h/school_life/activities.html,club_link
401230,小山台,ブラスバンド班,部活動・生徒会,https://www.metro.ed.jp/koyamadai-h/school_life/activities.html,club_link
401230,小山台,弦楽班,部活動・生徒会,https://www.metro.ed.jp/koyamadai-h/school_life/activities.html,club_link
401230,小山台,演劇班,部活動・生徒会,https://www.metro.ed.jp/koyamadai-h/school_life/activities.html,club_link
401230,小山台,美術班,部活動・生徒会,https://www.metro.ed.jp/koyamadai-h/school_life/activities.html,club_link
401230,小山台,茶道班,部活動・生徒会,https://www.metro.ed.jp/koyamadai-h/school_life/activities.html,club_link
401230,小山台,将棋班,部活動・生徒会,https://www.metro.ed.jp/koyamadai-h/school_life/activities.html,club_link
401230,小山台,ESS（英語）班,部活動・生徒会,https://www.metro.ed.jp/koyamadai-h/school_life/activities.html,club_link
401230,小山台,生物班,部活動・生徒会,https://www.metro.ed.jp/koyamadai-h/school_life/activities.html,club_link
401230,小山台,化学班,部活動・生徒会,https://www.metro.ed.jp/koyamadai-h/school_life/activities.html,club_link
401230,小山台,物理ラジオ班,部活動・生徒会,https://www.metro.ed.jp/koyamadai-h/school_life/activities.html,club_link
401230,小山台,天文班,部活動・生徒会,https://www.metro.ed.jp/koyamadai-h/school_life/activities.html,club_link
401230,小山台,ホームサークル班,部活動・生徒会,https://www.metro.ed.jp/koyamadai-h/school_life/activities.html,club_link
401230,小山台,KBS（放送）班,部活動・生徒会,https://www.metro.ed.jp/koyamadai-h/school_life/activities.html,club_link
401240,雪谷,男子バスケットボール部,部活動・生徒会,https://www.metro.ed.jp/yukigaya-h/school_life/activities.html,club_link
401240,雪谷,硬式野球部,部活動・生徒会,https://www.metro.ed.jp/yukigaya-h/school_life/activities.html,club_link
401240,雪谷,女子バスケットボール部,部活動・生徒会,https://www.metro.ed.jp/yukigaya-h/school_life/activities.html,club_link
401240,雪谷,男子バレーボール部,部活動・生徒会,https://www.metro.ed.jp/yukigaya-h/school_life/activities.html,club_link
401240,雪谷,女子バレーボール部,部活動・生徒会,https://www.metro.ed.jp/yukigaya-h/school_life/activities.html,club_link
401240,雪谷,バドミントン部,部活動・生徒会,https://www.metro.ed.jp/yukigaya-h/school_life/activities.html,club_link
401240,雪谷,チアリーディング部,部活動・生徒会,https://www.metro.ed.jp/yukigaya-h/school_life/activities.html,club_link
401240,雪谷,剣道部,部活動・生徒会,https://www.metro.ed.jp/yukigaya-h/school_life/activities.html,club_link
401240,雪谷,サッカー部,部活動・生徒会,https://www.metro.ed.jp/yukigaya-h/school_life/activities.html,club_link
401240,雪谷,陸上競技部,部活動・生徒会,https://www.metro.ed.jp/yukigaya-h/school_life/activities.html,club_link
401240,雪谷,水泳部,部活動・生徒会,https://www.metro.ed.jp/yukigaya-h/school_life/activities.html,club_link
401240,雪谷,ソフトテニス部,部活動・生徒会,https://www.metro.ed.jp/yukigaya-h/school_life/activities.html,club_link
401240,雪谷,硬式テニス部,部活動・生徒会,https://www.metro.ed.jp/yukigaya-h/school_life/activities.html,club_link
401240,雪谷,吹奏楽部,部活動・生徒会,https://www.metro.ed.jp/yukigaya-h/school_life/activities.html,club_link
401240,雪谷,軽音楽部,部活動・生徒会,https://www.metro.ed.jp/yukigaya-h/school_life/activities.html,club_link
401240,雪谷,演劇部,部活動・生徒会,https://www.metro.ed.jp/yukigaya-h/school_life/activities.html,club_link
401240,雪谷,茶道部,部活動・生徒会,https://www.metro.ed.jp/yukigaya-h/school_life/activities.html,club_link
401240,雪谷,美術部,部活動・生徒会,https://www.metro.ed.jp/yukigaya-h/school_life/activities.html,club_link
401240,雪谷,クッキング部,部活動・生徒会,https://www.metro.ed.jp/yukigaya-h/school_life/activities.html,club_link
401240,雪谷,書道部,部活動・生徒会,https://www.metro.ed.jp/yukigaya-h/school_life/activities.html,club_link
401240,雪谷,自然科学部,部活動・生徒会,https://www.metro.ed.jp/yukigaya-h/school_life/activities.html,club_link
401240,雪谷,コンピュータ部,部活動・生徒会,https://www.metro.ed.jp/yukigaya-h/school_life/activities.html,club_link
401250,大森,硬式野球部,運動部,https://www.metro.ed.jp/omori-h/school_life/activities.html,club_ul+club_link
401250,大森,サッカー部,運動部,https://www.metro.ed.jp/omori-h/school_life/activities.html,club_ul+club_link
401250,大森,陸上競技部,運動部,https://www.metro.ed.jp/omori-h/school_life/activities.html,club_ul+club_link
401250,大森,男子バスケットボール部,運動部,https://www.metro.ed.jp/omori-h/school_life/activities.html,club_ul+club_link
401250,大森,女子バスケットボール部,運動部,https://www.metro.ed.jp/omori-h/school_life/activities.html,club_ul+club_link
401250,大森,男子バレーボール部,運動部,https://www.metro.ed.jp/omori-h/school_life/activities.html,club_ul+club_link
401250,大森,女子バレーボール部,運動部,https://www.metro.ed.jp/omori-h/school_life/activities.html,club_ul+club_link
401250,大森,バドミントン部,運動部,https://www.metro.ed.jp/omori-h/school_life/activities.html,club_ul+club_link
401250,大森,卓球部,運動部,https://www.metro.ed.jp/omori-h/school_life/activities.html,club_ul+club_link
401250,大森,ダンス部,運動部,https://www.metro.ed.jp/omori-h/school_life/activities.html,club_ul+club_link
401250,大森,テニス部,運動部,https://www.metro.ed.jp/omori-h/school_life/activities.html,club_ul+club_link
401250,大森,柔道同好会,運動部,https://www.metro.ed.jp/omori-h/school_life/activities.html,club_ul+club_link
401250,大森,吹奏楽部,文化部,https://www.metro.ed.jp/omori-h/school_life/activities.html,club_ul+club_link
401250,大森,天文部,文化部,https://www.metro.ed.jp/omori-h/school_life/activities.html,club_ul+club_link
401250,大森,演劇部,文化部,https://www.metro.ed.jp/omori-h/school_life/activities.html,club_ul+club_link
401250,大森,クッキング部,文化部,https://www.metro.ed.jp/omori-h/school_life/activities.html,club_ul+club_link
401250,大森,芸術部,文化部,https://www.metro.ed.jp/omori-h/school_life/activities.html,club_ul+club_link
401250,大森,軽音楽部,文化部,https://www.metro.ed.jp/omori-h/school_life/activities.html,club_ul+club_link
401250,大森,華道部,文化部,https://www.metro.ed.jp/omori-h/school_life/activities.html,club_ul+club_link
401250,大森,茶道部,文化部,https://www.metro.ed.jp/omori-h/school_life/activities.html,club_ul+club_link
401250,大森,科学同好会,文化部,https://www.metro.ed.jp/omori-h/school_life/activities.html,club_ul+club_link
401250,大森,文芸部,文化部,https://www.metro.ed.jp/omori-h/school_life/activities.html,club_ul+club_link
401250,大森,鉄道同好会,文化部,https://www.metro.ed.jp/omori-h/school_life/activities.html,club_ul+club_link
401250,大森,勉強部,文化部,https://www.metro.ed.jp/omori-h/school_life/activities.html,club_ul+club_link
401250,大森,ソフトテニス部,部活動,https://www.metro.ed.jp/omori-h/school_life/activities.html,club_ul+club_link
401260,田園調布,剣道部,部活動,https://www.metro.ed.jp/den-enchofu-h/school_life/activities.html,club_link
401260,田園調布,男子硬式テニス部,部活動,https://www.metro.ed.jp/den-enchofu-h/school_life/activities.html,club_link
401260,田園調布,女子硬式テニス部,部活動,https://www.metro.ed.jp/den-enchofu-h/school_life/activities.html,club_link
401260,田園調布,硬式野球部,部活動,https://www.metro.ed.jp/den-enchofu-h/school_life/activities.html,club_link
401260,田園調布,陸上競技部,部活動,https://www.metro.ed.jp/den-enchofu-h/school_life/activities.html,club_link
401260,田園調布,男子バスケットボール部,部活動,https://www.metro.ed.jp/den-enchofu-h/school_life/activities.html,club_link
401260,田園調布,女子バスケットボール部,部活動,https://www.metro.ed.jp/den-enchofu-h/school_life/activities.html,club_link
401260,田園調布,男子バレーボール部,部活動,https://www.metro.ed.jp/den-enchofu-h/school_life/activities.html,club_link
401260,田園調布,女子バレーボール部,部活動,https://www.metro.ed.jp/den-enchofu-h/school_life/activities.html,club_link
401260,田園調布,水泳部,部活動,https://www.metro.ed.jp/den-enchofu-h/school_life/activities.html,club_link
401260,田園調布,サッカー部,部活動,https://www.metro.ed.jp/den-enchofu-h/school_life/activities.html,club_link
401260,田園調布,バドミントン部,部活動,https://www.metro.ed.jp/den-enchofu-h/school_life/activities.html,club_link
401260,田園調布,卓球部,部活動,https://www.metro.ed.jp/den-enchofu-h/school_life/activities.html,club_link
401260,田園調布,ワンダーフォーゲル部,部活動,https://www.metro.ed.jp/den-enchofu-h/school_life/activities.html,club_link
401260,田園調布,ダンス部,部活動,https://www.metro.ed.jp/den-enchofu-h/school_life/activities.html,club_link
401260,田園調布,演劇部,部活動,https://www.metro.ed.jp/den-enchofu-h/school_life/activities.html,club_link
401260,田園調布,筝曲部,部活動,https://www.metro.ed.jp/den-enchofu-h/school_life/activities.html,club_link
401260,田園調布,美術部,部活動,https://www.metro.ed.jp/den-enchofu-h/school_life/activities.html,club_link
401260,田園調布,吹奏楽部,部活動,https://www.metro.ed.jp/den-enchofu-h/school_life/activities.html,club_link
401260,田園調布,総合科学部,部活動,https://www.metro.ed.jp/den-enchofu-h/school_life/activities.html,club_link
401260,田園調布,漫画研究部,部活動,https://www.metro.ed.jp/den-enchofu-h/school_life/activities.html,club_link
401260,田園調布,茶道部,部活動,https://www.metro.ed.jp/den-enchofu-h/school_life/activities.html,club_link
401260,田園調布,軽音楽部,部活動,https://www.metro.ed.jp/den-enchofu-h/school_life/activities.html,club_link
401260,田園調布,ピアノ部,部活動,https://www.metro.ed.jp/den-enchofu-h/school_life/activities.html,club_link
401260,田園調布,料理研究部,部活動,https://www.metro.ed.jp/den-enchofu-h/school_life/activities.html,club_link
401260,田園調布,かるた部,部活動,https://www.metro.ed.jp/den-enchofu-h/school_life/activities.html,club_link
401260,田園調布,合唱同好会,部活動,https://www.metro.ed.jp/den-enchofu-h/school_life/activities.html,club_link
401290,蒲田,柔道部,部活動,https://www.metro.ed.jp/kamata-h/school_life/activities.html,club_link
401290,蒲田,サッカー部,部活動,https://www.metro.ed.jp/kamata-h/school_life/activities.html,club_link
401290,蒲田,水泳部,部活動,https://www.metro.ed.jp/kamata-h/school_life/activities.html,club_link
401290,蒲田,卓球部,部活動,https://www.metro.ed.jp/kamata-h/school_life/activities.html,club_link
401290,蒲田,ダンス部,部活動,https://www.metro.ed.jp/kamata-h/school_life/activities.html,club_link
401290,蒲田,硬式テニス部,部活動,https://www.metro.ed.jp/kamata-h/school_life/activities.html,club_link
401290,蒲田,男子バスケットボール部,部活動,https://www.metro.ed.jp/kamata-h/school_life/activities.html,club_link
401290,蒲田,バドミントン部,部活動,https://www.metro.ed.jp/kamata-h/school_life/activities.html,club_link
401290,蒲田,女子バレーボール部,部活動,https://www.metro.ed.jp/kamata-h/school_life/activities.html,club_link
401290,蒲田,陸上競技部,部活動,https://www.metro.ed.jp/kamata-h/school_life/activities.html,club_link
401290,蒲田,ハンドメイキング部,部活動,https://www.metro.ed.jp/kamata-h/school_life/activities.html,club_link
401290,蒲田,写真部,部活動,https://www.metro.ed.jp/kamata-h/school_life/activities.html,club_link
401290,蒲田,吹奏楽部,部活動,https://www.metro.ed.jp/kamata-h/school_life/activities.html,club_link
401290,蒲田,美術部,部活動,https://www.metro.ed.jp/kamata-h/school_life/activities.html,club_link
401290,蒲田,eスポーツ部,部活動,https://www.metro.ed.jp/kamata-h/school_life/activities.html,club_link
401290,蒲田,ロックバンド部,部活動,https://www.metro.ed.jp/kamata-h/school_life/activities.html,club_link
401290,蒲田,アニスト部,部活動,https://www.metro.ed.jp/kamata-h/school_life/activities.html,club_link
401410,つばさ総合,サッカー部,運動部,https://www.metro.ed.jp/tsubasasogo-h/school_life/activities.html,club_ul+club_link
401410,つばさ総合,男子バレーボール部,運動部,https://www.metro.ed.jp/tsubasasogo-h/school_life/activities.html,club_ul+club_link
401410,つばさ総合,女子バレーボール部,運動部,https://www.metro.ed.jp/tsubasasogo-h/school_life/activities.html,club_ul+club_link
401410,つばさ総合,男子バスケットボール部,運動部,https://www.metro.ed.jp/tsubasasogo-h/school_life/activities.html,club_ul+club_link
401410,つばさ総合,女子バスケットボール部,運動部,https://www.metro.ed.jp/tsubasasogo-h/school_life/activities.html,club_ul+club_link
401410,つばさ総合,硬式野球部,運動部,https://www.metro.ed.jp/tsubasasogo-h/school_life/activities.html,club_ul+club_link
401410,つばさ総合,陸上競技部,運動部,https://www.metro.ed.jp/tsubasasogo-h/school_life/activities.html,club_ul+club_link
401410,つばさ総合,弓道部,運動部,https://www.metro.ed.jp/tsubasasogo-h/school_life/activities.html,club_ul+club_link
401410,つばさ総合,バドミントン部,運動部,https://www.metro.ed.jp/tsubasasogo-h/school_life/activities.html,club_ul+club_link
401410,つばさ総合,硬式テニス部,運動部,https://www.metro.ed.jp/tsubasasogo-h/school_life/activities.html,club_ul+club_link
401410,つばさ総合,水泳部,運動部,https://www.metro.ed.jp/tsubasasogo-h/school_life/activities.html,club_ul+club_link
401410,つばさ総合,ハンドボール部,運動部,https://www.metro.ed.jp/tsubasasogo-h/school_life/activities.html,club_ul+club_link
401410,つばさ総合,ダンス部,運動部,https://www.metro.ed.jp/tsubasasogo-h/school_life/activities.html,club_ul+club_link
401410,つばさ総合,卓球同好会,運動部,https://www.metro.ed.jp/tsubasasogo-h/school_life/activities.html,club_ul+club_link
401410,つばさ総合,吹奏楽部,文化部,https://www.metro.ed.jp/tsubasasogo-h/school_life/activities.html,club_ul+club_link
401410,つばさ総合,軽音楽部,文化部,https://www.metro.ed.jp/tsubasasogo-h/school_life/activities.html,club_ul+club_link
401410,つばさ総合,演劇部,文化部,https://www.metro.ed.jp/tsubasasogo-h/school_life/activities.html,club_ul+club_link
401410,つばさ総合,写真部,文化部,https://www.metro.ed.jp/tsubasasogo-h/school_life/activities.html,club_ul+club_link
401410,つばさ総合,クッキング部,文化部,https://www.metro.ed.jp/tsubasasogo-h/school_life/activities.html,club_ul+club_link
401410,つばさ総合,茶道部,文化部,https://www.metro.ed.jp/tsubasasogo-h/school_life/activities.html,club_ul+club_link
401410,つばさ総合,美術部,文化部,https://www.metro.ed.jp/tsubasasogo-h/school_life/activities.html,club_ul+club_link
401410,つばさ総合,イラストレーション部,文化部,https://www.metro.ed.jp/tsubasasogo-h/school_life/activities.html,club_ul+club_link
401410,つばさ総合,福祉部,文化部,https://www.metro.ed.jp/tsubasasogo-h/school_life/activities.html,club_ul+club_link
401410,つばさ総合,放送部,文化部,https://www.metro.ed.jp/tsubasasogo-h/school_life/activities.html,club_ul+club_link
401410,つばさ総合,ボードゲーム同好会,文化部,https://www.metro.ed.jp/tsubasasogo-h/school_life/activities.html,club_ul+club_link
401410,つばさ総合,バトミントン部,部活動・生徒会,https://www.metro.ed.jp/tsubasasogo-h/school_life/activities.html,club_ul+club_link
401410,つばさ総合,社会科学同好会,部活動・生徒会,https://www.metro.ed.jp/tsubasasogo-h/school_life/activities.html,club_ul+club_link
401510,六郷工科,ラグビー部,運動部 文化部はこちらから,https://rokugokoka-h.metro.ed.jp/zen/bukatsu.html,generic
401510,六郷工科,部活動の紹介,運動部 文化部はこちらから,https://rokugokoka-h.metro.ed.jp/zen/bukatsu.html,generic
401510,六郷工科,硬式野球部,運動部 文化部はこちらから,https://rokugokoka-h.metro.ed.jp/zen/bukatsu.html,generic
401510,六郷工科,サッカー部,運動部 文化部はこちらから,https://rokugokoka-h.metro.ed.jp/zen/bukatsu.html,generic
401510,六郷工科,硬式テニス部,運動部 文化部はこちらから,https://rokugokoka-h.metro.ed.jp/zen/bukatsu.html,generic
401510,六郷工科,男子バレーボール部,運動部 文化部はこちらから,https://rokugokoka-h.metro.ed.jp/zen/bukatsu.html,generic
401510,六郷工科,女子バレーボール部,運動部 文化部はこちらから,https://rokugokoka-h.metro.ed.jp/zen/bukatsu.html,generic
401510,六郷工科,バスケットボール部,運動部 文化部はこちらから,https://rokugokoka-h.metro.ed.jp/zen/bukatsu.html,generic
401510,六郷工科,バドミントン部,運動部 文化部はこちらから,https://rokugokoka-h.metro.ed.jp/zen/bukatsu.html,generic
401510,六郷工科,卓球部,運動部 文化部はこちらから,https://rokugokoka-h.metro.ed.jp/zen/bukatsu.html,generic
401510,六郷工科,剣道部,運動部 文化部はこちらから,https://rokugokoka-h.metro.ed.jp/zen/bukatsu.html,generic
401510,六郷工科,自転車競技同好会,運動部 文化部はこちらから,https://rokugokoka-h.metro.ed.jp/zen/bukatsu.html,generic
401510,六郷工科,軽音楽部,文化部 運動部はこちらから,https://rokugokoka-h.metro.ed.jp/zen/bukatsu.html,generic
401510,六郷工科,自動車部,文化部 運動部はこちらから,https://rokugokoka-h.metro.ed.jp/zen/bukatsu.html,generic
401510,六郷工科,アート部,文化部 運動部はこちらから,https://rokugokoka-h.metro.ed.jp/zen/bukatsu.html,generic
401510,六郷工科,イラスト部,文化部 運動部はこちらから,https://rokugokoka-h.metro.ed.jp/zen/bukatsu.html,generic
401510,六郷工科,コンピュータ部,文化部 運動部はこちらから,https://rokugokoka-h.metro.ed.jp/zen/bukatsu.html,generic
401510,六郷工科,写真同好会,文化部 運動部はこちらから,https://rokugokoka-h.metro.ed.jp/zen/bukatsu.html,generic
401510,六郷工科,デジタル・ドローン・プログラミング同好会,文化部 運動部はこちらから,https://rokugokoka-h.metro.ed.jp/zen/bukatsu.html,generic
401510,六郷工科,ねぶた部,文化部 運動部はこちらから,https://rokugokoka-h.metro.ed.jp/zen/bukatsu.html,generic
401510,六郷工科,吹奏楽同好会,文化部 運動部はこちらから,https://rokugokoka-h.metro.ed.jp/zen/bukatsu.html,generic
401510,六郷工科,料理同好会,文化部 運動部はこちらから,https://rokugokoka-h.metro.ed.jp/zen/bukatsu.html,generic
401510,六郷工科,機械工作同好会,文化部 運動部はこちらから,https://rokugokoka-h.metro.ed.jp/zen/bukatsu.html,generic
401520,美原,テニス部,運動部,https://www.metro.ed.jp/mihara-h/school_life/activities.html,club_ul+club_link
401520,美原,サッカー部,運動部,https://www.metro.ed.jp/mihara-h/school_life/activities.html,club_ul+club_link
401520,美原,バドミントン部,運動部,https://www.metro.ed.jp/mihara-h/school_life/activities.html,club_ul+club_link
401520,美原,男子バスケットボール部,運動部,https://www.metro.ed.jp/mihara-h/school_life/activities.html,club_ul+club_link
401520,美原,女子バスケットボール部,運動部,https://www.metro.ed.jp/mihara-h/school_life/activities.html,club_ul+club_link
401520,美原,女子バレーボール部,運動部,https://www.metro.ed.jp/mihara-h/school_life/activities.html,club_ul+club_link
401520,美原,弓道部,運動部,https://www.metro.ed.jp/mihara-h/school_life/activities.html,club_ul+club_link
401520,美原,卓球部,運動部,https://www.metro.ed.jp/mihara-h/school_life/activities.html,club_ul+club_link
401520,美原,陸上競技部,運動部,https://www.metro.ed.jp/mihara-h/school_life/activities.html,club_ul+club_link
401520,美原,男子ソフトボール部,運動部,https://www.metro.ed.jp/mihara-h/school_life/activities.html,club_ul+club_link
401520,美原,和太鼓部,文化部,https://www.metro.ed.jp/mihara-h/school_life/activities.html,club_ul+club_link
401520,美原,吹奏楽部,文化部,https://www.metro.ed.jp/mihara-h/school_life/activities.html,club_ul+club_link
401520,美原,福祉部,文化部,https://www.metro.ed.jp/mihara-h/school_life/activities.html,club_ul+club_link
401520,美原,パソコン部,文化部,https://www.metro.ed.jp/mihara-h/school_life/activities.html,club_ul+club_link
401520,美原,箏曲部,文化部,https://www.metro.ed.jp/mihara-h/school_life/activities.html,club_ul+club_link
401520,美原,茶道部,文化部,https://www.metro.ed.jp/mihara-h/school_life/activities.html,club_ul+club_link
401520,美原,美術部,文化部,https://www.metro.ed.jp/mihara-h/school_life/activities.html,club_ul+club_link
401520,美原,家庭科部,文化部,https://www.metro.ed.jp/mihara-h/school_life/activities.html,club_ul+club_link
401520,美原,演劇部,文化部,https://www.metro.ed.jp/mihara-h/school_life/activities.html,club_ul+club_link
401520,美原,写真部,文化部,https://www.metro.ed.jp/mihara-h/school_life/activities.html,club_ul+club_link
401520,美原,書道部,文化部,https://www.metro.ed.jp/mihara-h/school_life/activities.html,club_ul+club_link
401520,美原,文芸部,文化部,https://www.metro.ed.jp/mihara-h/school_life/activities.html,club_ul+club_link
401520,美原,イラスト部,文化部,https://www.metro.ed.jp/mihara-h/school_life/activities.html,club_ul+club_link
401610,芝商業,男子バスケットボール部,運動部,https://www.metro.ed.jp/sibasyogyo-h/school_life/activities.html,club_ul+club_link
401610,芝商業,女子バスケットボール部,運動部,https://www.metro.ed.jp/sibasyogyo-h/school_life/activities.html,club_ul+club_link
401610,芝商業,男子バレーボール部,運動部,https://www.metro.ed.jp/sibasyogyo-h/school_life/activities.html,club_ul+club_link
401610,芝商業,女子バレーボール部,運動部,https://www.metro.ed.jp/sibasyogyo-h/school_life/activities.html,club_ul+club_link
401610,芝商業,バドミントン部,運動部,https://www.metro.ed.jp/sibasyogyo-h/school_life/activities.html,club_ul+club_link
401610,芝商業,硬式テニス部,運動部,https://www.metro.ed.jp/sibasyogyo-h/school_life/activities.html,club_ul+club_link
401610,芝商業,ソフトテニス部,運動部,https://www.metro.ed.jp/sibasyogyo-h/school_life/activities.html,club_ul+club_link
401610,芝商業,陸上競技部,運動部,https://www.metro.ed.jp/sibasyogyo-h/school_life/activities.html,club_ul+club_link
401610,芝商業,サッカー部（男子）,運動部,https://www.metro.ed.jp/sibasyogyo-h/school_life/activities.html,club_ul+club_link
401610,芝商業,サッカー部（女子）,運動部,https://www.metro.ed.jp/sibasyogyo-h/school_life/activities.html,club_ul+club_link
401610,芝商業,ダンス部,運動部,https://www.metro.ed.jp/sibasyogyo-h/school_life/activities.html,club_ul+club_link
401610,芝商業,剣道部,運動部,https://www.metro.ed.jp/sibasyogyo-h/school_life/activities.html,club_ul+club_link
401610,芝商業,卓球部,運動部,https://www.metro.ed.jp/sibasyogyo-h/school_life/activities.html,club_ul+club_link
401610,芝商業,弓道部,運動部,https://www.metro.ed.jp/sibasyogyo-h/school_life/activities.html,club_ul+club_link
401610,芝商業,水泳部,運動部,https://www.metro.ed.jp/sibasyogyo-h/school_life/activities.html,club_ul+club_link
401610,芝商業,軽音楽部,学芸部,https://www.metro.ed.jp/sibasyogyo-h/school_life/activities.html,club_ul+club_link
401610,芝商業,吹奏楽部,学芸部,https://www.metro.ed.jp/sibasyogyo-h/school_life/activities.html,club_ul+club_link
401610,芝商業,コンピューター,学芸部,https://www.metro.ed.jp/sibasyogyo-h/school_life/activities.html,club_ul+club_link
401610,芝商業,簿記部,学芸部,https://www.metro.ed.jp/sibasyogyo-h/school_life/activities.html,club_ul+club_link
401610,芝商業,茶道部,学芸部,https://www.metro.ed.jp/sibasyogyo-h/school_life/activities.html,club_ul+club_link
401610,芝商業,華道部,学芸部,https://www.metro.ed.jp/sibasyogyo-h/school_life/activities.html,club_ul+club_link
401610,芝商業,漫画研究部,学芸部,https://www.metro.ed.jp/sibasyogyo-h/school_life/activities.html,club_ul+club_link
401610,芝商業,珠算競技部,学芸部,https://www.metro.ed.jp/sibasyogyo-h/school_life/activities.html,club_ul+club_link
401610,芝商業,写真部,学芸部,https://www.metro.ed.jp/sibasyogyo-h/school_life/activities.html,club_ul+club_link
401610,芝商業,映画研究部,学芸部,https://www.metro.ed.jp/sibasyogyo-h/school_life/activities.html,club_ul+club_link
401610,芝商業,ホームメイキング部,学芸部,https://www.metro.ed.jp/sibasyogyo-h/school_life/activities.html,club_ul+club_link
401610,芝商業,英語部,学芸部,https://www.metro.ed.jp/sibasyogyo-h/school_life/activities.html,club_ul+club_link
401610,芝商業,放送部,学芸部,https://www.metro.ed.jp/sibasyogyo-h/school_life/activities.html,club_ul+club_link
401610,芝商業,美術部,学芸部,https://www.metro.ed.jp/sibasyogyo-h/school_life/activities.html,club_ul+club_link
401610,芝商業,演劇部,学芸部,https://www.metro.ed.jp/sibasyogyo-h/school_life/activities.html,club_ul+club_link
401610,芝商業,理科同好会,学芸部,https://www.metro.ed.jp/sibasyogyo-h/school_life/activities.html,club_ul+club_link
401610,芝商業,合唱同好会,学芸部,https://www.metro.ed.jp/sibasyogyo-h/school_life/activities.html,club_ul+club_link
401610,芝商業,男女サッカー部,部活動,https://www.metro.ed.jp/sibasyogyo-h/school_life/activities.html,club_ul+club_link
401610,芝商業,コンピュータ部,部活動,https://www.metro.ed.jp/sibasyogyo-h/school_life/activities.html,club_ul+club_link
401610,芝商業,ワープロ部,部活動,https://www.metro.ed.jp/sibasyogyo-h/school_life/activities.html,club_ul+club_link
401610,芝商業,ひがた部,部活動,https://www.metro.ed.jp/sibasyogyo-h/school_life/activities.html,club_ul+club_link
401610,芝商業,いけだ部,部活動,https://www.metro.ed.jp/sibasyogyo-h/school_life/activities.html,club_ul+club_link
401620,大田桜台,卓球部,運動部,https://www.metro.ed.jp/otasakuradai-h/school_life/activities.html,club_ul+club_link
401620,大田桜台,野球部,運動部,https://www.metro.ed.jp/otasakuradai-h/school_life/activities.html,club_ul+club_link
401620,大田桜台,バドミントン部,運動部,https://www.metro.ed.jp/otasakuradai-h/school_life/activities.html,club_ul+club_link
401620,大田桜台,水泳部,運動部,https://www.metro.ed.jp/otasakuradai-h/school_life/activities.html,club_ul+club_link
401620,大田桜台,サッカー部,運動部,https://www.metro.ed.jp/otasakuradai-h/school_life/activities.html,club_ul+club_link
401620,大田桜台,陸上競技部,運動部,https://www.metro.ed.jp/otasakuradai-h/school_life/activities.html,club_ul+club_link
401620,大田桜台,男子硬式テニス,運動部,https://www.metro.ed.jp/otasakuradai-h/school_life/activities.html,club_ul+club_link
401620,大田桜台,女子硬式テニス,運動部,https://www.metro.ed.jp/otasakuradai-h/school_life/activities.html,club_ul+club_link
401620,大田桜台,男子バスケットボール部,運動部,https://www.metro.ed.jp/otasakuradai-h/school_life/activities.html,club_ul+club_link
401620,大田桜台,女子バスケットボール部,運動部,https://www.metro.ed.jp/otasakuradai-h/school_life/activities.html,club_ul+club_link
401620,大田桜台,女子バレーボール部,運動部,https://www.metro.ed.jp/otasakuradai-h/school_life/activities.html,club_ul+club_link
401620,大田桜台,ダンス部,運動部,https://www.metro.ed.jp/otasakuradai-h/school_life/activities.html,club_ul+club_link
401620,大田桜台,フラダンス同好会,運動部,https://www.metro.ed.jp/otasakuradai-h/school_life/activities.html,club_ul+club_link
401620,大田桜台,華道部,文化部,https://www.metro.ed.jp/otasakuradai-h/school_life/activities.html,club_ul+club_link
401620,大田桜台,茶道部,文化部,https://www.metro.ed.jp/otasakuradai-h/school_life/activities.html,club_ul+club_link
401620,大田桜台,軽音楽部,文化部,https://www.metro.ed.jp/otasakuradai-h/school_life/activities.html,club_ul+club_link
401620,大田桜台,吹奏楽部,文化部,https://www.metro.ed.jp/otasakuradai-h/school_life/activities.html,club_ul+club_link
401620,大田桜台,美術部,文化部,https://www.metro.ed.jp/otasakuradai-h/school_life/activities.html,club_ul+club_link
401620,大田桜台,漫画アニメ部,文化部,https://www.metro.ed.jp/otasakuradai-h/school_life/activities.html,club_ul+club_link
401620,大田桜台,演劇,文化部,https://www.metro.ed.jp/otasakuradai-h/school_life/activities.html,club_ul+club_link
401620,大田桜台,写真部,文化部,https://www.metro.ed.jp/otasakuradai-h/school_life/activities.html,club_ul+club_link
401620,大田桜台,伝統文化,文化部,https://www.metro.ed.jp/otasakuradai-h/school_life/activities.html,club_ul+club_link
401620,大田桜台,自然研究部,文化部,https://www.metro.ed.jp/otasakuradai-h/school_life/activities.html,club_ul+club_link
401620,大田桜台,国際交流部,文化部,https://www.metro.ed.jp/otasakuradai-h/school_life/activities.html,club_ul+club_link
401620,大田桜台,ＰＣ資格検定,文化部,https://www.metro.ed.jp/otasakuradai-h/school_life/activities.html,club_ul+club_link
401620,大田桜台,デザイン同好会,文化部,https://www.metro.ed.jp/otasakuradai-h/school_life/activities.html,club_ul+club_link
401620,大田桜台,硬式テニス部,部活動,https://www.metro.ed.jp/otasakuradai-h/school_life/activities.html,club_ul+club_link
401620,大田桜台,PC資格検定部,部活動,https://www.metro.ed.jp/otasakuradai-h/school_life/activities.html,club_ul+club_link
402010,戸山,剣道部,部活動,https://www.metro.ed.jp/toyama-h/school_life/activities.html,club_link
402010,戸山,卓球部,部活動,https://www.metro.ed.jp/toyama-h/school_life/activities.html,club_link
402010,戸山,空手道部,部活動,https://www.metro.ed.jp/toyama-h/school_life/activities.html,club_link
402010,戸山,水泳部,部活動,https://www.metro.ed.jp/toyama-h/school_life/activities.html,club_link
402010,戸山,バドミントン部,部活動,https://www.metro.ed.jp/toyama-h/school_life/activities.html,club_link
402010,戸山,男子バスケット部,部活動,https://www.metro.ed.jp/toyama-h/school_life/activities.html,club_link
402010,戸山,女子バスケット部,部活動,https://www.metro.ed.jp/toyama-h/school_life/activities.html,club_link
402010,戸山,男子バレー部,部活動,https://www.metro.ed.jp/toyama-h/school_life/activities.html,club_link
402010,戸山,女子バレー部,部活動,https://www.metro.ed.jp/toyama-h/school_life/activities.html,club_link
402010,戸山,硬式野球部,部活動,https://www.metro.ed.jp/toyama-h/school_life/activities.html,club_link
402010,戸山,サッカー部,部活動,https://www.metro.ed.jp/toyama-h/school_life/activities.html,club_link
402010,戸山,アメリカン・フットボール部,部活動,https://www.metro.ed.jp/toyama-h/school_life/activities.html,club_link
402010,戸山,陸上競技部,部活動,https://www.metro.ed.jp/toyama-h/school_life/activities.html,club_link
402010,戸山,女子サッカー部,部活動,https://www.metro.ed.jp/toyama-h/school_life/activities.html,club_link
402010,戸山,山岳部,部活動,https://www.metro.ed.jp/toyama-h/school_life/activities.html,club_link
402010,戸山,硬式テニス部,部活動,https://www.metro.ed.jp/toyama-h/school_life/activities.html,club_link
402010,戸山,ソフトテニス部,部活動,https://www.metro.ed.jp/toyama-h/school_life/activities.html,club_link
402010,戸山,ダンス同好会,部活動,https://www.metro.ed.jp/toyama-h/school_life/activities.html,club_link
402010,戸山,新聞部,部活動,https://www.metro.ed.jp/toyama-h/school_life/activities.html,club_link
402010,戸山,放送部,部活動,https://www.metro.ed.jp/toyama-h/school_life/activities.html,club_link
402010,戸山,文学部,部活動,https://www.metro.ed.jp/toyama-h/school_life/activities.html,club_link
402010,戸山,地理歴史部,部活動,https://www.metro.ed.jp/toyama-h/school_life/activities.html,club_link
402010,戸山,美術部,部活動,https://www.metro.ed.jp/toyama-h/school_life/activities.html,club_link
402010,戸山,漫画研究部,部活動,https://www.metro.ed.jp/toyama-h/school_life/activities.html,club_link
402010,戸山,写真部,部活動,https://www.metro.ed.jp/toyama-h/school_life/activities.html,club_link
402010,戸山,囲碁将棋部,部活動,https://www.metro.ed.jp/toyama-h/school_life/activities.html,club_link
402010,戸山,化学部,部活動,https://www.metro.ed.jp/toyama-h/school_life/activities.html,club_link
402010,戸山,生物部,部活動,https://www.metro.ed.jp/toyama-h/school_life/activities.html,club_link
402010,戸山,天文気象部,部活動,https://www.metro.ed.jp/toyama-h/school_life/activities.html,club_link
402010,戸山,管弦楽部,部活動,https://www.metro.ed.jp/toyama-h/school_life/activities.html,club_link
402010,戸山,ブラスバンド部,部活動,https://www.metro.ed.jp/toyama-h/school_life/activities.html,club_link
402010,戸山,軽音楽部,部活動,https://www.metro.ed.jp/toyama-h/school_life/activities.html,club_link
402010,戸山,合唱部,部活動,https://www.metro.ed.jp/toyama-h/school_life/activities.html,club_link
402010,戸山,演劇部,部活動,https://www.metro.ed.jp/toyama-h/school_life/activities.html,club_link
402010,戸山,パソコン同好会,部活動,https://www.metro.ed.jp/toyama-h/school_life/activities.html,club_link
402010,戸山,クイズ同好会,部活動,https://www.metro.ed.jp/toyama-h/school_life/activities.html,club_link
402010,戸山,かるた同好会,部活動,https://www.metro.ed.jp/toyama-h/school_life/activities.html,club_link
402030,駒場,陸上競技部,運動部,https://www.metro.ed.jp/komaba-h/school_life/activities.html,club_ul+club_link
402030,駒場,水泳部,運動部,https://www.metro.ed.jp/komaba-h/school_life/activities.html,club_ul+club_link
402030,駒場,体操競技部,運動部,https://www.metro.ed.jp/komaba-h/school_life/activities.html,club_ul+club_link
402030,駒場,柔道部,運動部,https://www.metro.ed.jp/komaba-h/school_life/activities.html,club_ul+club_link
402030,駒場,剣道部,運動部,https://www.metro.ed.jp/komaba-h/school_life/activities.html,club_ul+club_link
402030,駒場,サッカー部,運動部,https://www.metro.ed.jp/komaba-h/school_life/activities.html,club_ul+club_link
402030,駒場,女子バレーボール部,運動部,https://www.metro.ed.jp/komaba-h/school_life/activities.html,club_ul+club_link
402030,駒場,女子バスケットボール部,運動部,https://www.metro.ed.jp/komaba-h/school_life/activities.html,club_ul+club_link
402030,駒場,男子バスケットボール部,運動部,https://www.metro.ed.jp/komaba-h/school_life/activities.html,club_ul+club_link
402030,駒場,男子硬式テニス部,運動部,https://www.metro.ed.jp/komaba-h/school_life/activities.html,club_ul+club_link
402030,駒場,女子硬式テニス部,運動部,https://www.metro.ed.jp/komaba-h/school_life/activities.html,club_ul+club_link
402030,駒場,ソフトテニス部,運動部,https://www.metro.ed.jp/komaba-h/school_life/activities.html,club_ul+club_link
402030,駒場,男子バレーボール部,運動部,https://www.metro.ed.jp/komaba-h/school_life/activities.html,club_ul+club_link
402030,駒場,硬式野球部,運動部,https://www.metro.ed.jp/komaba-h/school_life/activities.html,club_ul+club_link
402030,駒場,卓球部,運動部,https://www.metro.ed.jp/komaba-h/school_life/activities.html,club_ul+club_link
402030,駒場,演劇部,文化部,https://www.metro.ed.jp/komaba-h/school_life/activities.html,club_ul+club_link
402030,駒場,駒場フィルハーモニーオーケストラ部,文化部,https://www.metro.ed.jp/komaba-h/school_life/activities.html,club_ul+club_link
402030,駒場,箏曲部,文化部,https://www.metro.ed.jp/komaba-h/school_life/activities.html,club_ul+club_link
402030,駒場,KMC部,文化部,https://www.metro.ed.jp/komaba-h/school_life/activities.html,club_ul+club_link
402030,駒場,百人一首部,文化部,https://www.metro.ed.jp/komaba-h/school_life/activities.html,club_ul+club_link
402030,駒場,沖縄太鼓部,文化部,https://www.metro.ed.jp/komaba-h/school_life/activities.html,club_ul+club_link
402030,駒場,茶道部,文化部,https://www.metro.ed.jp/komaba-h/school_life/activities.html,club_ul+club_link
402030,駒場,美術部,文化部,https://www.metro.ed.jp/komaba-h/school_life/activities.html,club_ul+club_link
402030,駒場,写真部,文化部,https://www.metro.ed.jp/komaba-h/school_life/activities.html,club_ul+club_link
402030,駒場,放送局,文化部,https://www.metro.ed.jp/komaba-h/school_life/activities.html,club_ul+club_link
402030,駒場,新聞局,文化部,https://www.metro.ed.jp/komaba-h/school_life/activities.html,club_ul+club_link
402030,駒場,ESS部,文化部,https://www.metro.ed.jp/komaba-h/school_life/activities.html,club_ul+club_link
402030,駒場,科学部,文化部,https://www.metro.ed.jp/komaba-h/school_life/activities.html,club_ul+club_link
402030,駒場,漫画研究部,文化部,https://www.metro.ed.jp/komaba-h/school_life/activities.html,club_ul+club_link
402030,駒場,女子バレーボール部,部活動,https://www.metro.ed.jp/komaba-h/school_life/activities.html,club_ul+club_link
402040,目黒,男子バスケットボール部,運動部,https://www.metro.ed.jp/meguro-h/school_life/activities.html,club_ul+club_link
402040,目黒,女子バスケットボール部,運動部,https://www.metro.ed.jp/meguro-h/school_life/activities.html,club_ul+club_link
402040,目黒,男子バレーボール部,運動部,https://www.metro.ed.jp/meguro-h/school_life/activities.html,club_ul+club_link
402040,目黒,女子バレーボール部,運動部,https://www.metro.ed.jp/meguro-h/school_life/activities.html,club_ul+club_link
402040,目黒,バトミントン部,運動部,https://www.metro.ed.jp/meguro-h/school_life/activities.html,club_ul+club_link
402040,目黒,卓球部,運動部,https://www.metro.ed.jp/meguro-h/school_life/activities.html,club_ul+club_link
402040,目黒,剣道部,運動部,https://www.metro.ed.jp/meguro-h/school_life/activities.html,club_ul+club_link
402040,目黒,硬式野球部,運動部,https://www.metro.ed.jp/meguro-h/school_life/activities.html,club_ul+club_link
402040,目黒,サッカー部,運動部,https://www.metro.ed.jp/meguro-h/school_life/activities.html,club_ul+club_link
402040,目黒,硬式テニス部,運動部,https://www.metro.ed.jp/meguro-h/school_life/activities.html,club_ul+club_link
402040,目黒,ソフトテニス部,運動部,https://www.metro.ed.jp/meguro-h/school_life/activities.html,club_ul+club_link
402040,目黒,水泳部,運動部,https://www.metro.ed.jp/meguro-h/school_life/activities.html,club_ul+club_link
402040,目黒,ダンス部,運動部,https://www.metro.ed.jp/meguro-h/school_life/activities.html,club_ul+club_link
402040,目黒,合唱部,文化部,https://www.metro.ed.jp/meguro-h/school_life/activities.html,club_ul+club_link
402040,目黒,吹奏楽部,文化部,https://www.metro.ed.jp/meguro-h/school_life/activities.html,club_ul+club_link
402040,目黒,フォークソング部,文化部,https://www.metro.ed.jp/meguro-h/school_life/activities.html,club_ul+club_link
402040,目黒,演劇部,文化部,https://www.metro.ed.jp/meguro-h/school_life/activities.html,club_ul+club_link
402040,目黒,科学部,文化部,https://www.metro.ed.jp/meguro-h/school_life/activities.html,club_ul+club_link
402040,目黒,美術部,文化部,https://www.metro.ed.jp/meguro-h/school_life/activities.html,club_ul+club_link
402040,目黒,茶道部,文化部,https://www.metro.ed.jp/meguro-h/school_life/activities.html,club_ul+club_link
402040,目黒,華道部,文化部,https://www.metro.ed.jp/meguro-h/school_life/activities.html,club_ul+club_link
402040,目黒,ホームメイド部,文化部,https://www.metro.ed.jp/meguro-h/school_life/activities.html,club_ul+club_link
402040,目黒,写真部,文化部,https://www.metro.ed.jp/meguro-h/school_life/activities.html,club_ul+club_link
402040,目黒,書道部,文化部,https://www.metro.ed.jp/meguro-h/school_life/activities.html,club_ul+club_link
402040,目黒,競技かるた同好会,文化部,https://www.metro.ed.jp/meguro-h/school_life/activities.html,club_ul+club_link
402040,目黒,バドミントン部,部活動,https://www.metro.ed.jp/meguro-h/school_life/activities.html,club_ul+club_link
402060,新宿,男子ソフトテニス部,運動部,https://www.metro.ed.jp/shinjuku-h/school_life/activities.html,club_ul+club_link
402060,新宿,女子ソフトテニス部,運動部,https://www.metro.ed.jp/shinjuku-h/school_life/activities.html,club_ul+club_link
402060,新宿,陸上競技部,運動部,https://www.metro.ed.jp/shinjuku-h/school_life/activities.html,club_ul+club_link
402060,新宿,硬式テニス部,運動部,https://www.metro.ed.jp/shinjuku-h/school_life/activities.html,club_ul+club_link
402060,新宿,卓球部,運動部,https://www.metro.ed.jp/shinjuku-h/school_life/activities.html,club_ul+club_link
402060,新宿,硬式野球部,運動部,https://www.metro.ed.jp/shinjuku-h/school_life/activities.html,club_ul+club_link
402060,新宿,男子バレーボール部,運動部,https://www.metro.ed.jp/shinjuku-h/school_life/activities.html,club_ul+club_link
402060,新宿,女子バレーボール部,運動部,https://www.metro.ed.jp/shinjuku-h/school_life/activities.html,club_ul+club_link
402060,新宿,サッカー部,運動部,https://www.metro.ed.jp/shinjuku-h/school_life/activities.html,club_ul+club_link
402060,新宿,バドミントン部,運動部,https://www.metro.ed.jp/shinjuku-h/school_life/activities.html,club_ul+club_link
402060,新宿,水泳部,運動部,https://www.metro.ed.jp/shinjuku-h/school_life/activities.html,club_ul+club_link
402060,新宿,軟式野球部,運動部,https://www.metro.ed.jp/shinjuku-h/school_life/activities.html,club_ul+club_link
402060,新宿,男子バスケットボール部,運動部,https://www.metro.ed.jp/shinjuku-h/school_life/activities.html,club_ul+club_link
402060,新宿,女子バスケットボール部,運動部,https://www.metro.ed.jp/shinjuku-h/school_life/activities.html,club_ul+club_link
402060,新宿,山岳部,運動部,https://www.metro.ed.jp/shinjuku-h/school_life/activities.html,club_ul+club_link
402060,新宿,剣道部,運動部,https://www.metro.ed.jp/shinjuku-h/school_life/activities.html,club_ul+club_link
402060,新宿,弓道部,運動部,https://www.metro.ed.jp/shinjuku-h/school_life/activities.html,club_ul+club_link
402060,新宿,ソフトボール部,運動部,https://www.metro.ed.jp/shinjuku-h/school_life/activities.html,club_ul+club_link
402060,新宿,チアリーディング部,運動部,https://www.metro.ed.jp/shinjuku-h/school_life/activities.html,club_ul+club_link
402060,新宿,ダンス部,運動部,https://www.metro.ed.jp/shinjuku-h/school_life/activities.html,club_ul+club_link
402060,新宿,ハンドボール同好会,運動部,https://www.metro.ed.jp/shinjuku-h/school_life/activities.html,club_ul+club_link
402060,新宿,放送研究部,文化部,https://www.metro.ed.jp/shinjuku-h/school_life/activities.html,club_ul+club_link
402060,新宿,演劇研究部,文化部,https://www.metro.ed.jp/shinjuku-h/school_life/activities.html,club_ul+club_link
402060,新宿,生物部,文化部,https://www.metro.ed.jp/shinjuku-h/school_life/activities.html,club_ul+club_link
402060,新宿,音楽部,文化部,https://www.metro.ed.jp/shinjuku-h/school_life/activities.html,club_ul+club_link
402060,新宿,美術部,文化部,https://www.metro.ed.jp/shinjuku-h/school_life/activities.html,club_ul+club_link
402060,新宿,茶道部,文化部,https://www.metro.ed.jp/shinjuku-h/school_life/activities.html,club_ul+club_link
402060,新宿,華道部,文化部,https://www.metro.ed.jp/shinjuku-h/school_life/activities.html,club_ul+club_link
402060,新宿,写真部,文化部,https://www.metro.ed.jp/shinjuku-h/school_life/activities.html,club_ul+club_link
402060,新宿,映画研究部,文化部,https://www.metro.ed.jp/shinjuku-h/school_life/activities.html,club_ul+club_link
402060,新宿,料理研究部,文化部,https://www.metro.ed.jp/shinjuku-h/school_life/activities.html,club_ul+club_link
402060,新宿,軽音楽部,文化部,https://www.metro.ed.jp/shinjuku-h/school_life/activities.html,club_ul+club_link
402060,新宿,管弦楽部,文化部,https://www.metro.ed.jp/shinjuku-h/school_life/activities.html,club_ul+club_link
402060,新宿,漫画研究部,文化部,https://www.metro.ed.jp/shinjuku-h/school_life/activities.html,club_ul+club_link
402060,新宿,化学部,文化部,https://www.metro.ed.jp/shinjuku-h/school_life/activities.html,club_ul+club_link
402060,新宿,ESS部,文化部,https://www.metro.ed.jp/shinjuku-h/school_life/activities.html,club_ul+club_link
402060,新宿,囲碁将棋部,文化部,https://www.metro.ed.jp/shinjuku-h/school_life/activities.html,club_ul+club_link
402070,青山,生物部,部活動,https://www.metro.ed.jp/aoyama-h/school_life/activities.html,club_link
402070,青山,美術部,部活動,https://www.metro.ed.jp/aoyama-h/school_life/activities.html,club_link
402070,青山,軽音楽部,部活動,https://www.metro.ed.jp/aoyama-h/school_life/activities.html,club_link
402070,青山,クッキング部,部活動,https://www.metro.ed.jp/aoyama-h/school_life/activities.html,club_link
402070,青山,漫画研究部,部活動,https://www.metro.ed.jp/aoyama-h/school_life/activities.html,club_link
402070,青山,百人一首部,部活動,https://www.metro.ed.jp/aoyama-h/school_life/activities.html,club_link
402070,青山,英語部,部活動,https://www.metro.ed.jp/aoyama-h/school_life/activities.html,club_link
402070,青山,硬式野球部,部活動,https://www.metro.ed.jp/aoyama-h/school_life/activities.html,club_link
402070,青山,男子バレーボール部,部活動,https://www.metro.ed.jp/aoyama-h/school_life/activities.html,club_link
402070,青山,女子バレーボール部,部活動,https://www.metro.ed.jp/aoyama-h/school_life/activities.html,club_link
402070,青山,男子バスケットボール部,部活動,https://www.metro.ed.jp/aoyama-h/school_life/activities.html,club_link
402070,青山,女子バスケットボール部,部活動,https://www.metro.ed.jp/aoyama-h/school_life/activities.html,club_link
402070,青山,バドミントン部,部活動,https://www.metro.ed.jp/aoyama-h/school_life/activities.html,club_link
402070,青山,剣道部,部活動,https://www.metro.ed.jp/aoyama-h/school_life/activities.html,club_link
402070,青山,陸上競技部,部活動,https://www.metro.ed.jp/aoyama-h/school_life/activities.html,club_link
402070,青山,水泳部,部活動,https://www.metro.ed.jp/aoyama-h/school_life/activities.html,club_link
402070,青山,サッカー部,部活動,https://www.metro.ed.jp/aoyama-h/school_life/activities.html,club_link
402070,青山,ラグビー部,部活動,https://www.metro.ed.jp/aoyama-h/school_life/activities.html,club_link
402070,青山,硬式テニス部,部活動,https://www.metro.ed.jp/aoyama-h/school_life/activities.html,club_link
402070,青山,ソフトテニス部,部活動,https://www.metro.ed.jp/aoyama-h/school_life/activities.html,club_link
402070,青山,アルペン部,部活動,https://www.metro.ed.jp/aoyama-h/school_life/activities.html,club_link
402070,青山,演劇部,部活動,https://www.metro.ed.jp/aoyama-h/school_life/activities.html,club_link
402080,広尾,ハンドボール,運動部,https://www.pweb.jp/hiroo/cgibukatsudou/index.html,generic
402080,広尾,卓 球,運動部,https://www.pweb.jp/hiroo/cgibukatsudou/index.html,generic
402080,広尾,硬式テニス,運動部,https://www.pweb.jp/hiroo/cgibukatsudou/index.html,generic
402080,広尾,バレーボール,運動部,https://www.pweb.jp/hiroo/cgibukatsudou/index.html,generic
402080,広尾,バスケットボール(男),運動部,https://www.pweb.jp/hiroo/cgibukatsudou/index.html,generic
402080,広尾,バスケットボール(女),運動部,https://www.pweb.jp/hiroo/cgibukatsudou/index.html,generic
402080,広尾,野 球,運動部,https://www.pweb.jp/hiroo/cgibukatsudou/index.html,generic
402080,広尾,陸 上,運動部,https://www.pweb.jp/hiroo/cgibukatsudou/index.html,generic
402080,広尾,サッカー,運動部,https://www.pweb.jp/hiroo/cgibukatsudou/index.html,generic
402080,広尾,バドミントン,運動部,https://www.pweb.jp/hiroo/cgibukatsudou/index.html,generic
402080,広尾,水 泳,運動部,https://www.pweb.jp/hiroo/cgibukatsudou/index.html,generic
402080,広尾,ダンス,運動部,https://www.pweb.jp/hiroo/cgibukatsudou/index.html,generic
402080,広尾,美 術,文化部,https://www.pweb.jp/hiroo/cgibukatsudou/index.html,generic
402080,広尾,マルチメディア,文化部,https://www.pweb.jp/hiroo/cgibukatsudou/index.html,generic
402080,広尾,放 送,文化部,https://www.pweb.jp/hiroo/cgibukatsudou/index.html,generic
402080,広尾,吹奏楽,文化部,https://www.pweb.jp/hiroo/cgibukatsudou/index.html,generic
402080,広尾,書 道,文化部,https://www.pweb.jp/hiroo/cgibukatsudou/index.html,generic
402080,広尾,軽音楽,文化部,https://www.pweb.jp/hiroo/cgibukatsudou/index.html,generic
402080,広尾,科学研究,文化部,https://www.pweb.jp/hiroo/cgibukatsudou/index.html,generic
402080,広尾,文 芸,文化部,https://www.pweb.jp/hiroo/cgibukatsudou/index.html,generic
402080,広尾,ＥＳＳ,文化部,https://www.pweb.jp/hiroo/cgibukatsudou/index.html,generic
402080,広尾,かるた,文化部,https://www.pweb.jp/hiroo/cgibukatsudou/index.html,generic
402080,広尾,合 唱,文化部,https://www.pweb.jp/hiroo/cgibukatsudou/index.html,generic
402080,広尾,家庭科,同好会,https://www.pweb.jp/hiroo/cgibukatsudou/index.html,generic
402080,広尾,鉄 道,同好会,https://www.pweb.jp/hiroo/cgibukatsudou/index.html,generic
402080,広尾,写 真,同好会,https://www.pweb.jp/hiroo/cgibukatsudou/index.html,generic
402080,広尾,映画研究,同好会,https://www.pweb.jp/hiroo/cgibukatsudou/index.html,generic
402210,松原,剣道部,運動部,https://www.metro.ed.jp/matsubara-h/school_life/activities.html,club_ul+club_link
402210,松原,女子硬式テニス部,運動部,https://www.metro.ed.jp/matsubara-h/school_life/activities.html,club_ul+club_link
402210,松原,男子硬式テニス部,運動部,https://www.metro.ed.jp/matsubara-h/school_life/activities.html,club_ul+club_link
402210,松原,女子サッカー部,運動部,https://www.metro.ed.jp/matsubara-h/school_life/activities.html,club_ul+club_link
402210,松原,男子サッカー部,運動部,https://www.metro.ed.jp/matsubara-h/school_life/activities.html,club_ul+club_link
402210,松原,女子バスケットボール部,運動部,https://www.metro.ed.jp/matsubara-h/school_life/activities.html,club_ul+club_link
402210,松原,男子バスケットボール部,運動部,https://www.metro.ed.jp/matsubara-h/school_life/activities.html,club_ul+club_link
402210,松原,バドミントン部,運動部,https://www.metro.ed.jp/matsubara-h/school_life/activities.html,club_ul+club_link
402210,松原,卓球部,運動部,https://www.metro.ed.jp/matsubara-h/school_life/activities.html,club_ul+club_link
402210,松原,陸上競技部,運動部,https://www.metro.ed.jp/matsubara-h/school_life/activities.html,club_ul+club_link
402210,松原,女子バレーボール部,運動部,https://www.metro.ed.jp/matsubara-h/school_life/activities.html,club_ul+club_link
402210,松原,男子バレーボール部,運動部,https://www.metro.ed.jp/matsubara-h/school_life/activities.html,club_ul+club_link
402210,松原,硬式野球部,運動部,https://www.metro.ed.jp/matsubara-h/school_life/activities.html,club_ul+club_link
402210,松原,ダンス部,運動部,https://www.metro.ed.jp/matsubara-h/school_life/activities.html,club_ul+club_link
402210,松原,水泳部,運動部,https://www.metro.ed.jp/matsubara-h/school_life/activities.html,club_ul+club_link
402210,松原,クッキング部,文化部,https://www.metro.ed.jp/matsubara-h/school_life/activities.html,club_ul+club_link
402210,松原,吹奏楽部,文化部,https://www.metro.ed.jp/matsubara-h/school_life/activities.html,club_ul+club_link
402210,松原,軽音楽部,文化部,https://www.metro.ed.jp/matsubara-h/school_life/activities.html,club_ul+club_link
402210,松原,イラスト文芸部,文化部,https://www.metro.ed.jp/matsubara-h/school_life/activities.html,club_ul+club_link
402210,松原,合唱部,文化部,https://www.metro.ed.jp/matsubara-h/school_life/activities.html,club_ul+club_link
402210,松原,演劇部,文化部,https://www.metro.ed.jp/matsubara-h/school_life/activities.html,club_ul+club_link
402210,松原,美術部,文化部,https://www.metro.ed.jp/matsubara-h/school_life/activities.html,club_ul+club_link
402210,松原,科学部,文化部,https://www.metro.ed.jp/matsubara-h/school_life/activities.html,club_ul+club_link
402220,桜町,剣道部,運動部,https://www.metro.ed.jp/sakuramachi-h/school_life/activities.html,club_ul+club_link
402220,桜町,硬式テニス部,運動部,https://www.metro.ed.jp/sakuramachi-h/school_life/activities.html,club_ul+club_link
402220,桜町,サッカー部,運動部,https://www.metro.ed.jp/sakuramachi-h/school_life/activities.html,club_ul+club_link
402220,桜町,水泳部,運動部,https://www.metro.ed.jp/sakuramachi-h/school_life/activities.html,club_ul+club_link
402220,桜町,ソフトテニス部,運動部,https://www.metro.ed.jp/sakuramachi-h/school_life/activities.html,club_ul+club_link
402220,桜町,卓球部,運動部,https://www.metro.ed.jp/sakuramachi-h/school_life/activities.html,club_ul+club_link
402220,桜町,ダンス部,運動部,https://www.metro.ed.jp/sakuramachi-h/school_life/activities.html,club_ul+club_link
402220,桜町,女子バスケットボール部,運動部,https://www.metro.ed.jp/sakuramachi-h/school_life/activities.html,club_ul+club_link
402220,桜町,男子バスケットボール部,運動部,https://www.metro.ed.jp/sakuramachi-h/school_life/activities.html,club_ul+club_link
402220,桜町,バドミントン部,運動部,https://www.metro.ed.jp/sakuramachi-h/school_life/activities.html,club_ul+club_link
402220,桜町,女子バレーボール部,運動部,https://www.metro.ed.jp/sakuramachi-h/school_life/activities.html,club_ul+club_link
402220,桜町,ハンドボール部,運動部,https://www.metro.ed.jp/sakuramachi-h/school_life/activities.html,club_ul+club_link
402220,桜町,硬式野球部,運動部,https://www.metro.ed.jp/sakuramachi-h/school_life/activities.html,club_ul+club_link
402220,桜町,陸上部,運動部,https://www.metro.ed.jp/sakuramachi-h/school_life/activities.html,club_ul+club_link
402220,桜町,男子バレーボール部,運動部,https://www.metro.ed.jp/sakuramachi-h/school_life/activities.html,club_ul+club_link
402220,桜町,演劇部,文化部,https://www.metro.ed.jp/sakuramachi-h/school_life/activities.html,club_ul+club_link
402220,桜町,軽音楽部,文化部,https://www.metro.ed.jp/sakuramachi-h/school_life/activities.html,club_ul+club_link
402220,桜町,茶道部,文化部,https://www.metro.ed.jp/sakuramachi-h/school_life/activities.html,club_ul+club_link
402220,桜町,吹奏楽同好会,文化部,https://www.metro.ed.jp/sakuramachi-h/school_life/activities.html,club_ul+club_link
402220,桜町,天文部,文化部,https://www.metro.ed.jp/sakuramachi-h/school_life/activities.html,club_ul+club_link
402220,桜町,美術部,文化部,https://www.metro.ed.jp/sakuramachi-h/school_life/activities.html,club_ul+club_link
402220,桜町,漫画愛好部,文化部,https://www.metro.ed.jp/sakuramachi-h/school_life/activities.html,club_ul+club_link
402220,桜町,陸上競技部,部活動,https://www.metro.ed.jp/sakuramachi-h/school_life/activities.html,club_ul+club_link
402250,千歳丘,サッカー部,運動部,https://www.metro.ed.jp/chitosegaoka-h/school_life/activities.html,club_ul+club_link
402250,千歳丘,男子バレーボール部,運動部,https://www.metro.ed.jp/chitosegaoka-h/school_life/activities.html,club_ul+club_link
402250,千歳丘,女子バレーボール部,運動部,https://www.metro.ed.jp/chitosegaoka-h/school_life/activities.html,club_ul+club_link
402250,千歳丘,男子バスケットボール部,運動部,https://www.metro.ed.jp/chitosegaoka-h/school_life/activities.html,club_ul+club_link
402250,千歳丘,女子バスケットボール部,運動部,https://www.metro.ed.jp/chitosegaoka-h/school_life/activities.html,club_ul+club_link
402250,千歳丘,男子硬式テニス部,運動部,https://www.metro.ed.jp/chitosegaoka-h/school_life/activities.html,club_ul+club_link
402250,千歳丘,女子硬式テニス部,運動部,https://www.metro.ed.jp/chitosegaoka-h/school_life/activities.html,club_ul+club_link
402250,千歳丘,陸上競技部,運動部,https://www.metro.ed.jp/chitosegaoka-h/school_life/activities.html,club_ul+club_link
402250,千歳丘,バドミントン部,運動部,https://www.metro.ed.jp/chitosegaoka-h/school_life/activities.html,club_ul+club_link
402250,千歳丘,卓球部,運動部,https://www.metro.ed.jp/chitosegaoka-h/school_life/activities.html,club_ul+club_link
402250,千歳丘,剣道部,運動部,https://www.metro.ed.jp/chitosegaoka-h/school_life/activities.html,club_ul+club_link
402250,千歳丘,水泳部,運動部,https://www.metro.ed.jp/chitosegaoka-h/school_life/activities.html,club_ul+club_link
402250,千歳丘,ダンス部,運動部,https://www.metro.ed.jp/chitosegaoka-h/school_life/activities.html,club_ul+club_link
402250,千歳丘,演劇部,文化部,https://www.metro.ed.jp/chitosegaoka-h/school_life/activities.html,club_ul+club_link
402250,千歳丘,美術部,文化部,https://www.metro.ed.jp/chitosegaoka-h/school_life/activities.html,club_ul+club_link
402250,千歳丘,軽音楽部,文化部,https://www.metro.ed.jp/chitosegaoka-h/school_life/activities.html,club_ul+club_link
402250,千歳丘,茶道部,文化部,https://www.metro.ed.jp/chitosegaoka-h/school_life/activities.html,club_ul+club_link
402250,千歳丘,天文部,文化部,https://www.metro.ed.jp/chitosegaoka-h/school_life/activities.html,club_ul+club_link
402250,千歳丘,パソコン部,文化部,https://www.metro.ed.jp/chitosegaoka-h/school_life/activities.html,club_ul+club_link
402250,千歳丘,創作部,文化部,https://www.metro.ed.jp/chitosegaoka-h/school_life/activities.html,club_ul+club_link
402250,千歳丘,合唱部,文化部,https://www.metro.ed.jp/chitosegaoka-h/school_life/activities.html,club_ul+club_link
402250,千歳丘,テーブルゲーム同好会,文化部,https://www.metro.ed.jp/chitosegaoka-h/school_life/activities.html,club_ul+club_link
402250,千歳丘,硬式野球部,部活動,https://www.metro.ed.jp/chitosegaoka-h/school_life/activities.html,club_ul+club_link
402250,千歳丘,吹奏楽部,部活動,https://www.metro.ed.jp/chitosegaoka-h/school_life/activities.html,club_ul+club_link
402270,深沢,サッカー部,部活動,https://www.metro.ed.jp/fukasawa-h/school_life/activities.html,club_link
402270,深沢,男子バスケットボール部,部活動,https://www.metro.ed.jp/fukasawa-h/school_life/activities.html,club_link
402270,深沢,女子バスケットボール部,部活動,https://www.metro.ed.jp/fukasawa-h/school_life/activities.html,club_link
402270,深沢,男子バレーボール部,部活動,https://www.metro.ed.jp/fukasawa-h/school_life/activities.html,club_link
402270,深沢,女子バレーボール部,部活動,https://www.metro.ed.jp/fukasawa-h/school_life/activities.html,club_link
402270,深沢,野球部,部活動,https://www.metro.ed.jp/fukasawa-h/school_life/activities.html,club_link
402270,深沢,水泳部,部活動,https://www.metro.ed.jp/fukasawa-h/school_life/activities.html,club_link
402270,深沢,バドミントン部,部活動,https://www.metro.ed.jp/fukasawa-h/school_life/activities.html,club_link
402270,深沢,硬式テニス部,部活動,https://www.metro.ed.jp/fukasawa-h/school_life/activities.html,club_link
402270,深沢,卓球部,部活動,https://www.metro.ed.jp/fukasawa-h/school_life/activities.html,club_link
402270,深沢,家庭科部,部活動,https://www.metro.ed.jp/fukasawa-h/school_life/activities.html,club_link
402270,深沢,美術部,部活動,https://www.metro.ed.jp/fukasawa-h/school_life/activities.html,club_link
402270,深沢,演劇部,部活動,https://www.metro.ed.jp/fukasawa-h/school_life/activities.html,club_link
402270,深沢,茶道部,部活動,https://www.metro.ed.jp/fukasawa-h/school_life/activities.html,club_link
402270,深沢,吹奏楽部,部活動,https://www.metro.ed.jp/fukasawa-h/school_life/activities.html,club_link
402270,深沢,和太鼓部,部活動,https://www.metro.ed.jp/fukasawa-h/school_life/activities.html,club_link
402270,深沢,軽音楽部,部活動,https://www.metro.ed.jp/fukasawa-h/school_life/activities.html,club_link
402270,深沢,ダンス部,部活動,https://www.metro.ed.jp/fukasawa-h/school_life/activities.html,club_link
402270,深沢,生物部,部活動,https://www.metro.ed.jp/fukasawa-h/school_life/activities.html,club_link
402420,世田谷総合,軟式野球部,運動部,https://www.metro.ed.jp/setagayasogo-h/school_life/activities.html,club_ul+club_link
402420,世田谷総合,陸上競技部,運動部,https://www.metro.ed.jp/setagayasogo-h/school_life/activities.html,club_ul+club_link
402420,世田谷総合,男子サッカー部,運動部,https://www.metro.ed.jp/setagayasogo-h/school_life/activities.html,club_ul+club_link
402420,世田谷総合,女子サッカー部,運動部,https://www.metro.ed.jp/setagayasogo-h/school_life/activities.html,club_ul+club_link
402420,世田谷総合,男子バスケットボール部,運動部,https://www.metro.ed.jp/setagayasogo-h/school_life/activities.html,club_ul+club_link
402420,世田谷総合,女子バスケットボール部,運動部,https://www.metro.ed.jp/setagayasogo-h/school_life/activities.html,club_ul+club_link
402420,世田谷総合,男子バレーボール部,運動部,https://www.metro.ed.jp/setagayasogo-h/school_life/activities.html,club_ul+club_link
402420,世田谷総合,女子バレーボール部,運動部,https://www.metro.ed.jp/setagayasogo-h/school_life/activities.html,club_ul+club_link
402420,世田谷総合,バドミントン部,運動部,https://www.metro.ed.jp/setagayasogo-h/school_life/activities.html,club_ul+club_link
402420,世田谷総合,ソフトボール部,運動部,https://www.metro.ed.jp/setagayasogo-h/school_life/activities.html,club_ul+club_link
402420,世田谷総合,男子硬式テニス部,運動部,https://www.metro.ed.jp/setagayasogo-h/school_life/activities.html,club_ul+club_link
402420,世田谷総合,女子硬式テニス部,運動部,https://www.metro.ed.jp/setagayasogo-h/school_life/activities.html,club_ul+club_link
402420,世田谷総合,剣道部,運動部,https://www.metro.ed.jp/setagayasogo-h/school_life/activities.html,club_ul+club_link
402420,世田谷総合,弓道部,運動部,https://www.metro.ed.jp/setagayasogo-h/school_life/activities.html,club_ul+club_link
402420,世田谷総合,ダンス部,運動部,https://www.metro.ed.jp/setagayasogo-h/school_life/activities.html,club_ul+club_link
402420,世田谷総合,水泳部,運動部,https://www.metro.ed.jp/setagayasogo-h/school_life/activities.html,club_ul+club_link
402420,世田谷総合,演劇部,文化部,https://www.metro.ed.jp/setagayasogo-h/school_life/activities.html,club_ul+club_link
402420,世田谷総合,吹奏楽部,文化部,https://www.metro.ed.jp/setagayasogo-h/school_life/activities.html,club_ul+club_link
402420,世田谷総合,軽音楽部,文化部,https://www.metro.ed.jp/setagayasogo-h/school_life/activities.html,club_ul+club_link
402420,世田谷総合,クッキング部,文化部,https://www.metro.ed.jp/setagayasogo-h/school_life/activities.html,club_ul+club_link
402420,世田谷総合,写真部,文化部,https://www.metro.ed.jp/setagayasogo-h/school_life/activities.html,club_ul+club_link
402420,世田谷総合,漫画研究部,文化部,https://www.metro.ed.jp/setagayasogo-h/school_life/activities.html,club_ul+club_link
402420,世田谷総合,伝統文化部,文化部,https://www.metro.ed.jp/setagayasogo-h/school_life/activities.html,club_ul+club_link
402420,世田谷総合,科学部,文化部,https://www.metro.ed.jp/setagayasogo-h/school_life/activities.html,club_ul+club_link
402420,世田谷総合,美術部,文化部,https://www.metro.ed.jp/setagayasogo-h/school_life/activities.html,club_ul+club_link
402420,世田谷総合,放送部,文化部,https://www.metro.ed.jp/setagayasogo-h/school_life/activities.html,club_ul+club_link
402420,世田谷総合,文芸部,文化部,https://www.metro.ed.jp/setagayasogo-h/school_life/activities.html,club_ul+club_link
402420,世田谷総合,コーラス部,文化部,https://www.metro.ed.jp/setagayasogo-h/school_life/activities.html,club_ul+club_link
402420,世田谷総合,百人一首同好会,文化部,https://www.metro.ed.jp/setagayasogo-h/school_life/activities.html,club_ul+club_link
402420,世田谷総合,クリエイト同好会,文化部,https://www.metro.ed.jp/setagayasogo-h/school_life/activities.html,club_ul+club_link
402420,世田谷総合,トレーニング同好会,文化部,https://www.metro.ed.jp/setagayasogo-h/school_life/activities.html,club_ul+club_link
402420,世田谷総合,茶華道部,部活動,https://www.metro.ed.jp/setagayasogo-h/school_life/activities.html,club_ul+club_link
402530,芦花,陸上競技部,部活動,https://www.metro.ed.jp/roka-h/school_life/activities.html,club_link
402530,芦花,男子サッカー部,部活動,https://www.metro.ed.jp/roka-h/school_life/activities.html,club_link
402530,芦花,女子サッカー部,部活動,https://www.metro.ed.jp/roka-h/school_life/activities.html,club_link
402530,芦花,硬式野球部,部活動,https://www.metro.ed.jp/roka-h/school_life/activities.html,club_link
402530,芦花,硬式テニス部,部活動,https://www.metro.ed.jp/roka-h/school_life/activities.html,club_link
402530,芦花,男子バスケ部,部活動,https://www.metro.ed.jp/roka-h/school_life/activities.html,club_link
402530,芦花,女子バスケ部,部活動,https://www.metro.ed.jp/roka-h/school_life/activities.html,club_link
402530,芦花,女子バレーボール部,部活動,https://www.metro.ed.jp/roka-h/school_life/activities.html,club_link
402530,芦花,バドミントン部,部活動,https://www.metro.ed.jp/roka-h/school_life/activities.html,club_link
402530,芦花,ダンス部,部活動,https://www.metro.ed.jp/roka-h/school_life/activities.html,club_link
402530,芦花,卓球部,部活動,https://www.metro.ed.jp/roka-h/school_life/activities.html,club_link
402530,芦花,弓道部,部活動,https://www.metro.ed.jp/roka-h/school_life/activities.html,club_link
402530,芦花,水泳部,部活動,https://www.metro.ed.jp/roka-h/school_life/activities.html,club_link
402530,芦花,吹奏楽部,部活動,https://www.metro.ed.jp/roka-h/school_life/activities.html,club_link
402530,芦花,軽音楽部,部活動,https://www.metro.ed.jp/roka-h/school_life/activities.html,club_link
402530,芦花,描く部,部活動,https://www.metro.ed.jp/roka-h/school_life/activities.html,club_link
402530,芦花,文芸同好会,部活動,https://www.metro.ed.jp/roka-h/school_life/activities.html,club_link
402530,芦花,天文部,部活動,https://www.metro.ed.jp/roka-h/school_life/activities.html,club_link
402530,芦花,家庭科部,部活動,https://www.metro.ed.jp/roka-h/school_life/activities.html,club_link
402530,芦花,フォークソング部,部活動,https://www.metro.ed.jp/roka-h/school_life/activities.html,club_link
402530,芦花,美術部,部活動,https://www.metro.ed.jp/roka-h/school_life/activities.html,club_link
402530,芦花,写真部,部活動,https://www.metro.ed.jp/roka-h/school_life/activities.html,club_link
402530,芦花,ESS部,部活動,https://www.metro.ed.jp/roka-h/school_life/activities.html,club_link
402530,芦花,園芸部,部活動,https://www.metro.ed.jp/roka-h/school_life/activities.html,club_link
402530,芦花,合唱部,部活動,https://www.metro.ed.jp/roka-h/school_life/activities.html,club_link
402530,芦花,演劇同好会,部活動,https://www.metro.ed.jp/roka-h/school_life/activities.html,club_link
402620,第一商業,ソフトボール部,運動部,https://www.metro.ed.jp/daiichishogyo-h/school_life/activities.html,club_ul+club_link
402620,第一商業,女子バレーボール部,運動部,https://www.metro.ed.jp/daiichishogyo-h/school_life/activities.html,club_ul+club_link
402620,第一商業,男子バスケットボール部,運動部,https://www.metro.ed.jp/daiichishogyo-h/school_life/activities.html,club_ul+club_link
402620,第一商業,女子バスケットボール部,運動部,https://www.metro.ed.jp/daiichishogyo-h/school_life/activities.html,club_ul+club_link
402620,第一商業,軟式野球部,運動部,https://www.metro.ed.jp/daiichishogyo-h/school_life/activities.html,club_ul+club_link
402620,第一商業,水泳部,運動部,https://www.metro.ed.jp/daiichishogyo-h/school_life/activities.html,club_ul+club_link
402620,第一商業,卓球部,運動部,https://www.metro.ed.jp/daiichishogyo-h/school_life/activities.html,club_ul+club_link
402620,第一商業,バドミントン部,運動部,https://www.metro.ed.jp/daiichishogyo-h/school_life/activities.html,club_ul+club_link
402620,第一商業,ソフトテニス部,運動部,https://www.metro.ed.jp/daiichishogyo-h/school_life/activities.html,club_ul+club_link
402620,第一商業,硬式テニス部,運動部,https://www.metro.ed.jp/daiichishogyo-h/school_life/activities.html,club_ul+club_link
402620,第一商業,ダンス部,運動部,https://www.metro.ed.jp/daiichishogyo-h/school_life/activities.html,club_ul+club_link
402620,第一商業,サッカー部,運動部,https://www.metro.ed.jp/daiichishogyo-h/school_life/activities.html,club_ul+club_link
402620,第一商業,バトン部,運動部,https://www.metro.ed.jp/daiichishogyo-h/school_life/activities.html,club_ul+club_link
402620,第一商業,ブレイクダンス部,運動部,https://www.metro.ed.jp/daiichishogyo-h/school_life/activities.html,club_ul+club_link
402620,第一商業,剣道同好会,運動部,https://www.metro.ed.jp/daiichishogyo-h/school_life/activities.html,club_ul+club_link
402620,第一商業,珠算・電卓部,文化部,https://www.metro.ed.jp/daiichishogyo-h/school_life/activities.html,club_ul+club_link
402620,第一商業,軽音楽部,文化部,https://www.metro.ed.jp/daiichishogyo-h/school_life/activities.html,club_ul+club_link
402620,第一商業,吹奏楽部,文化部,https://www.metro.ed.jp/daiichishogyo-h/school_life/activities.html,club_ul+club_link
402620,第一商業,写真部,文化部,https://www.metro.ed.jp/daiichishogyo-h/school_life/activities.html,club_ul+club_link
402620,第一商業,簿記部,文化部,https://www.metro.ed.jp/daiichishogyo-h/school_life/activities.html,club_ul+club_link
402620,第一商業,パソコン部,文化部,https://www.metro.ed.jp/daiichishogyo-h/school_life/activities.html,club_ul+club_link
402620,第一商業,家庭科部,文化部,https://www.metro.ed.jp/daiichishogyo-h/school_life/activities.html,club_ul+club_link
402620,第一商業,華道部,文化部,https://www.metro.ed.jp/daiichishogyo-h/school_life/activities.html,club_ul+club_link
402620,第一商業,茶道部,文化部,https://www.metro.ed.jp/daiichishogyo-h/school_life/activities.html,club_ul+club_link
402620,第一商業,国際交流ボランティア部,文化部,https://www.metro.ed.jp/daiichishogyo-h/school_life/activities.html,club_ul+club_link
402620,第一商業,イラスト創作文芸部,文化部,https://www.metro.ed.jp/daiichishogyo-h/school_life/activities.html,club_ul+club_link
402620,第一商業,商業研究同好会,文化部,https://www.metro.ed.jp/daiichishogyo-h/school_life/activities.html,club_ul+club_link
402620,第一商業,ESS同好会,文化部,https://www.metro.ed.jp/daiichishogyo-h/school_life/activities.html,club_ul+club_link
402620,第一商業,野球部,部活動,https://www.metro.ed.jp/daiichishogyo-h/school_life/activities.html,club_ul+club_link
402620,第一商業,簿記研究部,部活動,https://www.metro.ed.jp/daiichishogyo-h/school_life/activities.html,club_ul+club_link
402750,総合工科,硬式野球部,運動部,https://www.metro.ed.jp/sogokoka-h/school_life/activities.html,club_ul+club_link
402750,総合工科,バスケットボール部,運動部,https://www.metro.ed.jp/sogokoka-h/school_life/activities.html,club_ul+club_link
402750,総合工科,サッカー部,運動部,https://www.metro.ed.jp/sogokoka-h/school_life/activities.html,club_ul+club_link
402750,総合工科,硬式テニス部,運動部,https://www.metro.ed.jp/sogokoka-h/school_life/activities.html,club_ul+club_link
402750,総合工科,バレーボール部,運動部,https://www.metro.ed.jp/sogokoka-h/school_life/activities.html,club_ul+club_link
402750,総合工科,バドミントン部,運動部,https://www.metro.ed.jp/sogokoka-h/school_life/activities.html,club_ul+club_link
402750,総合工科,剣道部,運動部,https://www.metro.ed.jp/sogokoka-h/school_life/activities.html,club_ul+club_link
402750,総合工科,卓球部,運動部,https://www.metro.ed.jp/sogokoka-h/school_life/activities.html,club_ul+club_link
402750,総合工科,柔道部,運動部,https://www.metro.ed.jp/sogokoka-h/school_life/activities.html,club_ul+club_link
402750,総合工科,自転車競技同好会,運動部,https://www.metro.ed.jp/sogokoka-h/school_life/activities.html,club_ul+club_link
402750,総合工科,ラグビー同好会,運動部,https://www.metro.ed.jp/sogokoka-h/school_life/activities.html,club_ul+club_link
402750,総合工科,自動車部,文化部,https://www.metro.ed.jp/sogokoka-h/school_life/activities.html,club_ul+club_link
402750,総合工科,ロボット技術研究部,文化部,https://www.metro.ed.jp/sogokoka-h/school_life/activities.html,club_ul+club_link
402750,総合工科,家庭科部,文化部,https://www.metro.ed.jp/sogokoka-h/school_life/activities.html,club_ul+club_link
402750,総合工科,美術部,文化部,https://www.metro.ed.jp/sogokoka-h/school_life/activities.html,club_ul+club_link
402750,総合工科,ラジコン部,文化部,https://www.metro.ed.jp/sogokoka-h/school_life/activities.html,club_ul+club_link
402750,総合工科,軽音楽部,文化部,https://www.metro.ed.jp/sogokoka-h/school_life/activities.html,club_ul+club_link
402750,総合工科,プログラムクリエーター同好会,文化部,https://www.metro.ed.jp/sogokoka-h/school_life/activities.html,club_ul+club_link
402750,総合工科,交通研究同好会,文化部,https://www.metro.ed.jp/sogokoka-h/school_life/activities.html,club_ul+club_link
402750,総合工科,デジタルグラフィックサークル,文化部,https://www.metro.ed.jp/sogokoka-h/school_life/activities.html,club_ul+club_link
402750,総合工科,造形（プラモデル）サークル,文化部,https://www.metro.ed.jp/sogokoka-h/school_life/activities.html,club_ul+club_link
402750,総合工科,建築サークル,文化部,https://www.metro.ed.jp/sogokoka-h/school_life/activities.html,club_ul+club_link
402750,総合工科,演劇サークル,文化部,https://www.metro.ed.jp/sogokoka-h/school_life/activities.html,club_ul+club_link
402750,総合工科,RC（ラジコンカー）部,部活動,https://www.metro.ed.jp/sogokoka-h/school_life/activities.html,club_ul+club_link
402750,総合工科,写真・デジタルグラフィック同好会,部活動,https://www.metro.ed.jp/sogokoka-h/school_life/activities.html,club_ul+club_link
402750,総合工科,演劇同好会,部活動,https://www.metro.ed.jp/sogokoka-h/school_life/activities.html,club_ul+club_link
402750,総合工科,都市工同好会,部活動,https://www.metro.ed.jp/sogokoka-h/school_life/activities.html,club_ul+club_link
402810,園芸,硬式テニス部,運動部,https://www.metro.ed.jp/engei-h/school_life/activities.html,club_ul+club_link
402810,園芸,ソフトテニス部,運動部,https://www.metro.ed.jp/engei-h/school_life/activities.html,club_ul+club_link
402810,園芸,サッカー部,運動部,https://www.metro.ed.jp/engei-h/school_life/activities.html,club_ul+club_link
402810,園芸,男子バスケット部,運動部,https://www.metro.ed.jp/engei-h/school_life/activities.html,club_ul+club_link
402810,園芸,女子バスケット部,運動部,https://www.metro.ed.jp/engei-h/school_life/activities.html,club_ul+club_link
402810,園芸,バレー部,運動部,https://www.metro.ed.jp/engei-h/school_life/activities.html,club_ul+club_link
402810,園芸,バドミントン部,運動部,https://www.metro.ed.jp/engei-h/school_life/activities.html,club_ul+club_link
402810,園芸,軟式野球部,運動部,https://www.metro.ed.jp/engei-h/school_life/activities.html,club_ul+club_link
402810,園芸,卓球部,運動部,https://www.metro.ed.jp/engei-h/school_life/activities.html,club_ul+club_link
402810,園芸,陸上部,運動部,https://www.metro.ed.jp/engei-h/school_life/activities.html,club_ul+club_link
402810,園芸,合気道部,運動部,https://www.metro.ed.jp/engei-h/school_life/activities.html,club_ul+club_link
402810,園芸,剣道部,運動部,https://www.metro.ed.jp/engei-h/school_life/activities.html,club_ul+club_link
402810,園芸,ダンス同好会,運動部,https://www.metro.ed.jp/engei-h/school_life/activities.html,club_ul+club_link
402810,園芸,水泳同好会,運動部,https://www.metro.ed.jp/engei-h/school_life/activities.html,club_ul+club_link
402810,園芸,野菜部,文化部,https://www.metro.ed.jp/engei-h/school_life/activities.html,club_ul+club_link
402810,園芸,果樹部,文化部,https://www.metro.ed.jp/engei-h/school_life/activities.html,club_ul+club_link
402810,園芸,花卉部,文化部,https://www.metro.ed.jp/engei-h/school_life/activities.html,club_ul+club_link
402810,園芸,盆栽部,文化部,https://www.metro.ed.jp/engei-h/school_life/activities.html,club_ul+club_link
402810,園芸,フレンド・オブ・アニマルズ部,文化部,https://www.metro.ed.jp/engei-h/school_life/activities.html,club_ul+club_link
402810,園芸,造園部,文化部,https://www.metro.ed.jp/engei-h/school_life/activities.html,club_ul+club_link
402810,園芸,食品科学部,文化部,https://www.metro.ed.jp/engei-h/school_life/activities.html,club_ul+club_link
402810,園芸,吹奏楽部,文化部,https://www.metro.ed.jp/engei-h/school_life/activities.html,club_ul+club_link
402810,園芸,マンガイラスト部,文化部,https://www.metro.ed.jp/engei-h/school_life/activities.html,club_ul+club_link
402810,園芸,軽音楽部,文化部,https://www.metro.ed.jp/engei-h/school_life/activities.html,club_ul+club_link
402810,園芸,茶道部,文化部,https://www.metro.ed.jp/engei-h/school_life/activities.html,club_ul+club_link
402810,園芸,写真部,文化部,https://www.metro.ed.jp/engei-h/school_life/activities.html,club_ul+club_link
402810,園芸,演劇部,文化部,https://www.metro.ed.jp/engei-h/school_life/activities.html,club_ul+club_link
402810,園芸,昆虫部,文化部,https://www.metro.ed.jp/engei-h/school_life/activities.html,club_ul+club_link
402810,園芸,植物バイオテクノロジー部,文化部,https://www.metro.ed.jp/engei-h/school_life/activities.html,club_ul+club_link
402810,園芸,DIY同好会,文化部,https://www.metro.ed.jp/engei-h/school_life/activities.html,club_ul+club_link
402810,園芸,ハト部,文化部,https://www.metro.ed.jp/engei-h/school_life/activities.html,club_ul+club_link
402810,園芸,バラ園プロジェクト,文化部,https://www.metro.ed.jp/engei-h/school_life/activities.html,club_ul+club_link
402810,園芸,男子バスケットボール部,部活動,https://www.metro.ed.jp/engei-h/school_life/activities.html,club_ul+club_link
402810,園芸,女子バスケットボール部,部活動,https://www.metro.ed.jp/engei-h/school_life/activities.html,club_ul+club_link
402810,園芸,バレーボール部,部活動,https://www.metro.ed.jp/engei-h/school_life/activities.html,club_ul+club_link
402930,国際,男子バスケットボール部,運動部,https://kokusai-h.metro.ed.jp/life/club.html,club_link+generic
402930,国際,女子サッカー,運動部,https://kokusai-h.metro.ed.jp/life/club.html,club_link+generic
402930,国際,女子バスケットボール部,運動部,https://kokusai-h.metro.ed.jp/life/club.html,club_link+generic
402930,国際,女子バレーボール,運動部,https://kokusai-h.metro.ed.jp/life/club.html,club_link+generic
402930,国際,水泳,運動部,https://kokusai-h.metro.ed.jp/life/club.html,club_link+generic
402930,国際,男子サッカー,運動部,https://kokusai-h.metro.ed.jp/life/club.html,club_link+generic
402930,国際,ダンス,運動部,https://kokusai-h.metro.ed.jp/life/club.html,club_link+generic
402930,国際,チアリーディング部,運動部,https://kokusai-h.metro.ed.jp/life/club.html,club_link+generic
402930,国際,テニス部,運動部,https://kokusai-h.metro.ed.jp/life/club.html,club_link+generic
402930,国際,バドミントン,運動部,https://kokusai-h.metro.ed.jp/life/club.html,club_link+generic
402930,国際,野球,運動部,https://kokusai-h.metro.ed.jp/life/club.html,club_link+generic
402930,国際,ウインドアンサンブル部,文化部,https://kokusai-h.metro.ed.jp/life/club.html,club_link+generic
402930,国際,シンポジウム部,文化部,https://kokusai-h.metro.ed.jp/life/club.html,club_link+generic
402930,国際,演劇,文化部,https://kokusai-h.metro.ed.jp/life/club.html,club_link+generic
402930,国際,時期により土日あり,文化部,https://kokusai-h.metro.ed.jp/life/club.html,club_link+generic
402930,国際,クッキング,文化部,https://kokusai-h.metro.ed.jp/life/club.html,club_link+generic
402930,国際,ジャズ,文化部,https://kokusai-h.metro.ed.jp/life/club.html,club_link+generic
402930,国際,茶道,文化部,https://kokusai-h.metro.ed.jp/life/club.html,club_link+generic
402930,国際,表象文化部,文化部,https://kokusai-h.metro.ed.jp/life/club.html,club_link+generic
402930,国際,ジャパニーズスタイル,文化部,https://kokusai-h.metro.ed.jp/life/club.html,club_link+generic
402930,国際,弦楽,文化部,https://kokusai-h.metro.ed.jp/life/club.html,club_link+generic
402930,国際,国際協力ボランティア同好会,文化部,https://kokusai-h.metro.ed.jp/life/club.html,club_link+generic
402940,総合芸術,テニス部,バレーボール同好会,https://www.metro.ed.jp/sogo-geijutsu-h/school_life/activities.html,club_ul+club_link
402940,総合芸術,空手道部,バレーボール同好会,https://www.metro.ed.jp/sogo-geijutsu-h/school_life/activities.html,club_ul+club_link
402940,総合芸術,ダンス部,バレーボール同好会,https://www.metro.ed.jp/sogo-geijutsu-h/school_life/activities.html,club_ul+club_link
402940,総合芸術,コンテンポラリーダンスコース部,バレーボール同好会,https://www.metro.ed.jp/sogo-geijutsu-h/school_life/activities.html,club_ul+club_link
402940,総合芸術,フットサル同好会,バレーボール同好会,https://www.metro.ed.jp/sogo-geijutsu-h/school_life/activities.html,club_ul+club_link
402940,総合芸術,バドミントン同好会,バレーボール同好会,https://www.metro.ed.jp/sogo-geijutsu-h/school_life/activities.html,club_ul+club_link
402940,総合芸術,バレーボール同好会,バレーボール同好会,https://www.metro.ed.jp/sogo-geijutsu-h/school_life/activities.html,club_ul+club_link
402940,総合芸術,陸上同好会,バレーボール同好会,https://www.metro.ed.jp/sogo-geijutsu-h/school_life/activities.html,club_ul+club_link
402940,総合芸術,演劇部,バレーボール同好会,https://www.metro.ed.jp/sogo-geijutsu-h/school_life/activities.html,club_ul+club_link
402940,総合芸術,写真部,バレーボール同好会,https://www.metro.ed.jp/sogo-geijutsu-h/school_life/activities.html,club_ul+club_link
402940,総合芸術,漫画研究部,バレーボール同好会,https://www.metro.ed.jp/sogo-geijutsu-h/school_life/activities.html,club_ul+club_link
402940,総合芸術,ジャズ研究部,バレーボール同好会,https://www.metro.ed.jp/sogo-geijutsu-h/school_life/activities.html,club_ul+club_link
402940,総合芸術,プチコンセール部,バレーボール同好会,https://www.metro.ed.jp/sogo-geijutsu-h/school_life/activities.html,club_ul+club_link
402940,総合芸術,カレー部,バレーボール同好会,https://www.metro.ed.jp/sogo-geijutsu-h/school_life/activities.html,club_ul+club_link
402940,総合芸術,メサイア研究部,バレーボール同好会,https://www.metro.ed.jp/sogo-geijutsu-h/school_life/activities.html,club_ul+club_link
402940,総合芸術,ヴォーカルアンサンブル部,バレーボール同好会,https://www.metro.ed.jp/sogo-geijutsu-h/school_life/activities.html,club_ul+club_link
402940,総合芸術,殺陣部,バレーボール同好会,https://www.metro.ed.jp/sogo-geijutsu-h/school_life/activities.html,club_ul+club_link
402940,総合芸術,茶道部,バレーボール同好会,https://www.metro.ed.jp/sogo-geijutsu-h/school_life/activities.html,club_ul+club_link
402940,総合芸術,陶芸部,バレーボール同好会,https://www.metro.ed.jp/sogo-geijutsu-h/school_life/activities.html,club_ul+club_link
402940,総合芸術,軽音楽部,バレーボール同好会,https://www.metro.ed.jp/sogo-geijutsu-h/school_life/activities.html,club_ul+club_link
402940,総合芸術,映像放送制作部,バレーボール同好会,https://www.metro.ed.jp/sogo-geijutsu-h/school_life/activities.html,club_ul+club_link
402940,総合芸術,伝統文化同好会,バレーボール同好会,https://www.metro.ed.jp/sogo-geijutsu-h/school_life/activities.html,club_ul+club_link
402940,総合芸術,バックステージ同好会,バレーボール同好会,https://www.metro.ed.jp/sogo-geijutsu-h/school_life/activities.html,club_ul+club_link
402940,総合芸術,卓上ゲーム同好会,バレーボール同好会,https://www.metro.ed.jp/sogo-geijutsu-h/school_life/activities.html,club_ul+club_link
402940,総合芸術,Art Night同好会,バレーボール同好会,https://www.metro.ed.jp/sogo-geijutsu-h/school_life/activities.html,club_ul+club_link
402940,総合芸術,書道同好会,バレーボール同好会,https://www.metro.ed.jp/sogo-geijutsu-h/school_life/activities.html,club_ul+club_link
402940,総合芸術,食物研究同好会,バレーボール同好会,https://www.metro.ed.jp/sogo-geijutsu-h/school_life/activities.html,club_ul+club_link
402940,総合芸術,百人一首同好会,バレーボール同好会,https://www.metro.ed.jp/sogo-geijutsu-h/school_life/activities.html,club_ul+club_link
402940,総合芸術,造形部,バレーボール同好会,https://www.metro.ed.jp/sogo-geijutsu-h/school_life/activities.html,club_ul+club_link
402940,総合芸術,コンテンポラリーダンス部,部活動,https://www.metro.ed.jp/sogo-geijutsu-h/school_life/activities.html,club_ul+club_link
402940,総合芸術,園芸部,部活動,https://www.metro.ed.jp/sogo-geijutsu-h/school_life/activities.html,club_ul+club_link
403010,鷺宮,硬式野球部,部活動,https://www.metro.ed.jp/saginomiya-h/school_life/activities.html,club_link
403010,鷺宮,男子バスケットボール部,部活動,https://www.metro.ed.jp/saginomiya-h/school_life/activities.html,club_link
403010,鷺宮,サッカー部,部活動,https://www.metro.ed.jp/saginomiya-h/school_life/activities.html,club_link
403010,鷺宮,女子バスケットボール部,部活動,https://www.metro.ed.jp/saginomiya-h/school_life/activities.html,club_link
403010,鷺宮,男子バレーボール部,部活動,https://www.metro.ed.jp/saginomiya-h/school_life/activities.html,club_link
403010,鷺宮,女子バレーボール部,部活動,https://www.metro.ed.jp/saginomiya-h/school_life/activities.html,club_link
403010,鷺宮,バドミントン部,部活動,https://www.metro.ed.jp/saginomiya-h/school_life/activities.html,club_link
403010,鷺宮,剣道部,部活動,https://www.metro.ed.jp/saginomiya-h/school_life/activities.html,club_link
403010,鷺宮,ソフトテニス部,部活動,https://www.metro.ed.jp/saginomiya-h/school_life/activities.html,club_link
403010,鷺宮,硬式テニス部,部活動,https://www.metro.ed.jp/saginomiya-h/school_life/activities.html,club_link
403010,鷺宮,卓球部,部活動,https://www.metro.ed.jp/saginomiya-h/school_life/activities.html,club_link
403010,鷺宮,ダンス部,部活動,https://www.metro.ed.jp/saginomiya-h/school_life/activities.html,club_link
403010,鷺宮,水泳部,部活動,https://www.metro.ed.jp/saginomiya-h/school_life/activities.html,club_link
403010,鷺宮,演劇部,部活動,https://www.metro.ed.jp/saginomiya-h/school_life/activities.html,club_link
403010,鷺宮,美術部,部活動,https://www.metro.ed.jp/saginomiya-h/school_life/activities.html,club_link
403010,鷺宮,書道部,部活動,https://www.metro.ed.jp/saginomiya-h/school_life/activities.html,club_link
403010,鷺宮,写真部,部活動,https://www.metro.ed.jp/saginomiya-h/school_life/activities.html,club_link
403010,鷺宮,サイエンス部,部活動,https://www.metro.ed.jp/saginomiya-h/school_life/activities.html,club_link
403010,鷺宮,華道部,部活動,https://www.metro.ed.jp/saginomiya-h/school_life/activities.html,club_link
403010,鷺宮,吹奏楽部,部活動,https://www.metro.ed.jp/saginomiya-h/school_life/activities.html,club_link
403010,鷺宮,茶道部,部活動,https://www.metro.ed.jp/saginomiya-h/school_life/activities.html,club_link
403010,鷺宮,軽音楽部,部活動,https://www.metro.ed.jp/saginomiya-h/school_life/activities.html,club_link
403010,鷺宮,漫画研究部,部活動,https://www.metro.ed.jp/saginomiya-h/school_life/activities.html,club_link
403010,鷺宮,和太鼓部,部活動,https://www.metro.ed.jp/saginomiya-h/school_life/activities.html,club_link
403010,鷺宮,英語部,部活動,https://www.metro.ed.jp/saginomiya-h/school_life/activities.html,club_link
403010,鷺宮,ジャグリング部,部活動,https://www.metro.ed.jp/saginomiya-h/school_life/activities.html,club_link
403010,鷺宮,家庭科部,部活動,https://www.metro.ed.jp/saginomiya-h/school_life/activities.html,club_link
403010,鷺宮,社会科同好会,部活動,https://www.metro.ed.jp/saginomiya-h/school_life/activities.html,club_link
403010,鷺宮,文芸同好会,部活動,https://www.metro.ed.jp/saginomiya-h/school_life/activities.html,club_link
403030,武蔵丘,硬式野球部,運動部,https://www.metro.ed.jp/musashigaoka-h/school_life/activities.html,club_ul+club_link
403030,武蔵丘,サッカー部,運動部,https://www.metro.ed.jp/musashigaoka-h/school_life/activities.html,club_ul+club_link
403030,武蔵丘,陸上部,運動部,https://www.metro.ed.jp/musashigaoka-h/school_life/activities.html,club_ul+club_link
403030,武蔵丘,水泳部,運動部,https://www.metro.ed.jp/musashigaoka-h/school_life/activities.html,club_ul+club_link
403030,武蔵丘,ソフトボール部,運動部,https://www.metro.ed.jp/musashigaoka-h/school_life/activities.html,club_ul+club_link
403030,武蔵丘,男子ソフトテニス部,運動部,https://www.metro.ed.jp/musashigaoka-h/school_life/activities.html,club_ul+club_link
403030,武蔵丘,女子ソフトテニス部,運動部,https://www.metro.ed.jp/musashigaoka-h/school_life/activities.html,club_ul+club_link
403030,武蔵丘,男子硬式テニス部,運動部,https://www.metro.ed.jp/musashigaoka-h/school_life/activities.html,club_ul+club_link
403030,武蔵丘,女子硬式テニス部,運動部,https://www.metro.ed.jp/musashigaoka-h/school_life/activities.html,club_ul+club_link
403030,武蔵丘,男子バレーボール部,運動部,https://www.metro.ed.jp/musashigaoka-h/school_life/activities.html,club_ul+club_link
403030,武蔵丘,女子バレーボール部,運動部,https://www.metro.ed.jp/musashigaoka-h/school_life/activities.html,club_ul+club_link
403030,武蔵丘,男子バトミントン部,運動部,https://www.metro.ed.jp/musashigaoka-h/school_life/activities.html,club_ul+club_link
403030,武蔵丘,女子バトミントン部,運動部,https://www.metro.ed.jp/musashigaoka-h/school_life/activities.html,club_ul+club_link
403030,武蔵丘,男子バスケットボール部,運動部,https://www.metro.ed.jp/musashigaoka-h/school_life/activities.html,club_ul+club_link
403030,武蔵丘,女子バスケットボール部,運動部,https://www.metro.ed.jp/musashigaoka-h/school_life/activities.html,club_ul+club_link
403030,武蔵丘,卓球部,運動部,https://www.metro.ed.jp/musashigaoka-h/school_life/activities.html,club_ul+club_link
403030,武蔵丘,剣道部,運動部,https://www.metro.ed.jp/musashigaoka-h/school_life/activities.html,club_ul+club_link
403030,武蔵丘,ダンス部,運動部,https://www.metro.ed.jp/musashigaoka-h/school_life/activities.html,club_ul+club_link
403030,武蔵丘,吹奏楽部,文化部,https://www.metro.ed.jp/musashigaoka-h/school_life/activities.html,club_ul+club_link
403030,武蔵丘,ESS,文化部,https://www.metro.ed.jp/musashigaoka-h/school_life/activities.html,club_ul+club_link
403030,武蔵丘,演劇部,文化部,https://www.metro.ed.jp/musashigaoka-h/school_life/activities.html,club_ul+club_link
403030,武蔵丘,音楽部,文化部,https://www.metro.ed.jp/musashigaoka-h/school_life/activities.html,club_ul+club_link
403030,武蔵丘,華道部,文化部,https://www.metro.ed.jp/musashigaoka-h/school_life/activities.html,club_ul+club_link
403030,武蔵丘,茶道部,文化部,https://www.metro.ed.jp/musashigaoka-h/school_life/activities.html,club_ul+club_link
403030,武蔵丘,クッキング部,文化部,https://www.metro.ed.jp/musashigaoka-h/school_life/activities.html,club_ul+club_link
403030,武蔵丘,軽音楽部,文化部,https://www.metro.ed.jp/musashigaoka-h/school_life/activities.html,club_ul+club_link
403030,武蔵丘,漫画研究部,文化部,https://www.metro.ed.jp/musashigaoka-h/school_life/activities.html,club_ul+club_link
403030,武蔵丘,美術工芸部,文化部,https://www.metro.ed.jp/musashigaoka-h/school_life/activities.html,club_ul+club_link
403030,武蔵丘,天文部,文化部,https://www.metro.ed.jp/musashigaoka-h/school_life/activities.html,club_ul+club_link
403030,武蔵丘,パソコン同好会,文化部,https://www.metro.ed.jp/musashigaoka-h/school_life/activities.html,club_ul+club_link
403030,武蔵丘,文芸同好会,文化部,https://www.metro.ed.jp/musashigaoka-h/school_life/activities.html,club_ul+club_link
403030,武蔵丘,陸上競技部,部活動,https://www.metro.ed.jp/musashigaoka-h/school_life/activities.html,club_ul+club_link
403050,西,アメリカンフットボール部,運動部,https://www.metro.ed.jp/nishi-h/school_life/activities.html,club_ul+club_link
403050,西,剣道部,運動部,https://www.metro.ed.jp/nishi-h/school_life/activities.html,club_ul+club_link
403050,西,ソフトテニス部,運動部,https://www.metro.ed.jp/nishi-h/school_life/activities.html,club_ul+club_link
403050,西,男子硬式テニス部,運動部,https://www.metro.ed.jp/nishi-h/school_life/activities.html,club_ul+club_link
403050,西,女子硬式テニス部,運動部,https://www.metro.ed.jp/nishi-h/school_life/activities.html,club_ul+club_link
403050,西,サッカー部,運動部,https://www.metro.ed.jp/nishi-h/school_life/activities.html,club_ul+club_link
403050,西,水泳部,運動部,https://www.metro.ed.jp/nishi-h/school_life/activities.html,club_ul+club_link
403050,西,体操部,運動部,https://www.metro.ed.jp/nishi-h/school_life/activities.html,club_ul+club_link
403050,西,卓球部,運動部,https://www.metro.ed.jp/nishi-h/school_life/activities.html,club_ul+club_link
403050,西,男子バスケットボール部,運動部,https://www.metro.ed.jp/nishi-h/school_life/activities.html,club_ul+club_link
403050,西,女子バスケットボール部,運動部,https://www.metro.ed.jp/nishi-h/school_life/activities.html,club_ul+club_link
403050,西,バドミントン部,運動部,https://www.metro.ed.jp/nishi-h/school_life/activities.html,club_ul+club_link
403050,西,男子バレーボール部,運動部,https://www.metro.ed.jp/nishi-h/school_life/activities.html,club_ul+club_link
403050,西,女子バレーボール部,運動部,https://www.metro.ed.jp/nishi-h/school_life/activities.html,club_ul+club_link
403050,西,男子ハンドボール部,運動部,https://www.metro.ed.jp/nishi-h/school_life/activities.html,club_ul+club_link
403050,西,女子ハンドボール部,運動部,https://www.metro.ed.jp/nishi-h/school_life/activities.html,club_ul+club_link
403050,西,硬式野球部,運動部,https://www.metro.ed.jp/nishi-h/school_life/activities.html,club_ul+club_link
403050,西,陸上競技部,運動部,https://www.metro.ed.jp/nishi-h/school_life/activities.html,club_ul+club_link
403050,西,ワンダーフォーゲル部,運動部,https://www.metro.ed.jp/nishi-h/school_life/activities.html,club_ul+club_link
403050,西,ダンス部,運動部,https://www.metro.ed.jp/nishi-h/school_life/activities.html,club_ul+club_link
403050,西,囲碁将棋部,文化部,https://www.metro.ed.jp/nishi-h/school_life/activities.html,club_ul+club_link
403050,西,イラスト研究部,文化部,https://www.metro.ed.jp/nishi-h/school_life/activities.html,club_ul+club_link
403050,西,宇宙研究部,文化部,https://www.metro.ed.jp/nishi-h/school_life/activities.html,club_ul+club_link
403050,西,映画研究部,文化部,https://www.metro.ed.jp/nishi-h/school_life/activities.html,club_ul+club_link
403050,西,園芸部,文化部,https://www.metro.ed.jp/nishi-h/school_life/activities.html,club_ul+club_link
403050,西,演劇部,文化部,https://www.metro.ed.jp/nishi-h/school_life/activities.html,club_ul+club_link
403050,西,化学部,文化部,https://www.metro.ed.jp/nishi-h/school_life/activities.html,club_ul+club_link
403050,西,華道部,文化部,https://www.metro.ed.jp/nishi-h/school_life/activities.html,club_ul+club_link
403050,西,管弦楽部,文化部,https://www.metro.ed.jp/nishi-h/school_life/activities.html,club_ul+club_link
403050,西,写真部,文化部,https://www.metro.ed.jp/nishi-h/school_life/activities.html,club_ul+club_link
403050,西,吹奏楽部,文化部,https://www.metro.ed.jp/nishi-h/school_life/activities.html,club_ul+club_link
403050,西,生物部,文化部,https://www.metro.ed.jp/nishi-h/school_life/activities.html,club_ul+club_link
403050,西,美術部,文化部,https://www.metro.ed.jp/nishi-h/school_life/activities.html,club_ul+club_link
403050,西,物理部,文化部,https://www.metro.ed.jp/nishi-h/school_life/activities.html,club_ul+club_link
403050,西,文芸部,文化部,https://www.metro.ed.jp/nishi-h/school_life/activities.html,club_ul+club_link
403050,西,歴史研究部,文化部,https://www.metro.ed.jp/nishi-h/school_life/activities.html,club_ul+club_link
403050,西,茶道部,文化部,https://www.metro.ed.jp/nishi-h/school_life/activities.html,club_ul+club_link
403050,西,ゴスペルフリークス部,文化部,https://www.metro.ed.jp/nishi-h/school_life/activities.html,club_ul+club_link
403050,西,かるた部,文化部,https://www.metro.ed.jp/nishi-h/school_life/activities.html,club_ul+club_link
403050,西,CR東日本,文化部,https://www.metro.ed.jp/nishi-h/school_life/activities.html,club_ul+club_link
403050,西,ディベート部,文化部,https://www.metro.ed.jp/nishi-h/school_life/activities.html,club_ul+club_link
403050,西,新聞部,文化部,https://www.metro.ed.jp/nishi-h/school_life/activities.html,club_ul+club_link
403050,西,放送部,文化部,https://www.metro.ed.jp/nishi-h/school_life/activities.html,club_ul+club_link
403050,西,軽音楽同好会,同好会,https://www.metro.ed.jp/nishi-h/school_life/activities.html,club_ul+club_link
403050,西,シブ楽隊,同好会,https://www.metro.ed.jp/nishi-h/school_life/activities.html,club_ul+club_link
403050,西,つるばみ同好会,同好会,https://www.metro.ed.jp/nishi-h/school_life/activities.html,club_ul+club_link
403050,西,数学研究同好会,同好会,https://www.metro.ed.jp/nishi-h/school_life/activities.html,club_ul+club_link
403050,西,ESS,同好会,https://www.metro.ed.jp/nishi-h/school_life/activities.html,club_ul+club_link
403050,西,ベトリナ,同好会,https://www.metro.ed.jp/nishi-h/school_life/activities.html,club_ul+club_link
403050,西,ケルト音楽研究,同好会,https://www.metro.ed.jp/nishi-h/school_life/activities.html,club_ul+club_link
403050,西,クイズ研究同好会,同好会,https://www.metro.ed.jp/nishi-h/school_life/activities.html,club_ul+club_link
403050,西,ORIGAMI,同好会,https://www.metro.ed.jp/nishi-h/school_life/activities.html,club_ul+club_link
403050,西,ヲタ芸,同好会,https://www.metro.ed.jp/nishi-h/school_life/activities.html,club_ul+club_link
403050,西,英語ディベート,同好会,https://www.metro.ed.jp/nishi-h/school_life/activities.html,club_ul+club_link
403050,西,NISH FLYER,同好会,https://www.metro.ed.jp/nishi-h/school_life/activities.html,club_ul+club_link
403050,西,SDGsの会,同好会,https://www.metro.ed.jp/nishi-h/school_life/activities.html,club_ul+club_link
403050,西,西高生にささやかなスパイスを,同好会,https://www.metro.ed.jp/nishi-h/school_life/activities.html,club_ul+club_link
403050,西,ポケモン,同好会,https://www.metro.ed.jp/nishi-h/school_life/activities.html,club_ul+club_link
403050,西,西論会,同好会,https://www.metro.ed.jp/nishi-h/school_life/activities.html,club_ul+club_link
403050,西,工作,同好会,https://www.metro.ed.jp/nishi-h/school_life/activities.html,club_ul+club_link
403050,西,特別部,文化部,https://www.metro.ed.jp/nishi-h/school_life/activities.html,club_ul+club_link
403060,豊多摩,硬式野球部,部活動,https://www.metro.ed.jp/toyotama-h/school_life/activities.html,club_link
403060,豊多摩,剣道部,部活動,https://www.metro.ed.jp/toyotama-h/school_life/activities.html,club_link
403060,豊多摩,水泳部,部活動,https://www.metro.ed.jp/toyotama-h/school_life/activities.html,club_link
403060,豊多摩,陸上競技部,部活動,https://www.metro.ed.jp/toyotama-h/school_life/activities.html,club_link
403060,豊多摩,サッカー部,部活動,https://www.metro.ed.jp/toyotama-h/school_life/activities.html,club_link
403060,豊多摩,硬式テニス部,部活動,https://www.metro.ed.jp/toyotama-h/school_life/activities.html,club_link
403060,豊多摩,女子ハンドボール部,部活動,https://www.metro.ed.jp/toyotama-h/school_life/activities.html,club_link
403060,豊多摩,男子ハンドボール部,部活動,https://www.metro.ed.jp/toyotama-h/school_life/activities.html,club_link
403060,豊多摩,卓球部,部活動,https://www.metro.ed.jp/toyotama-h/school_life/activities.html,club_link
403060,豊多摩,バドミントン部,部活動,https://www.metro.ed.jp/toyotama-h/school_life/activities.html,club_link
403060,豊多摩,女子バレーボール部,部活動,https://www.metro.ed.jp/toyotama-h/school_life/activities.html,club_link
403060,豊多摩,ソフトテニス部,部活動,https://www.metro.ed.jp/toyotama-h/school_life/activities.html,club_link
403060,豊多摩,女子バスケットボール部,部活動,https://www.metro.ed.jp/toyotama-h/school_life/activities.html,club_link
403060,豊多摩,男子バスケットボール部,部活動,https://www.metro.ed.jp/toyotama-h/school_life/activities.html,club_link
403060,豊多摩,ラグビー部,部活動,https://www.metro.ed.jp/toyotama-h/school_life/activities.html,club_link
403060,豊多摩,体操ダンス部,部活動,https://www.metro.ed.jp/toyotama-h/school_life/activities.html,club_link
403060,豊多摩,漫画研究部,部活動,https://www.metro.ed.jp/toyotama-h/school_life/activities.html,club_link
403060,豊多摩,生物部,部活動,https://www.metro.ed.jp/toyotama-h/school_life/activities.html,club_link
403060,豊多摩,天文部,部活動,https://www.metro.ed.jp/toyotama-h/school_life/activities.html,club_link
403060,豊多摩,吹奏楽部,部活動,https://www.metro.ed.jp/toyotama-h/school_life/activities.html,club_link
403060,豊多摩,軽音楽部,部活動,https://www.metro.ed.jp/toyotama-h/school_life/activities.html,club_link
403060,豊多摩,放送部,部活動,https://www.metro.ed.jp/toyotama-h/school_life/activities.html,club_link
403060,豊多摩,演劇部,部活動,https://www.metro.ed.jp/toyotama-h/school_life/activities.html,club_link
403060,豊多摩,美術部,部活動,https://www.metro.ed.jp/toyotama-h/school_life/activities.html,club_link
403060,豊多摩,合唱部,部活動,https://www.metro.ed.jp/toyotama-h/school_life/activities.html,club_link
403060,豊多摩,映画研究部,部活動,https://www.metro.ed.jp/toyotama-h/school_life/activities.html,club_link
403060,豊多摩,クイズ研究部,部活動,https://www.metro.ed.jp/toyotama-h/school_life/activities.html,club_link
403060,豊多摩,茶道部,部活動,https://www.metro.ed.jp/toyotama-h/school_life/activities.html,club_link
403060,豊多摩,写真部,部活動,https://www.metro.ed.jp/toyotama-h/school_life/activities.html,club_link
403060,豊多摩,文芸部,部活動,https://www.metro.ed.jp/toyotama-h/school_life/activities.html,club_link
403060,豊多摩,ファッションクリエイト部,部活動,https://www.metro.ed.jp/toyotama-h/school_life/activities.html,club_link
403060,豊多摩,パソコン部,部活動,https://www.metro.ed.jp/toyotama-h/school_life/activities.html,club_link
403060,豊多摩,ESS（英会話）部,部活動,https://www.metro.ed.jp/toyotama-h/school_life/activities.html,club_link
403060,豊多摩,歴史研究同好会,部活動,https://www.metro.ed.jp/toyotama-h/school_life/activities.html,club_link
403060,豊多摩,競技かるた部,部活動,https://www.metro.ed.jp/toyotama-h/school_life/activities.html,club_link
403070,杉並,サッカー部,運動部,https://www.metro.ed.jp/suginami-h/school_life/activities.html,club_ul+club_link
403070,杉並,ソフトテニス部,運動部,https://www.metro.ed.jp/suginami-h/school_life/activities.html,club_ul+club_link
403070,杉並,ダンス部,運動部,https://www.metro.ed.jp/suginami-h/school_life/activities.html,club_ul+club_link
403070,杉並,バドミントン部,運動部,https://www.metro.ed.jp/suginami-h/school_life/activities.html,club_ul+club_link
403070,杉並,ハンドボール部,運動部,https://www.metro.ed.jp/suginami-h/school_life/activities.html,club_ul+club_link
403070,杉並,剣道部,運動部,https://www.metro.ed.jp/suginami-h/school_life/activities.html,club_ul+club_link
403070,杉並,硬式野球部,運動部,https://www.metro.ed.jp/suginami-h/school_life/activities.html,club_ul+club_link
403070,杉並,女子バスケットボール部,運動部,https://www.metro.ed.jp/suginami-h/school_life/activities.html,club_ul+club_link
403070,杉並,女子バレー部,運動部,https://www.metro.ed.jp/suginami-h/school_life/activities.html,club_ul+club_link
403070,杉並,女子硬式テニス部,運動部,https://www.metro.ed.jp/suginami-h/school_life/activities.html,club_ul+club_link
403070,杉並,水泳部,運動部,https://www.metro.ed.jp/suginami-h/school_life/activities.html,club_ul+club_link
403070,杉並,卓球部,運動部,https://www.metro.ed.jp/suginami-h/school_life/activities.html,club_ul+club_link
403070,杉並,男子テニス部,運動部,https://www.metro.ed.jp/suginami-h/school_life/activities.html,club_ul+club_link
403070,杉並,男子バスケットボール部,運動部,https://www.metro.ed.jp/suginami-h/school_life/activities.html,club_ul+club_link
403070,杉並,男子バレー部,運動部,https://www.metro.ed.jp/suginami-h/school_life/activities.html,club_ul+club_link
403070,杉並,陸上部,運動部,https://www.metro.ed.jp/suginami-h/school_life/activities.html,club_ul+club_link
403070,杉並,英語部,文化部,https://www.metro.ed.jp/suginami-h/school_life/activities.html,club_ul+club_link
403070,杉並,演劇部,文化部,https://www.metro.ed.jp/suginami-h/school_life/activities.html,club_ul+club_link
403070,杉並,家庭部,文化部,https://www.metro.ed.jp/suginami-h/school_life/activities.html,club_ul+club_link
403070,杉並,華道部,文化部,https://www.metro.ed.jp/suginami-h/school_life/activities.html,club_ul+club_link
403070,杉並,軽音楽部,文化部,https://www.metro.ed.jp/suginami-h/school_life/activities.html,club_ul+club_link
403070,杉並,合唱部,文化部,https://www.metro.ed.jp/suginami-h/school_life/activities.html,club_ul+club_link
403070,杉並,書道部,文化部,https://www.metro.ed.jp/suginami-h/school_life/activities.html,club_ul+club_link
403070,杉並,吹奏楽部,文化部,https://www.metro.ed.jp/suginami-h/school_life/activities.html,club_ul+club_link
403070,杉並,生物部,文化部,https://www.metro.ed.jp/suginami-h/school_life/activities.html,club_ul+club_link
403070,杉並,茶道部,文化部,https://www.metro.ed.jp/suginami-h/school_life/activities.html,club_ul+club_link
403070,杉並,美術部,文化部,https://www.metro.ed.jp/suginami-h/school_life/activities.html,club_ul+club_link
403070,杉並,文芸部,文化部,https://www.metro.ed.jp/suginami-h/school_life/activities.html,club_ul+club_link
403070,杉並,漫画研究部,文化部,https://www.metro.ed.jp/suginami-h/school_life/activities.html,club_ul+club_link
403070,杉並,女子バレーボール部,部活動,https://www.metro.ed.jp/suginami-h/school_life/activities.html,club_ul+club_link
403070,杉並,男子硬式テニス部,部活動,https://www.metro.ed.jp/suginami-h/school_life/activities.html,club_ul+club_link
403070,杉並,男子バレーボール部,部活動,https://www.metro.ed.jp/suginami-h/school_life/activities.html,club_ul+club_link
403210,石神井,サッカー部,運動部,https://www.metro.ed.jp/shakujii-h/school_life/activities.html,club_ul+club_link
403210,石神井,男子バスケットボール部,運動部,https://www.metro.ed.jp/shakujii-h/school_life/activities.html,club_ul+club_link
403210,石神井,女子バスケットボール部,運動部,https://www.metro.ed.jp/shakujii-h/school_life/activities.html,club_ul+club_link
403210,石神井,ラグビー部,運動部,https://www.metro.ed.jp/shakujii-h/school_life/activities.html,club_ul+club_link
403210,石神井,バドミントン部,運動部,https://www.metro.ed.jp/shakujii-h/school_life/activities.html,club_ul+club_link
403210,石神井,野球部,運動部,https://www.metro.ed.jp/shakujii-h/school_life/activities.html,club_ul+club_link
403210,石神井,男子硬式テニス部,運動部,https://www.metro.ed.jp/shakujii-h/school_life/activities.html,club_ul+club_link
403210,石神井,女子硬式テニス部,運動部,https://www.metro.ed.jp/shakujii-h/school_life/activities.html,club_ul+club_link
403210,石神井,女子バレーボール部,運動部,https://www.metro.ed.jp/shakujii-h/school_life/activities.html,club_ul+club_link
403210,石神井,男子ハンドボール部,運動部,https://www.metro.ed.jp/shakujii-h/school_life/activities.html,club_ul+club_link
403210,石神井,女子ハンドボール部,運動部,https://www.metro.ed.jp/shakujii-h/school_life/activities.html,club_ul+club_link
403210,石神井,女子ソフトボール部,運動部,https://www.metro.ed.jp/shakujii-h/school_life/activities.html,club_ul+club_link
403210,石神井,柔道部,運動部,https://www.metro.ed.jp/shakujii-h/school_life/activities.html,club_ul+club_link
403210,石神井,水泳部,運動部,https://www.metro.ed.jp/shakujii-h/school_life/activities.html,club_ul+club_link
403210,石神井,陸上競技部,運動部,https://www.metro.ed.jp/shakujii-h/school_life/activities.html,club_ul+club_link
403210,石神井,剣道部,運動部,https://www.metro.ed.jp/shakujii-h/school_life/activities.html,club_ul+club_link
403210,石神井,ダンス部,運動部,https://www.metro.ed.jp/shakujii-h/school_life/activities.html,club_ul+club_link
403210,石神井,軽音楽部,文化部,https://www.metro.ed.jp/shakujii-h/school_life/activities.html,club_ul+club_link
403210,石神井,ファッション部,文化部,https://www.metro.ed.jp/shakujii-h/school_life/activities.html,club_ul+club_link
403210,石神井,吹奏楽部,文化部,https://www.metro.ed.jp/shakujii-h/school_life/activities.html,club_ul+club_link
403210,石神井,美術部,文化部,https://www.metro.ed.jp/shakujii-h/school_life/activities.html,club_ul+club_link
403210,石神井,演劇部,文化部,https://www.metro.ed.jp/shakujii-h/school_life/activities.html,club_ul+club_link
403210,石神井,茶道部,文化部,https://www.metro.ed.jp/shakujii-h/school_life/activities.html,club_ul+club_link
403210,石神井,写真部,文化部,https://www.metro.ed.jp/shakujii-h/school_life/activities.html,club_ul+club_link
403210,石神井,生物部,文化部,https://www.metro.ed.jp/shakujii-h/school_life/activities.html,club_ul+club_link
403210,石神井,漫画研究部,文化部,https://www.metro.ed.jp/shakujii-h/school_life/activities.html,club_ul+club_link
403210,石神井,物理化学部,文化部,https://www.metro.ed.jp/shakujii-h/school_life/activities.html,club_ul+club_link
403210,石神井,英語部,文化部,https://www.metro.ed.jp/shakujii-h/school_life/activities.html,club_ul+club_link
403210,石神井,デジタルクリエイト同好会,文化部,https://www.metro.ed.jp/shakujii-h/school_life/activities.html,club_ul+club_link
403210,石神井,ジャズ同好会,文化部,https://www.metro.ed.jp/shakujii-h/school_life/activities.html,club_ul+club_link
403210,石神井,福祉同好会,文化部,https://www.metro.ed.jp/shakujii-h/school_life/activities.html,club_ul+club_link
403210,石神井,料理同好会,文化部,https://www.metro.ed.jp/shakujii-h/school_life/activities.html,club_ul+club_link
403220,井草,硬式野球部,運動部,https://www.metro.ed.jp/igusa-h/school_life/activities.html,club_ul+club_link
403220,井草,サッカー部,運動部,https://www.metro.ed.jp/igusa-h/school_life/activities.html,club_ul+club_link
403220,井草,男子バスケットボール部,運動部,https://www.metro.ed.jp/igusa-h/school_life/activities.html,club_ul+club_link
403220,井草,女子バスケットボール部,運動部,https://www.metro.ed.jp/igusa-h/school_life/activities.html,club_ul+club_link
403220,井草,男子バレーボール部,運動部,https://www.metro.ed.jp/igusa-h/school_life/activities.html,club_ul+club_link
403220,井草,女子バレーボール部,運動部,https://www.metro.ed.jp/igusa-h/school_life/activities.html,club_ul+club_link
403220,井草,バドミントン部,運動部,https://www.metro.ed.jp/igusa-h/school_life/activities.html,club_ul+club_link
403220,井草,ダンス部,運動部,https://www.metro.ed.jp/igusa-h/school_life/activities.html,club_ul+club_link
403220,井草,硬式テニス部,運動部,https://www.metro.ed.jp/igusa-h/school_life/activities.html,club_ul+club_link
403220,井草,ソフトテニス部,運動部,https://www.metro.ed.jp/igusa-h/school_life/activities.html,club_ul+club_link
403220,井草,フットサル部,運動部,https://www.metro.ed.jp/igusa-h/school_life/activities.html,club_ul+club_link
403220,井草,陸上競技部,運動部,https://www.metro.ed.jp/igusa-h/school_life/activities.html,club_ul+club_link
403220,井草,水泳部,運動部,https://www.metro.ed.jp/igusa-h/school_life/activities.html,club_ul+club_link
403220,井草,弓道部,運動部,https://www.metro.ed.jp/igusa-h/school_life/activities.html,club_ul+club_link
403220,井草,剣道部,運動部,https://www.metro.ed.jp/igusa-h/school_life/activities.html,club_ul+club_link
403220,井草,卓球部,運動部,https://www.metro.ed.jp/igusa-h/school_life/activities.html,club_ul+club_link
403220,井草,書道部,文化部,https://www.metro.ed.jp/igusa-h/school_life/activities.html,club_ul+club_link
403220,井草,茶道部,文化部,https://www.metro.ed.jp/igusa-h/school_life/activities.html,club_ul+club_link
403220,井草,吹奏楽部,文化部,https://www.metro.ed.jp/igusa-h/school_life/activities.html,club_ul+club_link
403220,井草,演劇部,文化部,https://www.metro.ed.jp/igusa-h/school_life/activities.html,club_ul+club_link
403220,井草,美術部,文化部,https://www.metro.ed.jp/igusa-h/school_life/activities.html,club_ul+club_link
403220,井草,ESS（English Speaking Society）部,文化部,https://www.metro.ed.jp/igusa-h/school_life/activities.html,club_ul+club_link
403220,井草,社会福祉研究部,文化部,https://www.metro.ed.jp/igusa-h/school_life/activities.html,club_ul+club_link
403220,井草,漫画研究部,文化部,https://www.metro.ed.jp/igusa-h/school_life/activities.html,club_ul+club_link
403220,井草,料理研究部,文化部,https://www.metro.ed.jp/igusa-h/school_life/activities.html,club_ul+club_link
403220,井草,文芸部,文化部,https://www.metro.ed.jp/igusa-h/school_life/activities.html,club_ul+club_link
403220,井草,写真部,文化部,https://www.metro.ed.jp/igusa-h/school_life/activities.html,club_ul+club_link
403220,井草,天文部,文化部,https://www.metro.ed.jp/igusa-h/school_life/activities.html,club_ul+club_link
403220,井草,生物部,文化部,https://www.metro.ed.jp/igusa-h/school_life/activities.html,club_ul+club_link
403220,井草,ギター同好会,同好会,https://www.metro.ed.jp/igusa-h/school_life/activities.html,club_ul+club_link
403220,井草,パソコン部,部活動,https://www.metro.ed.jp/igusa-h/school_life/activities.html,club_ul+club_link
403240,練馬,男子バスケットボール部,運動部,https://www.metro.ed.jp/nerima-h/school_life/activities.html,club_ul+club_link
403240,練馬,女子バスケットボール部,運動部,https://www.metro.ed.jp/nerima-h/school_life/activities.html,club_ul+club_link
403240,練馬,硬式野球部,運動部,https://www.metro.ed.jp/nerima-h/school_life/activities.html,club_ul+club_link
403240,練馬,女子バレーボール部,運動部,https://www.metro.ed.jp/nerima-h/school_life/activities.html,club_ul+club_link
403240,練馬,サッカー部,運動部,https://www.metro.ed.jp/nerima-h/school_life/activities.html,club_ul+club_link
403240,練馬,卓球部,運動部,https://www.metro.ed.jp/nerima-h/school_life/activities.html,club_ul+club_link
403240,練馬,バドミントン部,運動部,https://www.metro.ed.jp/nerima-h/school_life/activities.html,club_ul+club_link
403240,練馬,硬式テニス部（男子）,運動部,https://www.metro.ed.jp/nerima-h/school_life/activities.html,club_ul+club_link
403240,練馬,硬式テニス部（女子）,運動部,https://www.metro.ed.jp/nerima-h/school_life/activities.html,club_ul+club_link
403240,練馬,ソフトテニス部,運動部,https://www.metro.ed.jp/nerima-h/school_life/activities.html,club_ul+club_link
403240,練馬,弓道部,運動部,https://www.metro.ed.jp/nerima-h/school_life/activities.html,club_ul+club_link
403240,練馬,剣道部,運動部,https://www.metro.ed.jp/nerima-h/school_life/activities.html,club_ul+club_link
403240,練馬,陸上部,運動部,https://www.metro.ed.jp/nerima-h/school_life/activities.html,club_ul+club_link
403240,練馬,水泳部,運動部,https://www.metro.ed.jp/nerima-h/school_life/activities.html,club_ul+club_link
403240,練馬,ダンス部,運動部,https://www.metro.ed.jp/nerima-h/school_life/activities.html,club_ul+club_link
403240,練馬,柔道部,運動部,https://www.metro.ed.jp/nerima-h/school_life/activities.html,club_ul+club_link
403240,練馬,吹奏楽部,文化部,https://www.metro.ed.jp/nerima-h/school_life/activities.html,club_ul+club_link
403240,練馬,軽音楽部,文化部,https://www.metro.ed.jp/nerima-h/school_life/activities.html,club_ul+club_link
403240,練馬,演劇部,文化部,https://www.metro.ed.jp/nerima-h/school_life/activities.html,club_ul+club_link
403240,練馬,茶道部,文化部,https://www.metro.ed.jp/nerima-h/school_life/activities.html,club_ul+club_link
403240,練馬,美術部,文化部,https://www.metro.ed.jp/nerima-h/school_life/activities.html,club_ul+club_link
403240,練馬,天文学部,文化部,https://www.metro.ed.jp/nerima-h/school_life/activities.html,club_ul+club_link
403240,練馬,イラストレーション部,文化部,https://www.metro.ed.jp/nerima-h/school_life/activities.html,club_ul+club_link
403240,練馬,メーキング部,文化部,https://www.metro.ed.jp/nerima-h/school_life/activities.html,club_ul+club_link
403240,練馬,ボランティア部,文化部,https://www.metro.ed.jp/nerima-h/school_life/activities.html,club_ul+club_link
403240,練馬,文芸同好会,部活動,https://www.metro.ed.jp/nerima-h/school_life/activities.html,club_ul+club_link
403240,練馬,写真同好会,部活動,https://www.metro.ed.jp/nerima-h/school_life/activities.html,club_ul+club_link
403250,光丘,サッカー部,運動部,https://www.metro.ed.jp/hikarigaoka-h/school_life/activities.html,club_ul+club_link
403250,光丘,男子バスケットボール部,運動部,https://www.metro.ed.jp/hikarigaoka-h/school_life/activities.html,club_ul+club_link
403250,光丘,女子バスケットボール部,運動部,https://www.metro.ed.jp/hikarigaoka-h/school_life/activities.html,club_ul+club_link
403250,光丘,女子バレーボール部,運動部,https://www.metro.ed.jp/hikarigaoka-h/school_life/activities.html,club_ul+club_link
403250,光丘,陸上競技部,運動部,https://www.metro.ed.jp/hikarigaoka-h/school_life/activities.html,club_ul+club_link
403250,光丘,剣道部,運動部,https://www.metro.ed.jp/hikarigaoka-h/school_life/activities.html,club_ul+club_link
403250,光丘,柔道部,運動部,https://www.metro.ed.jp/hikarigaoka-h/school_life/activities.html,club_ul+club_link
403250,光丘,硬式野球部,運動部,https://www.metro.ed.jp/hikarigaoka-h/school_life/activities.html,club_ul+club_link
403250,光丘,ダンス部,運動部,https://www.metro.ed.jp/hikarigaoka-h/school_life/activities.html,club_ul+club_link
403250,光丘,テニス部,運動部,https://www.metro.ed.jp/hikarigaoka-h/school_life/activities.html,club_ul+club_link
403250,光丘,卓球部,運動部,https://www.metro.ed.jp/hikarigaoka-h/school_life/activities.html,club_ul+club_link
403250,光丘,水泳部,運動部,https://www.metro.ed.jp/hikarigaoka-h/school_life/activities.html,club_ul+club_link
403250,光丘,バドミントン部,運動部,https://www.metro.ed.jp/hikarigaoka-h/school_life/activities.html,club_ul+club_link
403250,光丘,写真部,文化部,https://www.metro.ed.jp/hikarigaoka-h/school_life/activities.html,club_ul+club_link
403250,光丘,吹奏楽部,文化部,https://www.metro.ed.jp/hikarigaoka-h/school_life/activities.html,club_ul+club_link
403250,光丘,科学部,文化部,https://www.metro.ed.jp/hikarigaoka-h/school_life/activities.html,club_ul+club_link
403250,光丘,演劇部,文化部,https://www.metro.ed.jp/hikarigaoka-h/school_life/activities.html,club_ul+club_link
403250,光丘,美術部,文化部,https://www.metro.ed.jp/hikarigaoka-h/school_life/activities.html,club_ul+club_link
403250,光丘,茶道部,文化部,https://www.metro.ed.jp/hikarigaoka-h/school_life/activities.html,club_ul+club_link
403250,光丘,マイコン部,文化部,https://www.metro.ed.jp/hikarigaoka-h/school_life/activities.html,club_ul+club_link
403250,光丘,軽音楽部,文化部,https://www.metro.ed.jp/hikarigaoka-h/school_life/activities.html,club_ul+club_link
403250,光丘,中国語部,文化部,https://www.metro.ed.jp/hikarigaoka-h/school_life/activities.html,club_ul+club_link
403250,光丘,ESS部,文化部,https://www.metro.ed.jp/hikarigaoka-h/school_life/activities.html,club_ul+club_link
403250,光丘,文芸部,文化部,https://www.metro.ed.jp/hikarigaoka-h/school_life/activities.html,club_ul+club_link
403250,光丘,書道部,文化部,https://www.metro.ed.jp/hikarigaoka-h/school_life/activities.html,club_ul+club_link
403250,光丘,勉強同好会,文化部,https://www.metro.ed.jp/hikarigaoka-h/school_life/activities.html,club_ul+club_link
403250,光丘,パソコン部,部活動,https://www.metro.ed.jp/hikarigaoka-h/school_life/activities.html,club_ul+club_link
403280,田柄,バレーボール部,部活動,https://www.metro.ed.jp/tagara-h/school_life/activities.html,club_link
403280,田柄,男子バスケットボール部,部活動,https://www.metro.ed.jp/tagara-h/school_life/activities.html,club_link
403280,田柄,女子バスケットボール部,部活動,https://www.metro.ed.jp/tagara-h/school_life/activities.html,club_link
403280,田柄,バドミントン部,部活動,https://www.metro.ed.jp/tagara-h/school_life/activities.html,club_link
403280,田柄,サッカー部,部活動,https://www.metro.ed.jp/tagara-h/school_life/activities.html,club_link
403280,田柄,陸上競技部,部活動,https://www.metro.ed.jp/tagara-h/school_life/activities.html,club_link
403280,田柄,男子硬式テニス部,部活動,https://www.metro.ed.jp/tagara-h/school_life/activities.html,club_link
403280,田柄,女子硬式テニス部,部活動,https://www.metro.ed.jp/tagara-h/school_life/activities.html,club_link
403280,田柄,水泳部,部活動,https://www.metro.ed.jp/tagara-h/school_life/activities.html,club_link
403280,田柄,ダンス部,部活動,https://www.metro.ed.jp/tagara-h/school_life/activities.html,club_link
403280,田柄,ソフトテニス同好会,部活動,https://www.metro.ed.jp/tagara-h/school_life/activities.html,club_link
403280,田柄,女子サッカー同好会,部活動,https://www.metro.ed.jp/tagara-h/school_life/activities.html,club_link
403280,田柄,茶道部,部活動,https://www.metro.ed.jp/tagara-h/school_life/activities.html,club_link
403280,田柄,華道部,部活動,https://www.metro.ed.jp/tagara-h/school_life/activities.html,club_link
403280,田柄,吹奏楽部,部活動,https://www.metro.ed.jp/tagara-h/school_life/activities.html,club_link
403280,田柄,美術部,部活動,https://www.metro.ed.jp/tagara-h/school_life/activities.html,club_link
403280,田柄,演劇部,部活動,https://www.metro.ed.jp/tagara-h/school_life/activities.html,club_link
403280,田柄,家庭科部,部活動,https://www.metro.ed.jp/tagara-h/school_life/activities.html,club_link
403280,田柄,マンガアニメ部,部活動,https://www.metro.ed.jp/tagara-h/school_life/activities.html,club_link
403280,田柄,ボランティア部,部活動,https://www.metro.ed.jp/tagara-h/school_life/activities.html,club_link
403280,田柄,Vocal同好会,部活動,https://www.metro.ed.jp/tagara-h/school_life/activities.html,club_link
403280,田柄,ゲームプログラミング同好会,部活動,https://www.metro.ed.jp/tagara-h/school_life/activities.html,club_link
403280,田柄,TESS部,部活動,https://www.metro.ed.jp/tagara-h/school_life/activities.html,club_link
403280,田柄,百人一首同好会,部活動,https://www.metro.ed.jp/tagara-h/school_life/activities.html,club_link
403280,田柄,和太鼓部,部活動,https://www.metro.ed.jp/tagara-h/school_life/activities.html,club_link
403280,田柄,文芸同好会,部活動,https://www.metro.ed.jp/tagara-h/school_life/activities.html,club_link
403280,田柄,科学研究同好会,部活動,https://www.metro.ed.jp/tagara-h/school_life/activities.html,club_link
403410,杉並総合,SSWE部,日本の伝統文化部,https://www.metro.ed.jp/suginamisogo-h/school_life/activities.html,club_ul+club_link
403410,杉並総合,ダンス部,日本の伝統文化部,https://www.metro.ed.jp/suginamisogo-h/school_life/activities.html,club_ul+club_link
403410,杉並総合,バトミントン部,日本の伝統文化部,https://www.metro.ed.jp/suginamisogo-h/school_life/activities.html,club_ul+club_link
403410,杉並総合,ファッション＆クッキング部,日本の伝統文化部,https://www.metro.ed.jp/suginamisogo-h/school_life/activities.html,club_ul+club_link
403410,杉並総合,英語部,日本の伝統文化部,https://www.metro.ed.jp/suginamisogo-h/school_life/activities.html,club_ul+club_link
403410,杉並総合,演劇部,日本の伝統文化部,https://www.metro.ed.jp/suginamisogo-h/school_life/activities.html,club_ul+club_link
403410,杉並総合,弓道部,日本の伝統文化部,https://www.metro.ed.jp/suginamisogo-h/school_life/activities.html,club_ul+club_link
403410,杉並総合,軽音部,日本の伝統文化部,https://www.metro.ed.jp/suginamisogo-h/school_life/activities.html,club_ul+club_link
403410,杉並総合,合唱部,日本の伝統文化部,https://www.metro.ed.jp/suginamisogo-h/school_life/activities.html,club_ul+club_link
403410,杉並総合,写真部,日本の伝統文化部,https://www.metro.ed.jp/suginamisogo-h/school_life/activities.html,club_ul+club_link
403410,杉並総合,柔道,日本の伝統文化部,https://www.metro.ed.jp/suginamisogo-h/school_life/activities.html,club_ul+club_link
403410,杉並総合,女子サッカー部,日本の伝統文化部,https://www.metro.ed.jp/suginamisogo-h/school_life/activities.html,club_ul+club_link
403410,杉並総合,女子バスケットボール部,日本の伝統文化部,https://www.metro.ed.jp/suginamisogo-h/school_life/activities.html,club_ul+club_link
403410,杉並総合,女子バレー部,日本の伝統文化部,https://www.metro.ed.jp/suginamisogo-h/school_life/activities.html,club_ul+club_link
403410,杉並総合,女子硬式テニス部,日本の伝統文化部,https://www.metro.ed.jp/suginamisogo-h/school_life/activities.html,club_ul+club_link
403410,杉並総合,水泳部,日本の伝統文化部,https://www.metro.ed.jp/suginamisogo-h/school_life/activities.html,club_ul+club_link
403410,杉並総合,生物部,日本の伝統文化部,https://www.metro.ed.jp/suginamisogo-h/school_life/activities.html,club_ul+club_link
403410,杉並総合,卓球部,日本の伝統文化部,https://www.metro.ed.jp/suginamisogo-h/school_life/activities.html,club_ul+club_link
403410,杉並総合,男子サッカー部,日本の伝統文化部,https://www.metro.ed.jp/suginamisogo-h/school_life/activities.html,club_ul+club_link
403410,杉並総合,男子バスケットボール部,日本の伝統文化部,https://www.metro.ed.jp/suginamisogo-h/school_life/activities.html,club_ul+club_link
403410,杉並総合,男子硬式テニス部,日本の伝統文化部,https://www.metro.ed.jp/suginamisogo-h/school_life/activities.html,club_ul+club_link
403410,杉並総合,茶道部,日本の伝統文化部,https://www.metro.ed.jp/suginamisogo-h/school_life/activities.html,club_ul+club_link
403410,杉並総合,日本の伝統文化部,日本の伝統文化部,https://www.metro.ed.jp/suginamisogo-h/school_life/activities.html,club_ul+club_link
403410,杉並総合,美術部,日本の伝統文化部,https://www.metro.ed.jp/suginamisogo-h/school_life/activities.html,club_ul+club_link
403410,杉並総合,文芸創作部,日本の伝統文化部,https://www.metro.ed.jp/suginamisogo-h/school_life/activities.html,club_ul+club_link
403410,杉並総合,野外活動部,日本の伝統文化部,https://www.metro.ed.jp/suginamisogo-h/school_life/activities.html,club_ul+club_link
403410,杉並総合,陸上部,日本の伝統文化部,https://www.metro.ed.jp/suginamisogo-h/school_life/activities.html,club_ul+club_link
403410,杉並総合,和太鼓部,日本の伝統文化部,https://www.metro.ed.jp/suginamisogo-h/school_life/activities.html,club_ul+club_link
403410,杉並総合,韓国語部,日本の伝統文化部,https://www.metro.ed.jp/suginamisogo-h/school_life/activities.html,club_ul+club_link
403410,杉並総合,バドミントン部,部活動,https://www.metro.ed.jp/suginamisogo-h/school_life/activities.html,club_ul+club_link
403410,杉並総合,軽音楽部,部活動,https://www.metro.ed.jp/suginamisogo-h/school_life/activities.html,club_ul+club_link
403510,大泉桜,バスケットボール部（男・女）,運動部,https://www.metro.ed.jp/oizumisakura-h/school_life/activities.html,club_ul+club_link
403510,大泉桜,硬式テニス部（男・女）,運動部,https://www.metro.ed.jp/oizumisakura-h/school_life/activities.html,club_ul+club_link
403510,大泉桜,サッカー部（男・女）,運動部,https://www.metro.ed.jp/oizumisakura-h/school_life/activities.html,club_ul+club_link
403510,大泉桜,バレーボール部（女子）,運動部,https://www.metro.ed.jp/oizumisakura-h/school_life/activities.html,club_ul+club_link
403510,大泉桜,バドミントン部（男・女）,運動部,https://www.metro.ed.jp/oizumisakura-h/school_life/activities.html,club_ul+club_link
403510,大泉桜,ソフトボール部（女子）,運動部,https://www.metro.ed.jp/oizumisakura-h/school_life/activities.html,club_ul+club_link
403510,大泉桜,ダンス部,運動部,https://www.metro.ed.jp/oizumisakura-h/school_life/activities.html,club_ul+club_link
403510,大泉桜,剣道部,運動部,https://www.metro.ed.jp/oizumisakura-h/school_life/activities.html,club_ul+club_link
403510,大泉桜,陸上競技部,運動部,https://www.metro.ed.jp/oizumisakura-h/school_life/activities.html,club_ul+club_link
403510,大泉桜,フェンシング部,運動部,https://www.metro.ed.jp/oizumisakura-h/school_life/activities.html,club_ul+club_link
403510,大泉桜,美術部,文化部,https://www.metro.ed.jp/oizumisakura-h/school_life/activities.html,club_ul+club_link
403510,大泉桜,イラスト部,文化部,https://www.metro.ed.jp/oizumisakura-h/school_life/activities.html,club_ul+club_link
403510,大泉桜,吹奏楽部,文化部,https://www.metro.ed.jp/oizumisakura-h/school_life/activities.html,club_ul+club_link
403510,大泉桜,合唱部,文化部,https://www.metro.ed.jp/oizumisakura-h/school_life/activities.html,club_ul+club_link
403510,大泉桜,手話部,文化部,https://www.metro.ed.jp/oizumisakura-h/school_life/activities.html,club_ul+club_link
403510,大泉桜,クッキング部,文化部,https://www.metro.ed.jp/oizumisakura-h/school_life/activities.html,club_ul+club_link
403510,大泉桜,演劇部,文化部,https://www.metro.ed.jp/oizumisakura-h/school_life/activities.html,club_ul+club_link
403510,大泉桜,茶道部,文化部,https://www.metro.ed.jp/oizumisakura-h/school_life/activities.html,club_ul+club_link
403510,大泉桜,文芸部,文化部,https://www.metro.ed.jp/oizumisakura-h/school_life/activities.html,club_ul+club_link
403510,大泉桜,パソコン部,文化部,https://www.metro.ed.jp/oizumisakura-h/school_life/activities.html,club_ul+club_link
403510,大泉桜,被服部,文化部,https://www.metro.ed.jp/oizumisakura-h/school_life/activities.html,club_ul+club_link
403510,大泉桜,理科研究部,文化部,https://www.metro.ed.jp/oizumisakura-h/school_life/activities.html,club_ul+club_link
403510,大泉桜,写真部,文化部,https://www.metro.ed.jp/oizumisakura-h/school_life/activities.html,club_ul+club_link
403510,大泉桜,ボランティア部,文化部,https://www.metro.ed.jp/oizumisakura-h/school_life/activities.html,club_ul+club_link
403510,大泉桜,現代視覚文化研究部,文化部,https://www.metro.ed.jp/oizumisakura-h/school_life/activities.html,club_ul+club_link
403510,大泉桜,アコースティックギター部,文化部,https://www.metro.ed.jp/oizumisakura-h/school_life/activities.html,club_ul+club_link
403510,大泉桜,百人一首同好会,部活動,https://www.metro.ed.jp/oizumisakura-h/school_life/activities.html,club_ul+club_link
403630,第四商業,硬式野球部,部活動,https://www.metro.ed.jp/daiyonsyogyo-h/school_life/activities.html,club_link
403630,第四商業,ソフトボール部,部活動,https://www.metro.ed.jp/daiyonsyogyo-h/school_life/activities.html,club_link
403630,第四商業,アーチェリー部,部活動,https://www.metro.ed.jp/daiyonsyogyo-h/school_life/activities.html,club_link
403630,第四商業,サッカー部,部活動,https://www.metro.ed.jp/daiyonsyogyo-h/school_life/activities.html,club_link
403630,第四商業,硬式テニス部,部活動,https://www.metro.ed.jp/daiyonsyogyo-h/school_life/activities.html,club_link
403630,第四商業,水泳部,部活動,https://www.metro.ed.jp/daiyonsyogyo-h/school_life/activities.html,club_link
403630,第四商業,女子バスケットボール部,部活動,https://www.metro.ed.jp/daiyonsyogyo-h/school_life/activities.html,club_link
403630,第四商業,男子バスケットボール部,部活動,https://www.metro.ed.jp/daiyonsyogyo-h/school_life/activities.html,club_link
403630,第四商業,女子バレーボール部,部活動,https://www.metro.ed.jp/daiyonsyogyo-h/school_life/activities.html,club_link
403630,第四商業,バドミントン部,部活動,https://www.metro.ed.jp/daiyonsyogyo-h/school_life/activities.html,club_link
403630,第四商業,演劇部,部活動,https://www.metro.ed.jp/daiyonsyogyo-h/school_life/activities.html,club_link
403630,第四商業,吹奏楽部,部活動,https://www.metro.ed.jp/daiyonsyogyo-h/school_life/activities.html,club_link
403630,第四商業,茶道部,部活動,https://www.metro.ed.jp/daiyonsyogyo-h/school_life/activities.html,club_link
403630,第四商業,料理部,部活動,https://www.metro.ed.jp/daiyonsyogyo-h/school_life/activities.html,club_link
403630,第四商業,パソコン部,部活動,https://www.metro.ed.jp/daiyonsyogyo-h/school_life/activities.html,club_link
403630,第四商業,ワープロ部,部活動,https://www.metro.ed.jp/daiyonsyogyo-h/school_life/activities.html,club_link
403630,第四商業,簿記部,部活動,https://www.metro.ed.jp/daiyonsyogyo-h/school_life/activities.html,club_link
403630,第四商業,珠算部,部活動,https://www.metro.ed.jp/daiyonsyogyo-h/school_life/activities.html,club_link
403630,第四商業,園芸部,部活動,https://www.metro.ed.jp/daiyonsyogyo-h/school_life/activities.html,club_link
403630,第四商業,アニメーション部,部活動,https://www.metro.ed.jp/daiyonsyogyo-h/school_life/activities.html,club_link
403630,第四商業,フォークソング部,部活動,https://www.metro.ed.jp/daiyonsyogyo-h/school_life/activities.html,club_link
403630,第四商業,生物部,部活動,https://www.metro.ed.jp/daiyonsyogyo-h/school_life/activities.html,club_link
403630,第四商業,写真部,部活動,https://www.metro.ed.jp/daiyonsyogyo-h/school_life/activities.html,club_link
403630,第四商業,英語同好会,部活動,https://www.metro.ed.jp/daiyonsyogyo-h/school_life/activities.html,club_link
403630,第四商業,フラ部,部活動,https://www.metro.ed.jp/daiyonsyogyo-h/school_life/activities.html,club_link
403710,中野工科,サッカー部,運動部,https://www.metro.ed.jp/nakanokoka-h/school_life/activities.html,club_ul+club_link
403710,中野工科,バスケットボール部,運動部,https://www.metro.ed.jp/nakanokoka-h/school_life/activities.html,club_ul+club_link
403710,中野工科,テニス部,運動部,https://www.metro.ed.jp/nakanokoka-h/school_life/activities.html,club_ul+club_link
403710,中野工科,バドミントン部,運動部,https://www.metro.ed.jp/nakanokoka-h/school_life/activities.html,club_ul+club_link
403710,中野工科,ダンス部,運動部,https://www.metro.ed.jp/nakanokoka-h/school_life/activities.html,club_ul+club_link
403710,中野工科,硬式野球部,運動部,https://www.metro.ed.jp/nakanokoka-h/school_life/activities.html,club_ul+club_link
403710,中野工科,バレー部,運動部,https://www.metro.ed.jp/nakanokoka-h/school_life/activities.html,club_ul+club_link
403710,中野工科,卓球部,運動部,https://www.metro.ed.jp/nakanokoka-h/school_life/activities.html,club_ul+club_link
403710,中野工科,ハイキング部,運動部,https://www.metro.ed.jp/nakanokoka-h/school_life/activities.html,club_ul+club_link
403710,中野工科,軽音楽部,文化部,https://www.metro.ed.jp/nakanokoka-h/school_life/activities.html,club_ul+club_link
403710,中野工科,写真部,文化部,https://www.metro.ed.jp/nakanokoka-h/school_life/activities.html,club_ul+club_link
403710,中野工科,食品加工部,文化部,https://www.metro.ed.jp/nakanokoka-h/school_life/activities.html,club_ul+club_link
403710,中野工科,イラストデザイン部,文化部,https://www.metro.ed.jp/nakanokoka-h/school_life/activities.html,club_ul+club_link
403710,中野工科,吹奏楽部,文化部,https://www.metro.ed.jp/nakanokoka-h/school_life/activities.html,club_ul+club_link
403710,中野工科,華道部,文化部,https://www.metro.ed.jp/nakanokoka-h/school_life/activities.html,club_ul+club_link
403710,中野工科,化学研究部,文化部,https://www.metro.ed.jp/nakanokoka-h/school_life/activities.html,club_ul+club_link
403710,中野工科,生活デザイン同好会,文化部,https://www.metro.ed.jp/nakanokoka-h/school_life/activities.html,club_ul+club_link
403710,中野工科,男子バスケットボール部,部活動,https://www.metro.ed.jp/nakanokoka-h/school_life/activities.html,club_ul+club_link
403710,中野工科,バレーボール部,部活動,https://www.metro.ed.jp/nakanokoka-h/school_life/activities.html,club_ul+club_link
403710,中野工科,機械工作部,部活動,https://www.metro.ed.jp/nakanokoka-h/school_life/activities.html,club_ul+club_link
403720,杉並工科,柔道部,運動部,https://www.metro.ed.jp/suginamikoka-h/school_life/activities.html,club_ul+club_link
403720,杉並工科,硬式野球部,運動部,https://www.metro.ed.jp/suginamikoka-h/school_life/activities.html,club_ul+club_link
403720,杉並工科,バスケットボール部,運動部,https://www.metro.ed.jp/suginamikoka-h/school_life/activities.html,club_ul+club_link
403720,杉並工科,サッカー部,運動部,https://www.metro.ed.jp/suginamikoka-h/school_life/activities.html,club_ul+club_link
403720,杉並工科,陸上競技部,運動部,https://www.metro.ed.jp/suginamikoka-h/school_life/activities.html,club_ul+club_link
403720,杉並工科,硬式テニス部,運動部,https://www.metro.ed.jp/suginamikoka-h/school_life/activities.html,club_ul+club_link
403720,杉並工科,卓球部,運動部,https://www.metro.ed.jp/suginamikoka-h/school_life/activities.html,club_ul+club_link
403720,杉並工科,剣道部,運動部,https://www.metro.ed.jp/suginamikoka-h/school_life/activities.html,club_ul+club_link
403720,杉並工科,バドミントン部,運動部,https://www.metro.ed.jp/suginamikoka-h/school_life/activities.html,club_ul+club_link
403720,杉並工科,バレーボール部,運動部,https://www.metro.ed.jp/suginamikoka-h/school_life/activities.html,club_ul+club_link
403720,杉並工科,水泳部,運動部,https://www.metro.ed.jp/suginamikoka-h/school_life/activities.html,club_ul+club_link
403720,杉並工科,電子工作部,文化部,https://www.metro.ed.jp/suginamikoka-h/school_life/activities.html,club_ul+club_link
403720,杉並工科,コンピュータ部,文化部,https://www.metro.ed.jp/suginamikoka-h/school_life/activities.html,club_ul+club_link
403720,杉並工科,軽音楽部,文化部,https://www.metro.ed.jp/suginamikoka-h/school_life/activities.html,club_ul+club_link
403720,杉並工科,模型工作部,文化部,https://www.metro.ed.jp/suginamikoka-h/school_life/activities.html,club_ul+club_link
403720,杉並工科,美術部,文化部,https://www.metro.ed.jp/suginamikoka-h/school_life/activities.html,club_ul+club_link
403720,杉並工科,機械工作部,文化部,https://www.metro.ed.jp/suginamikoka-h/school_life/activities.html,club_ul+club_link
403720,杉並工科,写真部,文化部,https://www.metro.ed.jp/suginamikoka-h/school_life/activities.html,club_ul+club_link
403720,杉並工科,化学部,文化部,https://www.metro.ed.jp/suginamikoka-h/school_life/activities.html,club_ul+club_link
403720,杉並工科,野球部,部活動,https://www.metro.ed.jp/suginamikoka-h/school_life/activities.html,club_ul+club_link
403730,練馬工科,サッカー部,運動部,https://www.metro.ed.jp/nerimakoka-h/school_life/activities.html,club_ul+club_link
403730,練馬工科,自転車部,運動部,https://www.metro.ed.jp/nerimakoka-h/school_life/activities.html,club_ul+club_link
403730,練馬工科,柔道部,運動部,https://www.metro.ed.jp/nerimakoka-h/school_life/activities.html,club_ul+club_link
403730,練馬工科,水泳部,運動部,https://www.metro.ed.jp/nerimakoka-h/school_life/activities.html,club_ul+club_link
403730,練馬工科,卓球部,運動部,https://www.metro.ed.jp/nerimakoka-h/school_life/activities.html,club_ul+club_link
403730,練馬工科,ダンス部,運動部,https://www.metro.ed.jp/nerimakoka-h/school_life/activities.html,club_ul+club_link
403730,練馬工科,硬式テニス部,運動部,https://www.metro.ed.jp/nerimakoka-h/school_life/activities.html,club_ul+club_link
403730,練馬工科,ハイキング部,運動部,https://www.metro.ed.jp/nerimakoka-h/school_life/activities.html,club_ul+club_link
403730,練馬工科,男子バスケ部,運動部,https://www.metro.ed.jp/nerimakoka-h/school_life/activities.html,club_ul+club_link
403730,練馬工科,バドミントン部,運動部,https://www.metro.ed.jp/nerimakoka-h/school_life/activities.html,club_ul+club_link
403730,練馬工科,バレーボール部,運動部,https://www.metro.ed.jp/nerimakoka-h/school_life/activities.html,club_ul+club_link
403730,練馬工科,硬式野球部,運動部,https://www.metro.ed.jp/nerimakoka-h/school_life/activities.html,club_ul+club_link
403730,練馬工科,陸上競技部,運動部,https://www.metro.ed.jp/nerimakoka-h/school_life/activities.html,club_ul+club_link
403730,練馬工科,トレーニング同好会,運動部,https://www.metro.ed.jp/nerimakoka-h/school_life/activities.html,club_ul+club_link
403730,練馬工科,園芸部,文化部,https://www.metro.ed.jp/nerimakoka-h/school_life/activities.html,club_ul+club_link
403730,練馬工科,軽音楽部,文化部,https://www.metro.ed.jp/nerimakoka-h/school_life/activities.html,club_ul+club_link
403730,練馬工科,自動車部,文化部,https://www.metro.ed.jp/nerimakoka-h/school_life/activities.html,club_ul+club_link
403730,練馬工科,写真部,文化部,https://www.metro.ed.jp/nerimakoka-h/school_life/activities.html,club_ul+club_link
403730,練馬工科,吹奏楽部,文化部,https://www.metro.ed.jp/nerimakoka-h/school_life/activities.html,club_ul+club_link
403730,練馬工科,鉄道研究部,文化部,https://www.metro.ed.jp/nerimakoka-h/school_life/activities.html,club_ul+club_link
403730,練馬工科,電子機械工作部,文化部,https://www.metro.ed.jp/nerimakoka-h/school_life/activities.html,club_ul+club_link
403730,練馬工科,読書部,文化部,https://www.metro.ed.jp/nerimakoka-h/school_life/activities.html,club_ul+club_link
403730,練馬工科,パソコン部,文化部,https://www.metro.ed.jp/nerimakoka-h/school_life/activities.html,club_ul+club_link
403730,練馬工科,美術部,文化部,https://www.metro.ed.jp/nerimakoka-h/school_life/activities.html,club_ul+club_link
403730,練馬工科,無線部,文化部,https://www.metro.ed.jp/nerimakoka-h/school_life/activities.html,club_ul+club_link
403730,練馬工科,ユースボランティア部,文化部,https://www.metro.ed.jp/nerimakoka-h/school_life/activities.html,club_ul+club_link
403730,練馬工科,eスポーツ部,部活動,https://www.metro.ed.jp/nerimakoka-h/school_life/activities.html,club_ul+club_link
403730,練馬工科,男子バスケットボール部,部活動,https://www.metro.ed.jp/nerimakoka-h/school_life/activities.html,club_ul+club_link
403730,練馬工科,剣道部,部活動,https://www.metro.ed.jp/nerimakoka-h/school_life/activities.html,club_ul+club_link
403810,農芸,合気道部,運動部,https://www.metro.ed.jp/nogei-h/school_life/activities.html,club_ul+club_link
403810,農芸,剣道部,運動部,https://www.metro.ed.jp/nogei-h/school_life/activities.html,club_ul+club_link
403810,農芸,硬式テニス部,運動部,https://www.metro.ed.jp/nogei-h/school_life/activities.html,club_ul+club_link
403810,農芸,柔道同好会,運動部,https://www.metro.ed.jp/nogei-h/school_life/activities.html,club_ul+club_link
403810,農芸,女子バスケットボール部,運動部,https://www.metro.ed.jp/nogei-h/school_life/activities.html,club_ul+club_link
403810,農芸,バレーボール部,運動部,https://www.metro.ed.jp/nogei-h/school_life/activities.html,club_ul+club_link
403810,農芸,卓球部,運動部,https://www.metro.ed.jp/nogei-h/school_life/activities.html,club_ul+club_link
403810,農芸,男子バスケットボール部,運動部,https://www.metro.ed.jp/nogei-h/school_life/activities.html,club_ul+club_link
403810,農芸,馬術部,運動部,https://www.metro.ed.jp/nogei-h/school_life/activities.html,club_ul+club_link
403810,農芸,バドミントン部,運動部,https://www.metro.ed.jp/nogei-h/school_life/activities.html,club_ul+club_link
403810,農芸,ダンス部,運動部,https://www.metro.ed.jp/nogei-h/school_life/activities.html,club_ul+club_link
403810,農芸,演劇部,文化部,https://www.metro.ed.jp/nogei-h/school_life/activities.html,club_ul+club_link
403810,農芸,音楽部,文化部,https://www.metro.ed.jp/nogei-h/school_life/activities.html,club_ul+club_link
403810,農芸,外国研究部,文化部,https://www.metro.ed.jp/nogei-h/school_life/activities.html,club_ul+club_link
403810,農芸,家庭科部,文化部,https://www.metro.ed.jp/nogei-h/school_life/activities.html,club_ul+club_link
403810,農芸,茶道部,文化部,https://www.metro.ed.jp/nogei-h/school_life/activities.html,club_ul+club_link
403810,農芸,生物部,文化部,https://www.metro.ed.jp/nogei-h/school_life/activities.html,club_ul+club_link
403810,農芸,美術部,文化部,https://www.metro.ed.jp/nogei-h/school_life/activities.html,club_ul+club_link
403810,農芸,漫画イラスト部,文化部,https://www.metro.ed.jp/nogei-h/school_life/activities.html,club_ul+club_link
403810,農芸,和太鼓部,文化部,https://www.metro.ed.jp/nogei-h/school_life/activities.html,club_ul+club_link
403810,農芸,果樹研究部,文化部,https://www.metro.ed.jp/nogei-h/school_life/activities.html,club_ul+club_link
403810,農芸,草花研究部,文化部,https://www.metro.ed.jp/nogei-h/school_life/activities.html,club_ul+club_link
403810,農芸,植物バイオテクノロジー研究部,文化部,https://www.metro.ed.jp/nogei-h/school_life/activities.html,club_ul+club_link
403810,農芸,野菜研究部,文化部,https://www.metro.ed.jp/nogei-h/school_life/activities.html,club_ul+club_link
403810,農芸,製菓製パン研究部,文化部,https://www.metro.ed.jp/nogei-h/school_life/activities.html,club_ul+club_link
403810,農芸,農産加工研究部,文化部,https://www.metro.ed.jp/nogei-h/school_life/activities.html,club_ul+club_link
403810,農芸,造園測量部,文化部,https://www.metro.ed.jp/nogei-h/school_life/activities.html,club_ul+club_link
403810,農芸,農芸研究部,文化部,https://www.metro.ed.jp/nogei-h/school_life/activities.html,club_ul+club_link
404010,竹早,バドミントン部,運動部,https://www.metro.ed.jp/takehaya-h/school_life/activities.html,club_ul+club_link
404010,竹早,男子バスケットボール部,運動部,https://www.metro.ed.jp/takehaya-h/school_life/activities.html,club_ul+club_link
404010,竹早,女子バスケットボール部,運動部,https://www.metro.ed.jp/takehaya-h/school_life/activities.html,club_ul+club_link
404010,竹早,男子バレーボール部,運動部,https://www.metro.ed.jp/takehaya-h/school_life/activities.html,club_ul+club_link
404010,竹早,女子バレーボール部,運動部,https://www.metro.ed.jp/takehaya-h/school_life/activities.html,club_ul+club_link
404010,竹早,サッカー部,運動部,https://www.metro.ed.jp/takehaya-h/school_life/activities.html,club_ul+club_link
404010,竹早,軟式野球部,運動部,https://www.metro.ed.jp/takehaya-h/school_life/activities.html,club_ul+club_link
404010,竹早,ソフトテニス部,運動部,https://www.metro.ed.jp/takehaya-h/school_life/activities.html,club_ul+club_link
404010,竹早,男子硬式テニス部,運動部,https://www.metro.ed.jp/takehaya-h/school_life/activities.html,club_ul+club_link
404010,竹早,女子硬式テニス部,運動部,https://www.metro.ed.jp/takehaya-h/school_life/activities.html,club_ul+club_link
404010,竹早,陸上競技部,運動部,https://www.metro.ed.jp/takehaya-h/school_life/activities.html,club_ul+club_link
404010,竹早,水泳部,運動部,https://www.metro.ed.jp/takehaya-h/school_life/activities.html,club_ul+club_link
404010,竹早,卓球部,運動部,https://www.metro.ed.jp/takehaya-h/school_life/activities.html,club_ul+club_link
404010,竹早,ダンスパフォーマンス部,運動部,https://www.metro.ed.jp/takehaya-h/school_life/activities.html,club_ul+club_link
404010,竹早,剣道部,運動部,https://www.metro.ed.jp/takehaya-h/school_life/activities.html,club_ul+club_link
404010,竹早,吹奏楽部,文化部,https://www.metro.ed.jp/takehaya-h/school_life/activities.html,club_ul+club_link
404010,竹早,軽音楽部,文化部,https://www.metro.ed.jp/takehaya-h/school_life/activities.html,club_ul+club_link
404010,竹早,コーラス部,文化部,https://www.metro.ed.jp/takehaya-h/school_life/activities.html,club_ul+club_link
404010,竹早,茶道部,文化部,https://www.metro.ed.jp/takehaya-h/school_life/activities.html,club_ul+club_link
404010,竹早,放送部,文化部,https://www.metro.ed.jp/takehaya-h/school_life/activities.html,club_ul+club_link
404010,竹早,演劇部,文化部,https://www.metro.ed.jp/takehaya-h/school_life/activities.html,club_ul+club_link
404010,竹早,天文部,文化部,https://www.metro.ed.jp/takehaya-h/school_life/activities.html,club_ul+club_link
404010,竹早,美術部,文化部,https://www.metro.ed.jp/takehaya-h/school_life/activities.html,club_ul+club_link
404010,竹早,模型部,文化部,https://www.metro.ed.jp/takehaya-h/school_life/activities.html,club_ul+club_link
404010,竹早,箏曲部,文化部,https://www.metro.ed.jp/takehaya-h/school_life/activities.html,club_ul+club_link
404010,竹早,写真部,文化部,https://www.metro.ed.jp/takehaya-h/school_life/activities.html,club_ul+club_link
404010,竹早,化学研究部,文化部,https://www.metro.ed.jp/takehaya-h/school_life/activities.html,club_ul+club_link
404010,竹早,文芸部,文化部,https://www.metro.ed.jp/takehaya-h/school_life/activities.html,club_ul+club_link
404010,竹早,漫画研究部,文化部,https://www.metro.ed.jp/takehaya-h/school_life/activities.html,club_ul+club_link
404010,竹早,クッキング部,文化部,https://www.metro.ed.jp/takehaya-h/school_life/activities.html,club_ul+club_link
404010,竹早,折り紙研究部,文化部,https://www.metro.ed.jp/takehaya-h/school_life/activities.html,club_ul+club_link
404010,竹早,囲碁・将棋部,文化部,https://www.metro.ed.jp/takehaya-h/school_life/activities.html,club_ul+club_link
404010,竹早,映像研究同好会,文化部,https://www.metro.ed.jp/takehaya-h/school_life/activities.html,club_ul+club_link
404020,向丘,陸上競技部,運動部,https://www.metro.ed.jp/mukogaoka-h/school_life/activities.html,club_ul+club_link
404020,向丘,バドミントン部,運動部,https://www.metro.ed.jp/mukogaoka-h/school_life/activities.html,club_ul+club_link
404020,向丘,硬式テニス部,運動部,https://www.metro.ed.jp/mukogaoka-h/school_life/activities.html,club_ul+club_link
404020,向丘,ソフトテニス部,運動部,https://www.metro.ed.jp/mukogaoka-h/school_life/activities.html,club_ul+club_link
404020,向丘,卓球部,運動部,https://www.metro.ed.jp/mukogaoka-h/school_life/activities.html,club_ul+club_link
404020,向丘,サッカー部,運動部,https://www.metro.ed.jp/mukogaoka-h/school_life/activities.html,club_ul+club_link
404020,向丘,剣道部,運動部,https://www.metro.ed.jp/mukogaoka-h/school_life/activities.html,club_ul+club_link
404020,向丘,男子バスケットボール部,運動部,https://www.metro.ed.jp/mukogaoka-h/school_life/activities.html,club_ul+club_link
404020,向丘,女子バスケットボール部,運動部,https://www.metro.ed.jp/mukogaoka-h/school_life/activities.html,club_ul+club_link
404020,向丘,女子バレーボール部,運動部,https://www.metro.ed.jp/mukogaoka-h/school_life/activities.html,club_ul+club_link
404020,向丘,ダンス部,運動部,https://www.metro.ed.jp/mukogaoka-h/school_life/activities.html,club_ul+club_link
404020,向丘,軟式野球部,運動部,https://www.metro.ed.jp/mukogaoka-h/school_life/activities.html,club_ul+club_link
404020,向丘,演劇部,文化部,https://www.metro.ed.jp/mukogaoka-h/school_life/activities.html,club_ul+club_link
404020,向丘,美術部,文化部,https://www.metro.ed.jp/mukogaoka-h/school_life/activities.html,club_ul+club_link
404020,向丘,放送部,文化部,https://www.metro.ed.jp/mukogaoka-h/school_life/activities.html,club_ul+club_link
404020,向丘,吹奏楽部,文化部,https://www.metro.ed.jp/mukogaoka-h/school_life/activities.html,club_ul+club_link
404020,向丘,軽音楽部,文化部,https://www.metro.ed.jp/mukogaoka-h/school_life/activities.html,club_ul+club_link
404020,向丘,茶道部,文化部,https://www.metro.ed.jp/mukogaoka-h/school_life/activities.html,club_ul+club_link
404020,向丘,生物部,文化部,https://www.metro.ed.jp/mukogaoka-h/school_life/activities.html,club_ul+club_link
404020,向丘,ガーデニング部,文化部,https://www.metro.ed.jp/mukogaoka-h/school_life/activities.html,club_ul+club_link
404020,向丘,イラスト研究部,文化部,https://www.metro.ed.jp/mukogaoka-h/school_life/activities.html,club_ul+club_link
404020,向丘,写真部,文化部,https://www.metro.ed.jp/mukogaoka-h/school_life/activities.html,club_ul+club_link
404020,向丘,合唱部,文化部,https://www.metro.ed.jp/mukogaoka-h/school_life/activities.html,club_ul+club_link
404020,向丘,料理研究部,文化部,https://www.metro.ed.jp/mukogaoka-h/school_life/activities.html,club_ul+club_link
404020,向丘,文芸部,文化部,https://www.metro.ed.jp/mukogaoka-h/school_life/activities.html,club_ul+club_link
404020,向丘,華道同好会,文化部,https://www.metro.ed.jp/mukogaoka-h/school_life/activities.html,club_ul+club_link
404020,向丘,書道同好会,文化部,https://www.metro.ed.jp/mukogaoka-h/school_life/activities.html,club_ul+club_link
404020,向丘,地学同好会,文化部,https://www.metro.ed.jp/mukogaoka-h/school_life/activities.html,club_ul+club_link
404020,向丘,海外文化研究同好会,文化部,https://www.metro.ed.jp/mukogaoka-h/school_life/activities.html,club_ul+club_link
404020,向丘,ボードゲーム同好会,文化部,https://www.metro.ed.jp/mukogaoka-h/school_life/activities.html,club_ul+club_link
404040,豊島,吹奏楽部,文化部,https://www.metro.ed.jp/toshima-h/school_life/activities.html,club_ul+club_link
404040,豊島,料理研究部,文化部,https://www.metro.ed.jp/toshima-h/school_life/activities.html,club_ul+club_link
404040,豊島,茶道部,文化部,https://www.metro.ed.jp/toshima-h/school_life/activities.html,club_ul+club_link
404040,豊島,パソコン部,文化部,https://www.metro.ed.jp/toshima-h/school_life/activities.html,club_ul+club_link
404040,豊島,演劇部,文化部,https://www.metro.ed.jp/toshima-h/school_life/activities.html,club_ul+club_link
404040,豊島,美術部,文化部,https://www.metro.ed.jp/toshima-h/school_life/activities.html,club_ul+club_link
404040,豊島,科学部,文化部,https://www.metro.ed.jp/toshima-h/school_life/activities.html,club_ul+club_link
404040,豊島,漫画・イラスト部,文化部,https://www.metro.ed.jp/toshima-h/school_life/activities.html,club_ul+club_link
404040,豊島,写真部,文化部,https://www.metro.ed.jp/toshima-h/school_life/activities.html,club_ul+club_link
404040,豊島,進路探究部,文化部,https://www.metro.ed.jp/toshima-h/school_life/activities.html,club_ul+club_link
404040,豊島,社会科同好会,文化部,https://www.metro.ed.jp/toshima-h/school_life/activities.html,club_ul+club_link
404040,豊島,女子硬式テニス部,運動部,https://www.metro.ed.jp/toshima-h/school_life/activities.html,club_ul+club_link
404040,豊島,男子硬式テニス部,運動部,https://www.metro.ed.jp/toshima-h/school_life/activities.html,club_ul+club_link
404040,豊島,陸上競技部,運動部,https://www.metro.ed.jp/toshima-h/school_life/activities.html,club_ul+club_link
404040,豊島,卓球部,運動部,https://www.metro.ed.jp/toshima-h/school_life/activities.html,club_ul+club_link
404040,豊島,軟式野球部,運動部,https://www.metro.ed.jp/toshima-h/school_life/activities.html,club_ul+club_link
404040,豊島,女子ソフトボール部,運動部,https://www.metro.ed.jp/toshima-h/school_life/activities.html,club_ul+club_link
404040,豊島,バドミントン部,運動部,https://www.metro.ed.jp/toshima-h/school_life/activities.html,club_ul+club_link
404040,豊島,女子バスケットボール部,運動部,https://www.metro.ed.jp/toshima-h/school_life/activities.html,club_ul+club_link
404040,豊島,男子バスケットボール部,運動部,https://www.metro.ed.jp/toshima-h/school_life/activities.html,club_ul+club_link
404040,豊島,女子バレーボール部,運動部,https://www.metro.ed.jp/toshima-h/school_life/activities.html,club_ul+club_link
404040,豊島,男子バレーボール部,運動部,https://www.metro.ed.jp/toshima-h/school_life/activities.html,club_ul+club_link
404040,豊島,サッカー部,運動部,https://www.metro.ed.jp/toshima-h/school_life/activities.html,club_ul+club_link
404040,豊島,柔道部,運動部,https://www.metro.ed.jp/toshima-h/school_life/activities.html,club_ul+club_link
404040,豊島,ダンス部,運動部,https://www.metro.ed.jp/toshima-h/school_life/activities.html,club_ul+club_link
404050,文京,サッカー（男子）,運動部,https://www.metro.ed.jp/bunkyo-h/school_life/activities.html,club_ul
404050,文京,サッカー（女子）,運動部,https://www.metro.ed.jp/bunkyo-h/school_life/activities.html,club_ul
404050,文京,硬式野球,運動部,https://www.metro.ed.jp/bunkyo-h/school_life/activities.html,club_ul
404050,文京,男子バレーボール,運動部,https://www.metro.ed.jp/bunkyo-h/school_life/activities.html,club_ul
404050,文京,女子バレーボール,運動部,https://www.metro.ed.jp/bunkyo-h/school_life/activities.html,club_ul
404050,文京,男子バスケットボール,運動部,https://www.metro.ed.jp/bunkyo-h/school_life/activities.html,club_ul
404050,文京,女子バスケットボール,運動部,https://www.metro.ed.jp/bunkyo-h/school_life/activities.html,club_ul
404050,文京,陸上競技,運動部,https://www.metro.ed.jp/bunkyo-h/school_life/activities.html,club_ul
404050,文京,剣道,運動部,https://www.metro.ed.jp/bunkyo-h/school_life/activities.html,club_ul
404050,文京,バドミントン,運動部,https://www.metro.ed.jp/bunkyo-h/school_life/activities.html,club_ul
404050,文京,ソフトテニス,運動部,https://www.metro.ed.jp/bunkyo-h/school_life/activities.html,club_ul
404050,文京,硬式テニス,運動部,https://www.metro.ed.jp/bunkyo-h/school_life/activities.html,club_ul
404050,文京,卓球,運動部,https://www.metro.ed.jp/bunkyo-h/school_life/activities.html,club_ul
404050,文京,ダンス,運動部,https://www.metro.ed.jp/bunkyo-h/school_life/activities.html,club_ul
404050,文京,チアリーディング,運動部,https://www.metro.ed.jp/bunkyo-h/school_life/activities.html,club_ul
404050,文京,水泳,運動部,https://www.metro.ed.jp/bunkyo-h/school_life/activities.html,club_ul
404050,文京,吹奏楽,文化部,https://www.metro.ed.jp/bunkyo-h/school_life/activities.html,club_ul
404050,文京,軽音楽,文化部,https://www.metro.ed.jp/bunkyo-h/school_life/activities.html,club_ul
404050,文京,演劇,文化部,https://www.metro.ed.jp/bunkyo-h/school_life/activities.html,club_ul
404050,文京,生物,文化部,https://www.metro.ed.jp/bunkyo-h/school_life/activities.html,club_ul
404050,文京,箏曲,文化部,https://www.metro.ed.jp/bunkyo-h/school_life/activities.html,club_ul
404050,文京,家庭科,文化部,https://www.metro.ed.jp/bunkyo-h/school_life/activities.html,club_ul
404050,文京,美術,文化部,https://www.metro.ed.jp/bunkyo-h/school_life/activities.html,club_ul
404050,文京,茶道,文化部,https://www.metro.ed.jp/bunkyo-h/school_life/activities.html,club_ul
404050,文京,漫画研究,文化部,https://www.metro.ed.jp/bunkyo-h/school_life/activities.html,club_ul
404050,文京,文芸,文化部,https://www.metro.ed.jp/bunkyo-h/school_life/activities.html,club_ul
404050,文京,社会調査,文化部,https://www.metro.ed.jp/bunkyo-h/school_life/activities.html,club_ul
404050,文京,写真,文化部,https://www.metro.ed.jp/bunkyo-h/school_life/activities.html,club_ul
404210,北園,サッカー部,部活動,https://www.metro.ed.jp/kitazono-h/school_life/activities.html,club_link
404210,北園,ラグビー部,部活動,https://www.metro.ed.jp/kitazono-h/school_life/activities.html,club_link
404210,北園,バドミントン部,部活動,https://www.metro.ed.jp/kitazono-h/school_life/activities.html,club_link
404210,北園,男子バスケットボール部,部活動,https://www.metro.ed.jp/kitazono-h/school_life/activities.html,club_link
404210,北園,女子バスケットボール部,部活動,https://www.metro.ed.jp/kitazono-h/school_life/activities.html,club_link
404210,北園,男子バレーボール部,部活動,https://www.metro.ed.jp/kitazono-h/school_life/activities.html,club_link
404210,北園,女子バレーボール部,部活動,https://www.metro.ed.jp/kitazono-h/school_life/activities.html,club_link
404210,北園,硬式テニス部,部活動,https://www.metro.ed.jp/kitazono-h/school_life/activities.html,club_link
404210,北園,ソフトテニス部,部活動,https://www.metro.ed.jp/kitazono-h/school_life/activities.html,club_link
404210,北園,水泳部,部活動,https://www.metro.ed.jp/kitazono-h/school_life/activities.html,club_link
404210,北園,陸上競技部,部活動,https://www.metro.ed.jp/kitazono-h/school_life/activities.html,club_link
404210,北園,ストリートパフォーマンス部,部活動,https://www.metro.ed.jp/kitazono-h/school_life/activities.html,club_link
404210,北園,軟式野球部,部活動,https://www.metro.ed.jp/kitazono-h/school_life/activities.html,club_link
404210,北園,卓球部,部活動,https://www.metro.ed.jp/kitazono-h/school_life/activities.html,club_link
404210,北園,山岳部,部活動,https://www.metro.ed.jp/kitazono-h/school_life/activities.html,club_link
404210,北園,剣道部,部活動,https://www.metro.ed.jp/kitazono-h/school_life/activities.html,club_link
404210,北園,吹奏楽部,部活動,https://www.metro.ed.jp/kitazono-h/school_life/activities.html,club_link
404210,北園,理科研究部,部活動,https://www.metro.ed.jp/kitazono-h/school_life/activities.html,club_link
404210,北園,天文地球科学部,部活動,https://www.metro.ed.jp/kitazono-h/school_life/activities.html,club_link
404210,北園,茶道部,部活動,https://www.metro.ed.jp/kitazono-h/school_life/activities.html,club_link
404210,北園,クッキング部,部活動,https://www.metro.ed.jp/kitazono-h/school_life/activities.html,club_link
404210,北園,漫画イラスト研究部,部活動,https://www.metro.ed.jp/kitazono-h/school_life/activities.html,club_link
404210,北園,写真部,部活動,https://www.metro.ed.jp/kitazono-h/school_life/activities.html,club_link
404210,北園,演劇部,部活動,https://www.metro.ed.jp/kitazono-h/school_life/activities.html,club_link
404210,北園,美術部,部活動,https://www.metro.ed.jp/kitazono-h/school_life/activities.html,club_link
404210,北園,フリーミュージック部,部活動,https://www.metro.ed.jp/kitazono-h/school_life/activities.html,club_link
404210,北園,文芸部,部活動,https://www.metro.ed.jp/kitazono-h/school_life/activities.html,club_link
404210,北園,放送部,部活動,https://www.metro.ed.jp/kitazono-h/school_life/activities.html,club_link
404210,北園,映像研究部,部活動,https://www.metro.ed.jp/kitazono-h/school_life/activities.html,club_link
404210,北園,服飾部,部活動,https://www.metro.ed.jp/kitazono-h/school_life/activities.html,club_link
404210,北園,アコースティックハーモニー部,部活動,https://www.metro.ed.jp/kitazono-h/school_life/activities.html,club_link
404210,北園,百人一首部,部活動,https://www.metro.ed.jp/kitazono-h/school_life/activities.html,club_link
404220,板橋,硬式野球部,運動部,https://www.metro.ed.jp/itabashi-h/school_life/activities.html,club_ul+club_link
404220,板橋,卓球部,運動部,https://www.metro.ed.jp/itabashi-h/school_life/activities.html,club_ul+club_link
404220,板橋,サッカー部,運動部,https://www.metro.ed.jp/itabashi-h/school_life/activities.html,club_ul+club_link
404220,板橋,男子バスケットボール部,運動部,https://www.metro.ed.jp/itabashi-h/school_life/activities.html,club_ul+club_link
404220,板橋,女子バスケットボール部,運動部,https://www.metro.ed.jp/itabashi-h/school_life/activities.html,club_ul+club_link
404220,板橋,陸上競技部,運動部,https://www.metro.ed.jp/itabashi-h/school_life/activities.html,club_ul+club_link
404220,板橋,水泳部,運動部,https://www.metro.ed.jp/itabashi-h/school_life/activities.html,club_ul+club_link
404220,板橋,テニス部,運動部,https://www.metro.ed.jp/itabashi-h/school_life/activities.html,club_ul+club_link
404220,板橋,バドミントン部,運動部,https://www.metro.ed.jp/itabashi-h/school_life/activities.html,club_ul+club_link
404220,板橋,剣道部,運動部,https://www.metro.ed.jp/itabashi-h/school_life/activities.html,club_ul+club_link
404220,板橋,女子バレーボール部,運動部,https://www.metro.ed.jp/itabashi-h/school_life/activities.html,club_ul+club_link
404220,板橋,ダンス部,運動部,https://www.metro.ed.jp/itabashi-h/school_life/activities.html,club_ul+club_link
404220,板橋,男子バレーボール部,運動部,https://www.metro.ed.jp/itabashi-h/school_life/activities.html,club_ul+club_link
404220,板橋,演劇部,文化部,https://www.metro.ed.jp/itabashi-h/school_life/activities.html,club_ul+club_link
404220,板橋,クッキング部,文化部,https://www.metro.ed.jp/itabashi-h/school_life/activities.html,club_ul+club_link
404220,板橋,軽音楽部,文化部,https://www.metro.ed.jp/itabashi-h/school_life/activities.html,club_ul+club_link
404220,板橋,作法部,文化部,https://www.metro.ed.jp/itabashi-h/school_life/activities.html,club_ul+club_link
404220,板橋,写真部,文化部,https://www.metro.ed.jp/itabashi-h/school_life/activities.html,club_ul+club_link
404220,板橋,吹奏楽部,文化部,https://www.metro.ed.jp/itabashi-h/school_life/activities.html,club_ul+club_link
404220,板橋,生物部,文化部,https://www.metro.ed.jp/itabashi-h/school_life/activities.html,club_ul+club_link
404220,板橋,天文部,文化部,https://www.metro.ed.jp/itabashi-h/school_life/activities.html,club_ul+club_link
404220,板橋,美術部,文化部,https://www.metro.ed.jp/itabashi-h/school_life/activities.html,club_ul+club_link
404220,板橋,漫画イラスト研究部,文化部,https://www.metro.ed.jp/itabashi-h/school_life/activities.html,club_ul+club_link
404250,大山,硬式野球部,運動部,https://www.metro.ed.jp/ohyama-h/school_life/activities.html,club_ul+club_link
404250,大山,サッカー部,運動部,https://www.metro.ed.jp/ohyama-h/school_life/activities.html,club_ul+club_link
404250,大山,男子バスケットボール部,運動部,https://www.metro.ed.jp/ohyama-h/school_life/activities.html,club_ul+club_link
404250,大山,女子バスケットボール部,運動部,https://www.metro.ed.jp/ohyama-h/school_life/activities.html,club_ul+club_link
404250,大山,男子バレーボール部,運動部,https://www.metro.ed.jp/ohyama-h/school_life/activities.html,club_ul+club_link
404250,大山,女子バレーボール部,運動部,https://www.metro.ed.jp/ohyama-h/school_life/activities.html,club_ul+club_link
404250,大山,バドミントン部,運動部,https://www.metro.ed.jp/ohyama-h/school_life/activities.html,club_ul+club_link
404250,大山,硬式テニス部,運動部,https://www.metro.ed.jp/ohyama-h/school_life/activities.html,club_ul+club_link
404250,大山,柔道部,運動部,https://www.metro.ed.jp/ohyama-h/school_life/activities.html,club_ul+club_link
404250,大山,水泳部,運動部,https://www.metro.ed.jp/ohyama-h/school_life/activities.html,club_ul+club_link
404250,大山,卓球部,運動部,https://www.metro.ed.jp/ohyama-h/school_life/activities.html,club_ul+club_link
404250,大山,女子ダンス部,運動部,https://www.metro.ed.jp/ohyama-h/school_life/activities.html,club_ul+club_link
404250,大山,陸上部,運動部,https://www.metro.ed.jp/ohyama-h/school_life/activities.html,club_ul+club_link
404250,大山,フットサル部,運動部,https://www.metro.ed.jp/ohyama-h/school_life/activities.html,club_ul+club_link
404250,大山,ワンダーフォーゲル部,運動部,https://www.metro.ed.jp/ohyama-h/school_life/activities.html,club_ul+club_link
404250,大山,茶道部,文化部,https://www.metro.ed.jp/ohyama-h/school_life/activities.html,club_ul+club_link
404250,大山,吹奏楽部,文化部,https://www.metro.ed.jp/ohyama-h/school_life/activities.html,club_ul+club_link
404250,大山,和太鼓部,文化部,https://www.metro.ed.jp/ohyama-h/school_life/activities.html,club_ul+club_link
404250,大山,演劇部,文化部,https://www.metro.ed.jp/ohyama-h/school_life/activities.html,club_ul+club_link
404250,大山,写真部,文化部,https://www.metro.ed.jp/ohyama-h/school_life/activities.html,club_ul+club_link
404250,大山,美術陶芸部,文化部,https://www.metro.ed.jp/ohyama-h/school_life/activities.html,club_ul+club_link
404250,大山,家庭科部,文化部,https://www.metro.ed.jp/ohyama-h/school_life/activities.html,club_ul+club_link
404250,大山,ボランティア部,文化部,https://www.metro.ed.jp/ohyama-h/school_life/activities.html,club_ul+club_link
404250,大山,漫画研究部,文化部,https://www.metro.ed.jp/ohyama-h/school_life/activities.html,club_ul+club_link
404250,大山,軽音楽部,文化部,https://www.metro.ed.jp/ohyama-h/school_life/activities.html,club_ul+club_link
404250,大山,剣道部,部活動,https://www.metro.ed.jp/ohyama-h/school_life/activities.html,club_ul+club_link
404260,高島,ソフトテニス部,運動部,https://www.metro.ed.jp/takashima-h/school_life/activities.html,club_ul+club_link
404260,高島,硬式テニス部,運動部,https://www.metro.ed.jp/takashima-h/school_life/activities.html,club_ul+club_link
404260,高島,サッカー部,運動部,https://www.metro.ed.jp/takashima-h/school_life/activities.html,club_ul+club_link
404260,高島,硬式野球部,運動部,https://www.metro.ed.jp/takashima-h/school_life/activities.html,club_ul+club_link
404260,高島,軟式野球部,運動部,https://www.metro.ed.jp/takashima-h/school_life/activities.html,club_ul+club_link
404260,高島,剣道部,運動部,https://www.metro.ed.jp/takashima-h/school_life/activities.html,club_ul+club_link
404260,高島,卓球部,運動部,https://www.metro.ed.jp/takashima-h/school_life/activities.html,club_ul+club_link
404260,高島,水泳部,運動部,https://www.metro.ed.jp/takashima-h/school_life/activities.html,club_ul+club_link
404260,高島,ダンス部,運動部,https://www.metro.ed.jp/takashima-h/school_life/activities.html,club_ul+club_link
404260,高島,男子バスケットボール部,運動部,https://www.metro.ed.jp/takashima-h/school_life/activities.html,club_ul+club_link
404260,高島,女子バスケットボール部,運動部,https://www.metro.ed.jp/takashima-h/school_life/activities.html,club_ul+club_link
404260,高島,女子バレーボール部,運動部,https://www.metro.ed.jp/takashima-h/school_life/activities.html,club_ul+club_link
404260,高島,バトントワール部,運動部,https://www.metro.ed.jp/takashima-h/school_life/activities.html,club_ul+club_link
404260,高島,バドミントン部,運動部,https://www.metro.ed.jp/takashima-h/school_life/activities.html,club_ul+club_link
404260,高島,陸上競技部,運動部,https://www.metro.ed.jp/takashima-h/school_life/activities.html,club_ul+club_link
404260,高島,吹奏楽部,文化部,https://www.metro.ed.jp/takashima-h/school_life/activities.html,club_ul+club_link
404260,高島,コンピューター部,文化部,https://www.metro.ed.jp/takashima-h/school_life/activities.html,club_ul+club_link
404260,高島,演劇部,文化部,https://www.metro.ed.jp/takashima-h/school_life/activities.html,club_ul+club_link
404260,高島,華道部,文化部,https://www.metro.ed.jp/takashima-h/school_life/activities.html,club_ul+club_link
404260,高島,写真部,文化部,https://www.metro.ed.jp/takashima-h/school_life/activities.html,club_ul+club_link
404260,高島,軽音楽部,文化部,https://www.metro.ed.jp/takashima-h/school_life/activities.html,club_ul+club_link
404260,高島,茶道部,文化部,https://www.metro.ed.jp/takashima-h/school_life/activities.html,club_ul+club_link
404260,高島,学習部,文化部,https://www.metro.ed.jp/takashima-h/school_life/activities.html,club_ul+club_link
404260,高島,調理部,文化部,https://www.metro.ed.jp/takashima-h/school_life/activities.html,club_ul+club_link
404260,高島,筝曲部,文化部,https://www.metro.ed.jp/takashima-h/school_life/activities.html,club_ul+club_link
404260,高島,生物同好会,文化部,https://www.metro.ed.jp/takashima-h/school_life/activities.html,club_ul+club_link
404260,高島,漫画研究・美術部,文化部,https://www.metro.ed.jp/takashima-h/school_life/activities.html,club_ul+club_link
404420,王子総合,硬式野球部,部活動,https://www.metro.ed.jp/oujisogo-h/school_life/activities.html,club_link
404420,王子総合,男子サッカー部,部活動,https://www.metro.ed.jp/oujisogo-h/school_life/activities.html,club_link
404420,王子総合,女子サッカー部,部活動,https://www.metro.ed.jp/oujisogo-h/school_life/activities.html,club_link
404420,王子総合,陸上競技部,部活動,https://www.metro.ed.jp/oujisogo-h/school_life/activities.html,club_link
404420,王子総合,水泳部,部活動,https://www.metro.ed.jp/oujisogo-h/school_life/activities.html,club_link
404420,王子総合,硬式テニス部,部活動,https://www.metro.ed.jp/oujisogo-h/school_life/activities.html,club_link
404420,王子総合,男子バスケットボール部,部活動,https://www.metro.ed.jp/oujisogo-h/school_life/activities.html,club_link
404420,王子総合,女子バスケットボール部,部活動,https://www.metro.ed.jp/oujisogo-h/school_life/activities.html,club_link
404420,王子総合,男子バレーボール部,部活動,https://www.metro.ed.jp/oujisogo-h/school_life/activities.html,club_link
404420,王子総合,女子バレーボール部,部活動,https://www.metro.ed.jp/oujisogo-h/school_life/activities.html,club_link
404420,王子総合,ダンス部,部活動,https://www.metro.ed.jp/oujisogo-h/school_life/activities.html,club_link
404420,王子総合,バドミントン部,部活動,https://www.metro.ed.jp/oujisogo-h/school_life/activities.html,club_link
404420,王子総合,フェンシング部,部活動,https://www.metro.ed.jp/oujisogo-h/school_life/activities.html,club_link
404420,王子総合,剣道部,部活動,https://www.metro.ed.jp/oujisogo-h/school_life/activities.html,club_link
404420,王子総合,チアリーディング部,部活動,https://www.metro.ed.jp/oujisogo-h/school_life/activities.html,club_link
404420,王子総合,吹奏楽部,部活動,https://www.metro.ed.jp/oujisogo-h/school_life/activities.html,club_link
404420,王子総合,和太鼓部,部活動,https://www.metro.ed.jp/oujisogo-h/school_life/activities.html,club_link
404420,王子総合,イラスト部,部活動,https://www.metro.ed.jp/oujisogo-h/school_life/activities.html,club_link
404420,王子総合,パソコン部,部活動,https://www.metro.ed.jp/oujisogo-h/school_life/activities.html,club_link
404420,王子総合,美術部,部活動,https://www.metro.ed.jp/oujisogo-h/school_life/activities.html,club_link
404420,王子総合,軽音楽部,部活動,https://www.metro.ed.jp/oujisogo-h/school_life/activities.html,club_link
404420,王子総合,家庭科部,部活動,https://www.metro.ed.jp/oujisogo-h/school_life/activities.html,club_link
404420,王子総合,演劇部,部活動,https://www.metro.ed.jp/oujisogo-h/school_life/activities.html,club_link
404420,王子総合,茶道部,部活動,https://www.metro.ed.jp/oujisogo-h/school_life/activities.html,club_link
404420,王子総合,映画研究部,部活動,https://www.metro.ed.jp/oujisogo-h/school_life/activities.html,club_link
404420,王子総合,弦楽部,部活動,https://www.metro.ed.jp/oujisogo-h/school_life/activities.html,club_link
404420,王子総合,科学部,部活動,https://www.metro.ed.jp/oujisogo-h/school_life/activities.html,club_link
404510,飛鳥,硬式テニス部,運動部,https://www.metro.ed.jp/asuka-h/school_life/activities.html,club_ul+club_link
404510,飛鳥,女子サッカー部,運動部,https://www.metro.ed.jp/asuka-h/school_life/activities.html,club_ul+club_link
404510,飛鳥,男子サッカー部,運動部,https://www.metro.ed.jp/asuka-h/school_life/activities.html,club_ul+club_link
404510,飛鳥,ラクロス部,運動部,https://www.metro.ed.jp/asuka-h/school_life/activities.html,club_ul+club_link
404510,飛鳥,陸上競技部,運動部,https://www.metro.ed.jp/asuka-h/school_life/activities.html,club_ul+club_link
404510,飛鳥,男子バスケットボール部,運動部,https://www.metro.ed.jp/asuka-h/school_life/activities.html,club_ul+club_link
404510,飛鳥,女子バスケットボール部,運動部,https://www.metro.ed.jp/asuka-h/school_life/activities.html,club_ul+club_link
404510,飛鳥,女子バレーボール部,運動部,https://www.metro.ed.jp/asuka-h/school_life/activities.html,club_ul+club_link
404510,飛鳥,水泳部,運動部,https://www.metro.ed.jp/asuka-h/school_life/activities.html,club_ul+club_link
404510,飛鳥,バドミントン部,運動部,https://www.metro.ed.jp/asuka-h/school_life/activities.html,club_ul+club_link
404510,飛鳥,日本拳法部,運動部,https://www.metro.ed.jp/asuka-h/school_life/activities.html,club_ul+club_link
404510,飛鳥,剣道部,運動部,https://www.metro.ed.jp/asuka-h/school_life/activities.html,club_ul+club_link
404510,飛鳥,ダンス部,運動部,https://www.metro.ed.jp/asuka-h/school_life/activities.html,club_ul+club_link
404510,飛鳥,ソフトボール部（休部中）,運動部,https://www.metro.ed.jp/asuka-h/school_life/activities.html,club_ul+club_link
404510,飛鳥,ESS,文化部,https://www.metro.ed.jp/asuka-h/school_life/activities.html,club_ul+club_link
404510,飛鳥,写真部,文化部,https://www.metro.ed.jp/asuka-h/school_life/activities.html,club_ul+club_link
404510,飛鳥,茶道部,文化部,https://www.metro.ed.jp/asuka-h/school_life/activities.html,club_ul+club_link
404510,飛鳥,華道部,文化部,https://www.metro.ed.jp/asuka-h/school_life/activities.html,club_ul+club_link
404510,飛鳥,美術部,文化部,https://www.metro.ed.jp/asuka-h/school_life/activities.html,club_ul+club_link
404510,飛鳥,陶芸部,文化部,https://www.metro.ed.jp/asuka-h/school_life/activities.html,club_ul+club_link
404510,飛鳥,軽音楽部,文化部,https://www.metro.ed.jp/asuka-h/school_life/activities.html,club_ul+club_link
404510,飛鳥,吹奏楽部,文化部,https://www.metro.ed.jp/asuka-h/school_life/activities.html,club_ul+club_link
404510,飛鳥,映画・アニメ部,文化部,https://www.metro.ed.jp/asuka-h/school_life/activities.html,club_ul+club_link
404510,飛鳥,演劇部,文化部,https://www.metro.ed.jp/asuka-h/school_life/activities.html,club_ul+club_link
404510,飛鳥,科学部,文化部,https://www.metro.ed.jp/asuka-h/school_life/activities.html,club_ul+club_link
404510,飛鳥,弦楽オーケストラ部,文化部,https://www.metro.ed.jp/asuka-h/school_life/activities.html,club_ul+club_link
404510,飛鳥,書道部,文化部,https://www.metro.ed.jp/asuka-h/school_life/activities.html,club_ul+club_link
404510,飛鳥,クッキング同好会,文化部,https://www.metro.ed.jp/asuka-h/school_life/activities.html,club_ul+club_link
404510,飛鳥,ソフトボール部,部活動,https://www.metro.ed.jp/asuka-h/school_life/activities.html,club_ul+club_link
404510,飛鳥,合唱部,部活動,https://www.metro.ed.jp/asuka-h/school_life/activities.html,club_ul+club_link
404520,板橋有徳,男子サッカー部,運動部,https://www.metro.ed.jp/itabashiyutoku-h/school_life/activities.html,club_ul+club_link
404520,板橋有徳,男子バスケットボール部,運動部,https://www.metro.ed.jp/itabashiyutoku-h/school_life/activities.html,club_ul+club_link
404520,板橋有徳,女子バスケットボール部,運動部,https://www.metro.ed.jp/itabashiyutoku-h/school_life/activities.html,club_ul+club_link
404520,板橋有徳,女子バレーボール部,運動部,https://www.metro.ed.jp/itabashiyutoku-h/school_life/activities.html,club_ul+club_link
404520,板橋有徳,男子テニス部,運動部,https://www.metro.ed.jp/itabashiyutoku-h/school_life/activities.html,club_ul+club_link
404520,板橋有徳,女子テニス部,運動部,https://www.metro.ed.jp/itabashiyutoku-h/school_life/activities.html,club_ul+club_link
404520,板橋有徳,ダンス部,運動部,https://www.metro.ed.jp/itabashiyutoku-h/school_life/activities.html,club_ul+club_link
404520,板橋有徳,バドミントン部,運動部,https://www.metro.ed.jp/itabashiyutoku-h/school_life/activities.html,club_ul+club_link
404520,板橋有徳,ラグビー部,運動部,https://www.metro.ed.jp/itabashiyutoku-h/school_life/activities.html,club_ul+club_link
404520,板橋有徳,陸上競技部,運動部,https://www.metro.ed.jp/itabashiyutoku-h/school_life/activities.html,club_ul+club_link
404520,板橋有徳,卓球部,運動部,https://www.metro.ed.jp/itabashiyutoku-h/school_life/activities.html,club_ul+club_link
404520,板橋有徳,ハンドボール部,運動部,https://www.metro.ed.jp/itabashiyutoku-h/school_life/activities.html,club_ul+club_link
404520,板橋有徳,水泳部,運動部,https://www.metro.ed.jp/itabashiyutoku-h/school_life/activities.html,club_ul+club_link
404520,板橋有徳,剣道部,運動部,https://www.metro.ed.jp/itabashiyutoku-h/school_life/activities.html,club_ul+club_link
404520,板橋有徳,吹奏楽部,文化部,https://www.metro.ed.jp/itabashiyutoku-h/school_life/activities.html,club_ul+club_link
404520,板橋有徳,茶道部,文化部,https://www.metro.ed.jp/itabashiyutoku-h/school_life/activities.html,club_ul+club_link
404520,板橋有徳,フォークソング部,文化部,https://www.metro.ed.jp/itabashiyutoku-h/school_life/activities.html,club_ul+club_link
404520,板橋有徳,文芸部,文化部,https://www.metro.ed.jp/itabashiyutoku-h/school_life/activities.html,club_ul+club_link
404520,板橋有徳,筝曲部,文化部,https://www.metro.ed.jp/itabashiyutoku-h/school_life/activities.html,club_ul+club_link
404520,板橋有徳,料理部,文化部,https://www.metro.ed.jp/itabashiyutoku-h/school_life/activities.html,club_ul+club_link
404520,板橋有徳,パソコン部,文化部,https://www.metro.ed.jp/itabashiyutoku-h/school_life/activities.html,club_ul+club_link
404520,板橋有徳,ガーデニング部,文化部,https://www.metro.ed.jp/itabashiyutoku-h/school_life/activities.html,club_ul+club_link
404520,板橋有徳,演劇部,文化部,https://www.metro.ed.jp/itabashiyutoku-h/school_life/activities.html,club_ul+club_link
404520,板橋有徳,イラスト部,文化部,https://www.metro.ed.jp/itabashiyutoku-h/school_life/activities.html,club_ul+club_link
404520,板橋有徳,書道部,文化部,https://www.metro.ed.jp/itabashiyutoku-h/school_life/activities.html,club_ul+club_link
404520,板橋有徳,被服手芸部,文化部,https://www.metro.ed.jp/itabashiyutoku-h/school_life/activities.html,club_ul+club_link
404520,板橋有徳,写真部,文化部,https://www.metro.ed.jp/itabashiyutoku-h/school_life/activities.html,club_ul+club_link
404520,板橋有徳,数学解法研究同好会,文化部,https://www.metro.ed.jp/itabashiyutoku-h/school_life/activities.html,club_ul+club_link
404520,板橋有徳,箏曲部,部活動,https://www.metro.ed.jp/itabashiyutoku-h/school_life/activities.html,club_ul+club_link
404640,千早,女子サッカー部,運動部,https://www.metro.ed.jp/chihaya-h/school_life/activities.html,club_ul+club_link
404640,千早,男子サッカー部,運動部,https://www.metro.ed.jp/chihaya-h/school_life/activities.html,club_ul+club_link
404640,千早,硬式野球部,運動部,https://www.metro.ed.jp/chihaya-h/school_life/activities.html,club_ul+club_link
404640,千早,陸上競技部,運動部,https://www.metro.ed.jp/chihaya-h/school_life/activities.html,club_ul+club_link
404640,千早,ソフトテニス部,運動部,https://www.metro.ed.jp/chihaya-h/school_life/activities.html,club_ul+club_link
404640,千早,硬式テニス部,運動部,https://www.metro.ed.jp/chihaya-h/school_life/activities.html,club_ul+club_link
404640,千早,男子バスケット,運動部,https://www.metro.ed.jp/chihaya-h/school_life/activities.html,club_ul+club_link
404640,千早,女子バスケット,運動部,https://www.metro.ed.jp/chihaya-h/school_life/activities.html,club_ul+club_link
404640,千早,バドミントン部,運動部,https://www.metro.ed.jp/chihaya-h/school_life/activities.html,club_ul+club_link
404640,千早,女子バレー,運動部,https://www.metro.ed.jp/chihaya-h/school_life/activities.html,club_ul+club_link
404640,千早,剣道部,運動部,https://www.metro.ed.jp/chihaya-h/school_life/activities.html,club_ul+club_link
404640,千早,ダンス部,運動部,https://www.metro.ed.jp/chihaya-h/school_life/activities.html,club_ul+club_link
404640,千早,水泳部,運動部,https://www.metro.ed.jp/chihaya-h/school_life/activities.html,club_ul+club_link
404640,千早,演劇部,文化部,https://www.metro.ed.jp/chihaya-h/school_life/activities.html,club_ul+club_link
404640,千早,吹奏楽部,文化部,https://www.metro.ed.jp/chihaya-h/school_life/activities.html,club_ul+club_link
404640,千早,軽音楽部,文化部,https://www.metro.ed.jp/chihaya-h/school_life/activities.html,club_ul+club_link
404640,千早,ＭＩＣ（マンガイラスト）,文化部,https://www.metro.ed.jp/chihaya-h/school_life/activities.html,club_ul+club_link
404640,千早,和太鼓部,文化部,https://www.metro.ed.jp/chihaya-h/school_life/activities.html,club_ul+club_link
404640,千早,ＩＴ写真,文化部,https://www.metro.ed.jp/chihaya-h/school_life/activities.html,club_ul+club_link
404640,千早,英語部,文化部,https://www.metro.ed.jp/chihaya-h/school_life/activities.html,club_ul+club_link
404640,千早,ボランティア部,文化部,https://www.metro.ed.jp/chihaya-h/school_life/activities.html,club_ul+club_link
404640,千早,華道部,文化部,https://www.metro.ed.jp/chihaya-h/school_life/activities.html,club_ul+club_link
404640,千早,茶道部,文化部,https://www.metro.ed.jp/chihaya-h/school_life/activities.html,club_ul+club_link
404640,千早,競技かるた部,文化部,https://www.metro.ed.jp/chihaya-h/school_life/activities.html,club_ul+club_link
404640,千早,女子バレーボール部,部活動,https://www.metro.ed.jp/chihaya-h/school_life/activities.html,club_ul+club_link
404640,千早,男子バスケットボール部,部活動,https://www.metro.ed.jp/chihaya-h/school_life/activities.html,club_ul+club_link
404640,千早,女子バスケットボール部,部活動,https://www.metro.ed.jp/chihaya-h/school_life/activities.html,club_ul+club_link
404640,千早,IT写真部,部活動,https://www.metro.ed.jp/chihaya-h/school_life/activities.html,club_ul+club_link
404710,工芸,グラスアート部,部活動,https://www.metro.ed.jp/kogei-h/school_life/activities.html,club_ul+club_link
404710,工芸,サッカー部,部活動,https://www.metro.ed.jp/kogei-h/school_life/activities.html,club_ul+club_link
404710,工芸,バスケットボール部,部活動,https://www.metro.ed.jp/kogei-h/school_life/activities.html,club_ul+club_link
404710,工芸,バドミントン部,部活動,https://www.metro.ed.jp/kogei-h/school_life/activities.html,club_ul+club_link
404710,工芸,剣道部,部活動,https://www.metro.ed.jp/kogei-h/school_life/activities.html,club_ul+club_link
404710,工芸,水泳部,部活動,https://www.metro.ed.jp/kogei-h/school_life/activities.html,club_ul+club_link
404710,工芸,陶芸部,部活動,https://www.metro.ed.jp/kogei-h/school_life/activities.html,club_ul+club_link
404710,工芸,茶華道部,部活動,https://www.metro.ed.jp/kogei-h/school_life/activities.html,club_ul+club_link
404710,工芸,陸上競技部,部活動,https://www.metro.ed.jp/kogei-h/school_life/activities.html,club_ul+club_link
404710,工芸,山岳部,部活動,https://www.metro.ed.jp/kogei-h/school_life/activities.html,club_ul+club_link
404710,工芸,写真部,部活動,https://www.metro.ed.jp/kogei-h/school_life/activities.html,club_ul+club_link
404710,工芸,美術部,部活動,https://www.metro.ed.jp/kogei-h/school_life/activities.html,club_ul+club_link
404710,工芸,バレーボール部,部活動,https://www.metro.ed.jp/kogei-h/school_life/activities.html,club_ul+club_link
404710,工芸,空手部,部活動,https://www.metro.ed.jp/kogei-h/school_life/activities.html,club_ul+club_link
404710,工芸,軟式野球部,部活動,https://www.metro.ed.jp/kogei-h/school_life/activities.html,club_ul+club_link
404710,工芸,柔道部,部活動,https://www.metro.ed.jp/kogei-h/school_life/activities.html,club_ul+club_link
404710,工芸,演劇部,部活動,https://www.metro.ed.jp/kogei-h/school_life/activities.html,club_ul+club_link
404710,工芸,硬式テニス部,部活動,https://www.metro.ed.jp/kogei-h/school_life/activities.html,club_ul+club_link
404710,工芸,漫画研究部,部活動,https://www.metro.ed.jp/kogei-h/school_life/activities.html,club_ul+club_link
404710,工芸,映画研究部,部活動,https://www.metro.ed.jp/kogei-h/school_life/activities.html,club_ul+club_link
404710,工芸,クラフト部,部活動,https://www.metro.ed.jp/kogei-h/school_life/activities.html,club_ul+club_link
404710,工芸,模型部,部活動,https://www.metro.ed.jp/kogei-h/school_life/activities.html,club_ul+club_link
404710,工芸,理科部,部活動,https://www.metro.ed.jp/kogei-h/school_life/activities.html,club_ul+club_link
404710,工芸,囲碁部,部活動,https://www.metro.ed.jp/kogei-h/school_life/activities.html,club_ul+club_link
404710,工芸,卓球部,部活動,https://www.metro.ed.jp/kogei-h/school_life/activities.html,club_ul+club_link
404710,工芸,体操部,部活動,https://www.metro.ed.jp/kogei-h/school_life/activities.html,club_ul+club_link
404710,工芸,音楽部,部活動,https://www.metro.ed.jp/kogei-h/school_life/activities.html,club_ul+club_link
404710,工芸,テクニカル部,部活動,https://www.metro.ed.jp/kogei-h/school_life/activities.html,club_ul+club_link
404710,工芸,文芸部,部活動,https://www.metro.ed.jp/kogei-h/school_life/activities.html,club_ul+club_link
404730,北豊島工科,野球部,部活動,https://www.metro.ed.jp/kitatoshimakoka-h/school_life/activities.html,club_link
404730,北豊島工科,軽音楽部,部活動,https://www.metro.ed.jp/kitatoshimakoka-h/school_life/activities.html,club_link
404730,北豊島工科,サッカー部,部活動,https://www.metro.ed.jp/kitatoshimakoka-h/school_life/activities.html,club_link
404730,北豊島工科,バスケットボール部,部活動,https://www.metro.ed.jp/kitatoshimakoka-h/school_life/activities.html,club_link
404730,北豊島工科,男子バレーボール部,部活動,https://www.metro.ed.jp/kitatoshimakoka-h/school_life/activities.html,club_link
404730,北豊島工科,卓球部,部活動,https://www.metro.ed.jp/kitatoshimakoka-h/school_life/activities.html,club_link
404730,北豊島工科,柔道部,部活動,https://www.metro.ed.jp/kitatoshimakoka-h/school_life/activities.html,club_link
404730,北豊島工科,剣道部,部活動,https://www.metro.ed.jp/kitatoshimakoka-h/school_life/activities.html,club_link
404730,北豊島工科,水泳部,部活動,https://www.metro.ed.jp/kitatoshimakoka-h/school_life/activities.html,club_link
404730,北豊島工科,陸上競技部,部活動,https://www.metro.ed.jp/kitatoshimakoka-h/school_life/activities.html,club_link
404730,北豊島工科,釣り部,部活動,https://www.metro.ed.jp/kitatoshimakoka-h/school_life/activities.html,club_link
404730,北豊島工科,バドミントン部,部活動,https://www.metro.ed.jp/kitatoshimakoka-h/school_life/activities.html,club_link
404730,北豊島工科,硬式テニス部,部活動,https://www.metro.ed.jp/kitatoshimakoka-h/school_life/activities.html,club_link
404730,北豊島工科,空手道部,部活動,https://www.metro.ed.jp/kitatoshimakoka-h/school_life/activities.html,club_link
404730,北豊島工科,ソフトテニス部,部活動,https://www.metro.ed.jp/kitatoshimakoka-h/school_life/activities.html,club_link
404730,北豊島工科,写真部,部活動,https://www.metro.ed.jp/kitatoshimakoka-h/school_life/activities.html,club_link
404730,北豊島工科,理化部,部活動,https://www.metro.ed.jp/kitatoshimakoka-h/school_life/activities.html,club_link
404730,北豊島工科,現代視覚文化研究部,部活動,https://www.metro.ed.jp/kitatoshimakoka-h/school_life/activities.html,club_link
404730,北豊島工科,機械工作部,部活動,https://www.metro.ed.jp/kitatoshimakoka-h/school_life/activities.html,club_link
404730,北豊島工科,美術部,部活動,https://www.metro.ed.jp/kitatoshimakoka-h/school_life/activities.html,club_link
404730,北豊島工科,電力部,部活動,https://www.metro.ed.jp/kitatoshimakoka-h/school_life/activities.html,club_link
404730,北豊島工科,コンピュータ部,部活動,https://www.metro.ed.jp/kitatoshimakoka-h/school_life/activities.html,club_link
404730,北豊島工科,園芸部,部活動,https://www.metro.ed.jp/kitatoshimakoka-h/school_life/activities.html,club_link
404730,北豊島工科,料理部,部活動,https://www.metro.ed.jp/kitatoshimakoka-h/school_life/activities.html,club_link
404730,北豊島工科,無線技術部,部活動,https://www.metro.ed.jp/kitatoshimakoka-h/school_life/activities.html,club_link
404730,北豊島工科,囲碁・将棋部,部活動,https://www.metro.ed.jp/kitatoshimakoka-h/school_life/activities.html,club_link
404730,北豊島工科,数学部,部活動,https://www.metro.ed.jp/kitatoshimakoka-h/school_life/activities.html,club_link
404730,北豊島工科,英語部,部活動,https://www.metro.ed.jp/kitatoshimakoka-h/school_life/activities.html,club_link
404730,北豊島工科,立体創作部,部活動,https://www.metro.ed.jp/kitatoshimakoka-h/school_life/activities.html,club_link
404730,北豊島工科,デジタル・ドローン・防災部,部活動,https://www.metro.ed.jp/kitatoshimakoka-h/school_life/activities.html,club_link
404910,赤羽北桜,男女バスケットボール部,部活動,https://www.metro.ed.jp/akabanehokuo-h/school_life/activities.html,club_link
404910,赤羽北桜,女子バレーボール部,部活動,https://www.metro.ed.jp/akabanehokuo-h/school_life/activities.html,club_link
404910,赤羽北桜,男女サッカー部,部活動,https://www.metro.ed.jp/akabanehokuo-h/school_life/activities.html,club_link
404910,赤羽北桜,バドミントン部,部活動,https://www.metro.ed.jp/akabanehokuo-h/school_life/activities.html,club_link
404910,赤羽北桜,卓球部,部活動,https://www.metro.ed.jp/akabanehokuo-h/school_life/activities.html,club_link
404910,赤羽北桜,男女テニス部,部活動,https://www.metro.ed.jp/akabanehokuo-h/school_life/activities.html,club_link
404910,赤羽北桜,ダンス部,部活動,https://www.metro.ed.jp/akabanehokuo-h/school_life/activities.html,club_link
404910,赤羽北桜,男子バレーボール部,部活動,https://www.metro.ed.jp/akabanehokuo-h/school_life/activities.html,club_link
404910,赤羽北桜,剣道部,部活動,https://www.metro.ed.jp/akabanehokuo-h/school_life/activities.html,club_link
404910,赤羽北桜,吹奏楽部,部活動,https://www.metro.ed.jp/akabanehokuo-h/school_life/activities.html,club_link
404910,赤羽北桜,軽音楽部,部活動,https://www.metro.ed.jp/akabanehokuo-h/school_life/activities.html,club_link
404910,赤羽北桜,アート部,部活動,https://www.metro.ed.jp/akabanehokuo-h/school_life/activities.html,club_link
404910,赤羽北桜,演劇部,部活動,https://www.metro.ed.jp/akabanehokuo-h/school_life/activities.html,club_link
404910,赤羽北桜,料理部,部活動,https://www.metro.ed.jp/akabanehokuo-h/school_life/activities.html,club_link
404910,赤羽北桜,社会福祉部,部活動,https://www.metro.ed.jp/akabanehokuo-h/school_life/activities.html,club_link
404910,赤羽北桜,陸上競技同好会,部活動,https://www.metro.ed.jp/akabanehokuo-h/school_life/activities.html,club_link
405050,忍岡,弓道,,https://www.metro.ed.jp/shinobugaoka-h/school_life/activities.html,club_link
405050,忍岡,剣道,,https://www.metro.ed.jp/shinobugaoka-h/school_life/activities.html,club_link
405050,忍岡,テニス,,https://www.metro.ed.jp/shinobugaoka-h/school_life/activities.html,club_link
405050,忍岡,ダンス,,https://www.metro.ed.jp/shinobugaoka-h/school_life/activities.html,club_link
405050,忍岡,女子バスケットボール,,https://www.metro.ed.jp/shinobugaoka-h/school_life/activities.html,club_link
405050,忍岡,男子バスケットボール,,https://www.metro.ed.jp/shinobugaoka-h/school_life/activities.html,club_link
405050,忍岡,男女バドミントン,,https://www.metro.ed.jp/shinobugaoka-h/school_life/activities.html,club_link
405050,忍岡,女子バレーボール,,https://www.metro.ed.jp/shinobugaoka-h/school_life/activities.html,club_link
405050,忍岡,男子バレーボール,,https://www.metro.ed.jp/shinobugaoka-h/school_life/activities.html,club_link
405050,忍岡,フットサル,,https://www.metro.ed.jp/shinobugaoka-h/school_life/activities.html,club_link
405050,忍岡,陸上競技,,https://www.metro.ed.jp/shinobugaoka-h/school_life/activities.html,club_link
405050,忍岡,英語,,https://www.metro.ed.jp/shinobugaoka-h/school_life/activities.html,club_link
405050,忍岡,演劇,,https://www.metro.ed.jp/shinobugaoka-h/school_life/activities.html,club_link
405050,忍岡,クッキング,,https://www.metro.ed.jp/shinobugaoka-h/school_life/activities.html,club_link
405050,忍岡,軽音楽,,https://www.metro.ed.jp/shinobugaoka-h/school_life/activities.html,club_link
405050,忍岡,茶道,,https://www.metro.ed.jp/shinobugaoka-h/school_life/activities.html,club_link
405050,忍岡,写真,,https://www.metro.ed.jp/shinobugaoka-h/school_life/activities.html,club_link
405050,忍岡,吹奏楽,,https://www.metro.ed.jp/shinobugaoka-h/school_life/activities.html,club_link
405050,忍岡,箏曲,,https://www.metro.ed.jp/shinobugaoka-h/school_life/activities.html,club_link
405050,忍岡,パソコン,,https://www.metro.ed.jp/shinobugaoka-h/school_life/activities.html,club_link
405050,忍岡,美術,,https://www.metro.ed.jp/shinobugaoka-h/school_life/activities.html,club_link
405050,忍岡,百人一首,,https://www.metro.ed.jp/shinobugaoka-h/school_life/activities.html,club_link
405050,忍岡,ファッション,,https://www.metro.ed.jp/shinobugaoka-h/school_life/activities.html,club_link
405050,忍岡,物理研究,,https://www.metro.ed.jp/shinobugaoka-h/school_life/activities.html,club_link
405050,忍岡,文芸,,https://www.metro.ed.jp/shinobugaoka-h/school_life/activities.html,club_link
405050,忍岡,放送,,https://www.metro.ed.jp/shinobugaoka-h/school_life/activities.html,club_link
405050,忍岡,漫画研究,,https://www.metro.ed.jp/shinobugaoka-h/school_life/activities.html,club_link
405050,忍岡,生物同好会,,https://www.metro.ed.jp/shinobugaoka-h/school_life/activities.html,club_link
405060,上野,空手道部,部活動,https://www.metro.ed.jp/ueno-h/school_life/activities.html,club_link
405060,上野,剣道部,部活動,https://www.metro.ed.jp/ueno-h/school_life/activities.html,club_link
405060,上野,硬式テニス部,部活動,https://www.metro.ed.jp/ueno-h/school_life/activities.html,club_link
405060,上野,柔道（錬身）部,部活動,https://www.metro.ed.jp/ueno-h/school_life/activities.html,club_link
405060,上野,水泳部,部活動,https://www.metro.ed.jp/ueno-h/school_life/activities.html,club_link
405060,上野,ソフトテニス部,部活動,https://www.metro.ed.jp/ueno-h/school_life/activities.html,club_link
405060,上野,卓球部,部活動,https://www.metro.ed.jp/ueno-h/school_life/activities.html,club_link
405060,上野,ダンス部,部活動,https://www.metro.ed.jp/ueno-h/school_life/activities.html,club_link
405060,上野,バドミントン部,部活動,https://www.metro.ed.jp/ueno-h/school_life/activities.html,club_link
405060,上野,ハンドボール部,部活動,https://www.metro.ed.jp/ueno-h/school_life/activities.html,club_link
405060,上野,陸上競技部,部活動,https://www.metro.ed.jp/ueno-h/school_life/activities.html,club_link
405060,上野,アコースティックギター部,部活動,https://www.metro.ed.jp/ueno-h/school_life/activities.html,club_link
405060,上野,囲碁将棋部,部活動,https://www.metro.ed.jp/ueno-h/school_life/activities.html,club_link
405060,上野,演劇部,部活動,https://www.metro.ed.jp/ueno-h/school_life/activities.html,club_link
405060,上野,合唱部,部活動,https://www.metro.ed.jp/ueno-h/school_life/activities.html,club_link
405060,上野,軽音楽部,部活動,https://www.metro.ed.jp/ueno-h/school_life/activities.html,club_link
405060,上野,茶道部,部活動,https://www.metro.ed.jp/ueno-h/school_life/activities.html,club_link
405060,上野,写真部,部活動,https://www.metro.ed.jp/ueno-h/school_life/activities.html,club_link
405060,上野,吹奏楽部,部活動,https://www.metro.ed.jp/ueno-h/school_life/activities.html,club_link
405060,上野,生物部,部活動,https://www.metro.ed.jp/ueno-h/school_life/activities.html,club_link
405060,上野,天文地学部,部活動,https://www.metro.ed.jp/ueno-h/school_life/activities.html,club_link
405060,上野,美術部,部活動,https://www.metro.ed.jp/ueno-h/school_life/activities.html,club_link
405060,上野,文芸部,部活動,https://www.metro.ed.jp/ueno-h/school_life/activities.html,club_link
405060,上野,漫画研究部,部活動,https://www.metro.ed.jp/ueno-h/school_life/activities.html,club_link
405060,上野,料理研究部,部活動,https://www.metro.ed.jp/ueno-h/school_life/activities.html,club_link
405060,上野,クイズ研究部,部活動,https://www.metro.ed.jp/ueno-h/school_life/activities.html,club_link
405070,竹台,弓道部,運動部,https://www.metro.ed.jp/takenodai-h/school_life/activities.html,club_ul+club_link
405070,竹台,剣道部,運動部,https://www.metro.ed.jp/takenodai-h/school_life/activities.html,club_ul+club_link
405070,竹台,サッカー部,運動部,https://www.metro.ed.jp/takenodai-h/school_life/activities.html,club_ul+club_link
405070,竹台,水泳部,運動部,https://www.metro.ed.jp/takenodai-h/school_life/activities.html,club_ul+club_link
405070,竹台,ダンス部,運動部,https://www.metro.ed.jp/takenodai-h/school_life/activities.html,club_ul+club_link
405070,竹台,テニス部,運動部,https://www.metro.ed.jp/takenodai-h/school_life/activities.html,club_ul+club_link
405070,竹台,男子バスケットボール部,運動部,https://www.metro.ed.jp/takenodai-h/school_life/activities.html,club_ul+club_link
405070,竹台,女子バスケットボール部,運動部,https://www.metro.ed.jp/takenodai-h/school_life/activities.html,club_ul+club_link
405070,竹台,バドミントン部,運動部,https://www.metro.ed.jp/takenodai-h/school_life/activities.html,club_ul+club_link
405070,竹台,男子バレーボール部,運動部,https://www.metro.ed.jp/takenodai-h/school_life/activities.html,club_ul+club_link
405070,竹台,女子バレーボール部,運動部,https://www.metro.ed.jp/takenodai-h/school_life/activities.html,club_ul+club_link
405070,竹台,硬式野球部,運動部,https://www.metro.ed.jp/takenodai-h/school_life/activities.html,club_ul+club_link
405070,竹台,演劇部,文化部,https://www.metro.ed.jp/takenodai-h/school_life/activities.html,club_ul+club_link
405070,竹台,外国文化研究部,文化部,https://www.metro.ed.jp/takenodai-h/school_life/activities.html,club_ul+club_link
405070,竹台,華道部,文化部,https://www.metro.ed.jp/takenodai-h/school_life/activities.html,club_ul+club_link
405070,竹台,クッキング部,文化部,https://www.metro.ed.jp/takenodai-h/school_life/activities.html,club_ul+club_link
405070,竹台,軽音楽部,文化部,https://www.metro.ed.jp/takenodai-h/school_life/activities.html,club_ul+club_link
405070,竹台,茶道部,文化部,https://www.metro.ed.jp/takenodai-h/school_life/activities.html,club_ul+club_link
405070,竹台,写真部,文化部,https://www.metro.ed.jp/takenodai-h/school_life/activities.html,club_ul+club_link
405070,竹台,吹奏楽部,文化部,https://www.metro.ed.jp/takenodai-h/school_life/activities.html,club_ul+club_link
405070,竹台,天文部,文化部,https://www.metro.ed.jp/takenodai-h/school_life/activities.html,club_ul+club_link
405070,竹台,情報技術部,文化部,https://www.metro.ed.jp/takenodai-h/school_life/activities.html,club_ul+club_link
405070,竹台,美術部,文化部,https://www.metro.ed.jp/takenodai-h/school_life/activities.html,club_ul+club_link
405070,竹台,文芸部,文化部,https://www.metro.ed.jp/takenodai-h/school_life/activities.html,club_ul+club_link
405070,竹台,放送部,文化部,https://www.metro.ed.jp/takenodai-h/school_life/activities.html,club_ul+club_link
405070,竹台,アニメ研究部,文化部,https://www.metro.ed.jp/takenodai-h/school_life/activities.html,club_ul+club_link
405070,竹台,トレーニング同好会,同好会,https://www.metro.ed.jp/takenodai-h/school_life/activities.html,club_ul+club_link
405210,足立,サッカー部,運動部,https://www.metro.ed.jp/adachi-h/school_life/activities.html,club_ul+club_link
405210,足立,陸上競技部,運動部,https://www.metro.ed.jp/adachi-h/school_life/activities.html,club_ul+club_link
405210,足立,男子バスケットボール部,運動部,https://www.metro.ed.jp/adachi-h/school_life/activities.html,club_ul+club_link
405210,足立,女子バスケットボール部,運動部,https://www.metro.ed.jp/adachi-h/school_life/activities.html,club_ul+club_link
405210,足立,女子バレーボール部,運動部,https://www.metro.ed.jp/adachi-h/school_life/activities.html,club_ul+club_link
405210,足立,バドミントン部,運動部,https://www.metro.ed.jp/adachi-h/school_life/activities.html,club_ul+club_link
405210,足立,ダンス部,運動部,https://www.metro.ed.jp/adachi-h/school_life/activities.html,club_ul+club_link
405210,足立,軟式野球部,運動部,https://www.metro.ed.jp/adachi-h/school_life/activities.html,club_ul+club_link
405210,足立,剣道部,運動部,https://www.metro.ed.jp/adachi-h/school_life/activities.html,club_ul+club_link
405210,足立,水泳部,運動部,https://www.metro.ed.jp/adachi-h/school_life/activities.html,club_ul+club_link
405210,足立,ラグビー部,運動部,https://www.metro.ed.jp/adachi-h/school_life/activities.html,club_ul+club_link
405210,足立,男子テニス部,運動部,https://www.metro.ed.jp/adachi-h/school_life/activities.html,club_ul+club_link
405210,足立,女子テニス部,運動部,https://www.metro.ed.jp/adachi-h/school_life/activities.html,club_ul+club_link
405210,足立,卓球部,運動部,https://www.metro.ed.jp/adachi-h/school_life/activities.html,club_ul+club_link
405210,足立,男子バレーボール同好会,運動部,https://www.metro.ed.jp/adachi-h/school_life/activities.html,club_ul+club_link
405210,足立,演劇部,文化部,https://www.metro.ed.jp/adachi-h/school_life/activities.html,club_ul+club_link
405210,足立,茶道部,文化部,https://www.metro.ed.jp/adachi-h/school_life/activities.html,club_ul+club_link
405210,足立,吹奏楽部,文化部,https://www.metro.ed.jp/adachi-h/school_life/activities.html,club_ul+club_link
405210,足立,くっきんぐ部,文化部,https://www.metro.ed.jp/adachi-h/school_life/activities.html,club_ul+club_link
405210,足立,生物部,文化部,https://www.metro.ed.jp/adachi-h/school_life/activities.html,club_ul+club_link
405210,足立,美術部,文化部,https://www.metro.ed.jp/adachi-h/school_life/activities.html,club_ul+club_link
405210,足立,放送部,文化部,https://www.metro.ed.jp/adachi-h/school_life/activities.html,club_ul+club_link
405210,足立,音楽村,文化部,https://www.metro.ed.jp/adachi-h/school_life/activities.html,club_ul+club_link
405210,足立,ストリングオーケストラ部,文化部,https://www.metro.ed.jp/adachi-h/school_life/activities.html,club_ul+club_link
405210,足立,囲碁部,文化部,https://www.metro.ed.jp/adachi-h/school_life/activities.html,club_ul+club_link
405210,足立,アニメーション研究部,文化部,https://www.metro.ed.jp/adachi-h/school_life/activities.html,club_ul+club_link
405210,足立,書道同好会,文化部,https://www.metro.ed.jp/adachi-h/school_life/activities.html,club_ul+club_link
405210,足立,競技かるた部,部活動,https://www.metro.ed.jp/adachi-h/school_life/activities.html,club_ul+club_link
405220,江北,軟式野球部,運動部,https://www.metro.ed.jp/kohoku-h/school_life/activities.html,club_ul+club_link
405220,江北,ソフトボール部,運動部,https://www.metro.ed.jp/kohoku-h/school_life/activities.html,club_ul+club_link
405220,江北,サッカー部,運動部,https://www.metro.ed.jp/kohoku-h/school_life/activities.html,club_ul+club_link
405220,江北,ソフトテニス部,運動部,https://www.metro.ed.jp/kohoku-h/school_life/activities.html,club_ul+club_link
405220,江北,硬式テニス部,運動部,https://www.metro.ed.jp/kohoku-h/school_life/activities.html,club_ul+club_link
405220,江北,陸上競技部,運動部,https://www.metro.ed.jp/kohoku-h/school_life/activities.html,club_ul+club_link
405220,江北,男子バスケットボール部,運動部,https://www.metro.ed.jp/kohoku-h/school_life/activities.html,club_ul+club_link
405220,江北,女子バスケットボール部,運動部,https://www.metro.ed.jp/kohoku-h/school_life/activities.html,club_ul+club_link
405220,江北,男子バレーボール部,運動部,https://www.metro.ed.jp/kohoku-h/school_life/activities.html,club_ul+club_link
405220,江北,女子バレーボール部,運動部,https://www.metro.ed.jp/kohoku-h/school_life/activities.html,club_ul+club_link
405220,江北,バドミントン部,運動部,https://www.metro.ed.jp/kohoku-h/school_life/activities.html,club_ul+club_link
405220,江北,卓球部,運動部,https://www.metro.ed.jp/kohoku-h/school_life/activities.html,club_ul+club_link
405220,江北,体操部,運動部,https://www.metro.ed.jp/kohoku-h/school_life/activities.html,club_ul+club_link
405220,江北,ダンス部,運動部,https://www.metro.ed.jp/kohoku-h/school_life/activities.html,club_ul+club_link
405220,江北,フリークライミング部,運動部,https://www.metro.ed.jp/kohoku-h/school_life/activities.html,club_ul+club_link
405220,江北,水泳部,運動部,https://www.metro.ed.jp/kohoku-h/school_life/activities.html,club_ul+club_link
405220,江北,剣道部,運動部,https://www.metro.ed.jp/kohoku-h/school_life/activities.html,club_ul+club_link
405220,江北,柔道部,運動部,https://www.metro.ed.jp/kohoku-h/school_life/activities.html,club_ul+club_link
405220,江北,吹奏楽部,学芸部,https://www.metro.ed.jp/kohoku-h/school_life/activities.html,club_ul+club_link
405220,江北,弦楽部,学芸部,https://www.metro.ed.jp/kohoku-h/school_life/activities.html,club_ul+club_link
405220,江北,箏曲部,学芸部,https://www.metro.ed.jp/kohoku-h/school_life/activities.html,club_ul+club_link
405220,江北,和太鼓部,学芸部,https://www.metro.ed.jp/kohoku-h/school_life/activities.html,club_ul+club_link
405220,江北,合唱部,学芸部,https://www.metro.ed.jp/kohoku-h/school_life/activities.html,club_ul+club_link
405220,江北,軽音楽部（音楽村）,学芸部,https://www.metro.ed.jp/kohoku-h/school_life/activities.html,club_ul+club_link
405220,江北,アコースティックギター部,学芸部,https://www.metro.ed.jp/kohoku-h/school_life/activities.html,club_ul+club_link
405220,江北,理化部 化学,学芸部,https://www.metro.ed.jp/kohoku-h/school_life/activities.html,club_ul+club_link
405220,江北,理化部 物理・コンピュータ,学芸部,https://www.metro.ed.jp/kohoku-h/school_life/activities.html,club_ul+club_link
405220,江北,理化部 天文・地学,学芸部,https://www.metro.ed.jp/kohoku-h/school_life/activities.html,club_ul+club_link
405220,江北,生物部,学芸部,https://www.metro.ed.jp/kohoku-h/school_life/activities.html,club_ul+club_link
405220,江北,茶道部,学芸部,https://www.metro.ed.jp/kohoku-h/school_life/activities.html,club_ul+club_link
405220,江北,華道部,学芸部,https://www.metro.ed.jp/kohoku-h/school_life/activities.html,club_ul+club_link
405220,江北,演劇部,学芸部,https://www.metro.ed.jp/kohoku-h/school_life/activities.html,club_ul+club_link
405220,江北,放送部,学芸部,https://www.metro.ed.jp/kohoku-h/school_life/activities.html,club_ul+club_link
405220,江北,調理部,学芸部,https://www.metro.ed.jp/kohoku-h/school_life/activities.html,club_ul+club_link
405220,江北,美術部,学芸部,https://www.metro.ed.jp/kohoku-h/school_life/activities.html,club_ul+club_link
405220,江北,漫画研究部,学芸部,https://www.metro.ed.jp/kohoku-h/school_life/activities.html,club_ul+club_link
405220,江北,写真同好会,学芸部,https://www.metro.ed.jp/kohoku-h/school_life/activities.html,club_ul+club_link
405220,江北,競技かるた部,学芸部,https://www.metro.ed.jp/kohoku-h/school_life/activities.html,club_ul+club_link
405220,江北,物理・コンピュータ部,学芸部,https://www.metro.ed.jp/kohoku-h/school_life/activities.html,club_ul+club_link
405230,淵江,硬式野球部,運動部,https://www.metro.ed.jp/fuchie-h/school_life/activities.html,club_ul+club_link
405230,淵江,男子バスケットボール部,運動部,https://www.metro.ed.jp/fuchie-h/school_life/activities.html,club_ul+club_link
405230,淵江,女子バスケットボール部,運動部,https://www.metro.ed.jp/fuchie-h/school_life/activities.html,club_ul+club_link
405230,淵江,男子バレーボール部,運動部,https://www.metro.ed.jp/fuchie-h/school_life/activities.html,club_ul+club_link
405230,淵江,女子バレーボール部,運動部,https://www.metro.ed.jp/fuchie-h/school_life/activities.html,club_ul+club_link
405230,淵江,バドミントン部,運動部,https://www.metro.ed.jp/fuchie-h/school_life/activities.html,club_ul+club_link
405230,淵江,柔道部,運動部,https://www.metro.ed.jp/fuchie-h/school_life/activities.html,club_ul+club_link
405230,淵江,剣道部,運動部,https://www.metro.ed.jp/fuchie-h/school_life/activities.html,club_ul+club_link
405230,淵江,卓球部,運動部,https://www.metro.ed.jp/fuchie-h/school_life/activities.html,club_ul+club_link
405230,淵江,女子硬式テニス部,運動部,https://www.metro.ed.jp/fuchie-h/school_life/activities.html,club_ul+club_link
405230,淵江,男子硬式テニス部,運動部,https://www.metro.ed.jp/fuchie-h/school_life/activities.html,club_ul+club_link
405230,淵江,陸上競技部,運動部,https://www.metro.ed.jp/fuchie-h/school_life/activities.html,club_ul+club_link
405230,淵江,サッカー部,運動部,https://www.metro.ed.jp/fuchie-h/school_life/activities.html,club_ul+club_link
405230,淵江,ダンス部,運動部,https://www.metro.ed.jp/fuchie-h/school_life/activities.html,club_ul+club_link
405230,淵江,水泳部,運動部,https://www.metro.ed.jp/fuchie-h/school_life/activities.html,club_ul+club_link
405230,淵江,ビーチボールバレー部,運動部,https://www.metro.ed.jp/fuchie-h/school_life/activities.html,club_ul+club_link
405230,淵江,和太鼓部,文化部,https://www.metro.ed.jp/fuchie-h/school_life/activities.html,club_ul+club_link
405230,淵江,コーラスパフォーマンス部,文化部,https://www.metro.ed.jp/fuchie-h/school_life/activities.html,club_ul+club_link
405230,淵江,軽音楽部,文化部,https://www.metro.ed.jp/fuchie-h/school_life/activities.html,club_ul+club_link
405230,淵江,放送部,文化部,https://www.metro.ed.jp/fuchie-h/school_life/activities.html,club_ul+club_link
405230,淵江,天文地学部,文化部,https://www.metro.ed.jp/fuchie-h/school_life/activities.html,club_ul+club_link
405230,淵江,物理コンピュータ部,文化部,https://www.metro.ed.jp/fuchie-h/school_life/activities.html,club_ul+club_link
405230,淵江,吹奏楽部,文化部,https://www.metro.ed.jp/fuchie-h/school_life/activities.html,club_ul+club_link
405230,淵江,家庭科部,文化部,https://www.metro.ed.jp/fuchie-h/school_life/activities.html,club_ul+club_link
405230,淵江,演劇部,文化部,https://www.metro.ed.jp/fuchie-h/school_life/activities.html,club_ul+club_link
405230,淵江,美術部,文化部,https://www.metro.ed.jp/fuchie-h/school_life/activities.html,club_ul+club_link
405230,淵江,茶道部,文化部,https://www.metro.ed.jp/fuchie-h/school_life/activities.html,club_ul+club_link
405230,淵江,華道部,文化部,https://www.metro.ed.jp/fuchie-h/school_life/activities.html,club_ul+club_link
405230,淵江,書道部,文化部,https://www.metro.ed.jp/fuchie-h/school_life/activities.html,club_ul+club_link
405230,淵江,イラスト部,文化部,https://www.metro.ed.jp/fuchie-h/school_life/activities.html,club_ul+club_link
405230,淵江,英語部,文化部,https://www.metro.ed.jp/fuchie-h/school_life/activities.html,club_ul+club_link
405230,淵江,化学同好会,文化部,https://www.metro.ed.jp/fuchie-h/school_life/activities.html,club_ul+club_link
405230,淵江,写真同好会,文化部,https://www.metro.ed.jp/fuchie-h/school_life/activities.html,club_ul+club_link
405230,淵江,硬式テニス部,部活動・生徒会,https://www.metro.ed.jp/fuchie-h/school_life/activities.html,club_ul+club_link
405230,淵江,検定同好会,部活動・生徒会,https://www.metro.ed.jp/fuchie-h/school_life/activities.html,club_ul+club_link
405240,足立西,硬式野球部,運動部,https://www.metro.ed.jp/adachinishi-h/school_life/activities.html,club_ul+club_link
405240,足立西,サッカー部,運動部,https://www.metro.ed.jp/adachinishi-h/school_life/activities.html,club_ul+club_link
405240,足立西,女子バレーボール部,運動部,https://www.metro.ed.jp/adachinishi-h/school_life/activities.html,club_ul+club_link
405240,足立西,男子バレーボール部,運動部,https://www.metro.ed.jp/adachinishi-h/school_life/activities.html,club_ul+club_link
405240,足立西,女子バスケットボール部,運動部,https://www.metro.ed.jp/adachinishi-h/school_life/activities.html,club_ul+club_link
405240,足立西,男子バスケットボール部,運動部,https://www.metro.ed.jp/adachinishi-h/school_life/activities.html,club_ul+club_link
405240,足立西,硬式テニス部,運動部,https://www.metro.ed.jp/adachinishi-h/school_life/activities.html,club_ul+club_link
405240,足立西,ソフトテニス部,運動部,https://www.metro.ed.jp/adachinishi-h/school_life/activities.html,club_ul+club_link
405240,足立西,バドミントン部,運動部,https://www.metro.ed.jp/adachinishi-h/school_life/activities.html,club_ul+club_link
405240,足立西,剣道部,運動部,https://www.metro.ed.jp/adachinishi-h/school_life/activities.html,club_ul+club_link
405240,足立西,柔道部,運動部,https://www.metro.ed.jp/adachinishi-h/school_life/activities.html,club_ul+club_link
405240,足立西,陸上部,運動部,https://www.metro.ed.jp/adachinishi-h/school_life/activities.html,club_ul+club_link
405240,足立西,水泳部,運動部,https://www.metro.ed.jp/adachinishi-h/school_life/activities.html,club_ul+club_link
405240,足立西,卓球部,運動部,https://www.metro.ed.jp/adachinishi-h/school_life/activities.html,club_ul+club_link
405240,足立西,吹奏楽部,文化部,https://www.metro.ed.jp/adachinishi-h/school_life/activities.html,club_ul+club_link
405240,足立西,軽音楽部,文化部,https://www.metro.ed.jp/adachinishi-h/school_life/activities.html,club_ul+club_link
405240,足立西,演劇部,文化部,https://www.metro.ed.jp/adachinishi-h/school_life/activities.html,club_ul+club_link
405240,足立西,漫画研究部,文化部,https://www.metro.ed.jp/adachinishi-h/school_life/activities.html,club_ul+club_link
405240,足立西,茶道部,文化部,https://www.metro.ed.jp/adachinishi-h/school_life/activities.html,club_ul+club_link
405240,足立西,美術部,文化部,https://www.metro.ed.jp/adachinishi-h/school_life/activities.html,club_ul+club_link
405240,足立西,ハンドメイキング部,文化部,https://www.metro.ed.jp/adachinishi-h/school_life/activities.html,club_ul+club_link
405240,足立西,伝統文化（かるた）部,文化部,https://www.metro.ed.jp/adachinishi-h/school_life/activities.html,club_ul+club_link
405240,足立西,文芸同好会,文化部,https://www.metro.ed.jp/adachinishi-h/school_life/activities.html,club_ul+club_link
405250,足立東,陸上競技部,運動部,https://www.metro.ed.jp/adachihigashi-h/school_life/activities.html,club_ul+club_link
405250,足立東,ボクシング部,運動部,https://www.metro.ed.jp/adachihigashi-h/school_life/activities.html,club_ul+club_link
405250,足立東,バドミントン部,運動部,https://www.metro.ed.jp/adachihigashi-h/school_life/activities.html,club_ul+club_link
405250,足立東,バスケットボール部,運動部,https://www.metro.ed.jp/adachihigashi-h/school_life/activities.html,club_ul+club_link
405250,足立東,バレーボール部,運動部,https://www.metro.ed.jp/adachihigashi-h/school_life/activities.html,club_ul+club_link
405250,足立東,硬式野球部,運動部,https://www.metro.ed.jp/adachihigashi-h/school_life/activities.html,club_ul+club_link
405250,足立東,サッカー部,運動部,https://www.metro.ed.jp/adachihigashi-h/school_life/activities.html,club_ul+club_link
405250,足立東,硬式テニス部,運動部,https://www.metro.ed.jp/adachihigashi-h/school_life/activities.html,club_ul+club_link
405250,足立東,卓球部,運動部,https://www.metro.ed.jp/adachihigashi-h/school_life/activities.html,club_ul+club_link
405250,足立東,ダンス部,運動部,https://www.metro.ed.jp/adachihigashi-h/school_life/activities.html,club_ul+club_link
405250,足立東,和太鼓部,文化部,https://www.metro.ed.jp/adachihigashi-h/school_life/activities.html,club_ul+club_link
405250,足立東,演劇部,文化部,https://www.metro.ed.jp/adachihigashi-h/school_life/activities.html,club_ul+club_link
405250,足立東,美術部,文化部,https://www.metro.ed.jp/adachihigashi-h/school_life/activities.html,club_ul+club_link
405250,足立東,家庭科部,文化部,https://www.metro.ed.jp/adachihigashi-h/school_life/activities.html,club_ul+club_link
405250,足立東,吹奏楽部,文化部,https://www.metro.ed.jp/adachihigashi-h/school_life/activities.html,club_ul+club_link
405250,足立東,音楽館（軽音楽）部,文化部,https://www.metro.ed.jp/adachihigashi-h/school_life/activities.html,club_ul+club_link
405250,足立東,イラスト研究部,文化部,https://www.metro.ed.jp/adachihigashi-h/school_life/activities.html,club_ul+club_link
405250,足立東,茶道部,文化部,https://www.metro.ed.jp/adachihigashi-h/school_life/activities.html,club_ul+club_link
405250,足立東,手話部,文化部,https://www.metro.ed.jp/adachihigashi-h/school_life/activities.html,club_ul+club_link
405250,足立東,ボランティア部,文化部,https://www.metro.ed.jp/adachihigashi-h/school_life/activities.html,club_ul+club_link
405250,足立東,箏曲部,文化部,https://www.metro.ed.jp/adachihigashi-h/school_life/activities.html,club_ul+club_link
405250,足立東,書道同好会,文化部,https://www.metro.ed.jp/adachihigashi-h/school_life/activities.html,club_ul+club_link
405250,足立東,パソコン同好会,文化部,https://www.metro.ed.jp/adachihigashi-h/school_life/activities.html,club_ul+club_link
405260,青井,男子バスケットボール部,運動部,https://www.metro.ed.jp/aoi-h/school_life/activities.html,club_ul+club_link
405260,青井,バドミントン部,運動部,https://www.metro.ed.jp/aoi-h/school_life/activities.html,club_ul+club_link
405260,青井,剣道部,運動部,https://www.metro.ed.jp/aoi-h/school_life/activities.html,club_ul+club_link
405260,青井,卓球部,運動部,https://www.metro.ed.jp/aoi-h/school_life/activities.html,club_ul+club_link
405260,青井,サッカー部,運動部,https://www.metro.ed.jp/aoi-h/school_life/activities.html,club_ul+club_link
405260,青井,硬式野球部,運動部,https://www.metro.ed.jp/aoi-h/school_life/activities.html,club_ul+club_link
405260,青井,ダンス部,運動部,https://www.metro.ed.jp/aoi-h/school_life/activities.html,club_ul+club_link
405260,青井,吹奏楽部,文化部,https://www.metro.ed.jp/aoi-h/school_life/activities.html,club_ul+club_link
405260,青井,音楽村,文化部,https://www.metro.ed.jp/aoi-h/school_life/activities.html,club_ul+club_link
405260,青井,メーキング部,文化部,https://www.metro.ed.jp/aoi-h/school_life/activities.html,club_ul+club_link
405260,青井,イラスト部,文化部,https://www.metro.ed.jp/aoi-h/school_life/activities.html,club_ul+club_link
405260,青井,華道/茶道部,文化部,https://www.metro.ed.jp/aoi-h/school_life/activities.html,club_ul+club_link
405260,青井,ボランティア部,文化部,https://www.metro.ed.jp/aoi-h/school_life/activities.html,club_ul+club_link
405260,青井,科学部,文化部,https://www.metro.ed.jp/aoi-h/school_life/activities.html,club_ul+club_link
405260,青井,箏曲部,文化部,https://www.metro.ed.jp/aoi-h/school_life/activities.html,club_ul+club_link
405260,青井,天文部,文化部,https://www.metro.ed.jp/aoi-h/school_life/activities.html,club_ul+club_link
405260,青井,男子バレーボール部,部活動,https://www.metro.ed.jp/aoi-h/school_life/activities.html,club_ul+club_link
405270,足立新田,陸上競技部,運動部,https://www.metro.ed.jp/adachishinden-h/school_life/activities.html,club_ul+club_link
405270,足立新田,相撲部,運動部,https://www.metro.ed.jp/adachishinden-h/school_life/activities.html,club_ul+club_link
405270,足立新田,硬式野球部,運動部,https://www.metro.ed.jp/adachishinden-h/school_life/activities.html,club_ul+club_link
405270,足立新田,男子バレーボール部,運動部,https://www.metro.ed.jp/adachishinden-h/school_life/activities.html,club_ul+club_link
405270,足立新田,女子バレーボール部,運動部,https://www.metro.ed.jp/adachishinden-h/school_life/activities.html,club_ul+club_link
405270,足立新田,男子バスケットボール部,運動部,https://www.metro.ed.jp/adachishinden-h/school_life/activities.html,club_ul+club_link
405270,足立新田,女子バスケットボール部,運動部,https://www.metro.ed.jp/adachishinden-h/school_life/activities.html,club_ul+club_link
405270,足立新田,バドミントン部,運動部,https://www.metro.ed.jp/adachishinden-h/school_life/activities.html,club_ul+club_link
405270,足立新田,ダンス部,運動部,https://www.metro.ed.jp/adachishinden-h/school_life/activities.html,club_ul+club_link
405270,足立新田,チアリーディング部,運動部,https://www.metro.ed.jp/adachishinden-h/school_life/activities.html,club_ul+club_link
405270,足立新田,サッカー部,運動部,https://www.metro.ed.jp/adachishinden-h/school_life/activities.html,club_ul+club_link
405270,足立新田,ソフトボール部,運動部,https://www.metro.ed.jp/adachishinden-h/school_life/activities.html,club_ul+club_link
405270,足立新田,男子硬式テニス部,運動部,https://www.metro.ed.jp/adachishinden-h/school_life/activities.html,club_ul+club_link
405270,足立新田,女子硬式テニス部,運動部,https://www.metro.ed.jp/adachishinden-h/school_life/activities.html,club_ul+club_link
405270,足立新田,水泳部,運動部,https://www.metro.ed.jp/adachishinden-h/school_life/activities.html,club_ul+club_link
405270,足立新田,登山部,運動部,https://www.metro.ed.jp/adachishinden-h/school_life/activities.html,club_ul+club_link
405270,足立新田,アームレスリング部,運動部,https://www.metro.ed.jp/adachishinden-h/school_life/activities.html,club_ul+club_link
405270,足立新田,卓球部,運動部,https://www.metro.ed.jp/adachishinden-h/school_life/activities.html,club_ul+club_link
405270,足立新田,アーチェリー部,運動部,https://www.metro.ed.jp/adachishinden-h/school_life/activities.html,club_ul+club_link
405270,足立新田,吹奏楽部,文化部,https://www.metro.ed.jp/adachishinden-h/school_life/activities.html,club_ul+club_link
405270,足立新田,軽音楽部,文化部,https://www.metro.ed.jp/adachishinden-h/school_life/activities.html,club_ul+club_link
405270,足立新田,料理研究部,文化部,https://www.metro.ed.jp/adachishinden-h/school_life/activities.html,club_ul+club_link
405270,足立新田,美術部,文化部,https://www.metro.ed.jp/adachishinden-h/school_life/activities.html,club_ul+club_link
405270,足立新田,茶道部,文化部,https://www.metro.ed.jp/adachishinden-h/school_life/activities.html,club_ul+club_link
405270,足立新田,文芸部,文化部,https://www.metro.ed.jp/adachishinden-h/school_life/activities.html,club_ul+club_link
405270,足立新田,演劇部,文化部,https://www.metro.ed.jp/adachishinden-h/school_life/activities.html,club_ul+club_link
405270,足立新田,放送部,文化部,https://www.metro.ed.jp/adachishinden-h/school_life/activities.html,club_ul+club_link
405270,足立新田,英語部,文化部,https://www.metro.ed.jp/adachishinden-h/school_life/activities.html,club_ul+club_link
405270,足立新田,社会福祉部,文化部,https://www.metro.ed.jp/adachishinden-h/school_life/activities.html,club_ul+club_link
405270,足立新田,多文化研究部,文化部,https://www.metro.ed.jp/adachishinden-h/school_life/activities.html,club_ul+club_link
405410,晴海総合,弓道部,部活動,https://www.metro.ed.jp/harumisogo-h/school_life/activities.html,club_link
405410,晴海総合,剣道部,部活動,https://www.metro.ed.jp/harumisogo-h/school_life/activities.html,club_link
405410,晴海総合,硬式テニス部,部活動,https://www.metro.ed.jp/harumisogo-h/school_life/activities.html,club_link
405410,晴海総合,女子サッカー部,部活動,https://www.metro.ed.jp/harumisogo-h/school_life/activities.html,club_link
405410,晴海総合,女子バスケットボール部,部活動,https://www.metro.ed.jp/harumisogo-h/school_life/activities.html,club_link
405410,晴海総合,女子バレーボール部,部活動,https://www.metro.ed.jp/harumisogo-h/school_life/activities.html,club_link
405410,晴海総合,水泳部,部活動,https://www.metro.ed.jp/harumisogo-h/school_life/activities.html,club_link
405410,晴海総合,卓球部,部活動,https://www.metro.ed.jp/harumisogo-h/school_life/activities.html,club_link
405410,晴海総合,男子サッカー部,部活動,https://www.metro.ed.jp/harumisogo-h/school_life/activities.html,club_link
405410,晴海総合,男子バスケットボール部,部活動,https://www.metro.ed.jp/harumisogo-h/school_life/activities.html,club_link
405410,晴海総合,ダンス部,部活動,https://www.metro.ed.jp/harumisogo-h/school_life/activities.html,club_link
405410,晴海総合,バドミントン部,部活動,https://www.metro.ed.jp/harumisogo-h/school_life/activities.html,club_link
405410,晴海総合,陸上競技部,部活動,https://www.metro.ed.jp/harumisogo-h/school_life/activities.html,club_link
405410,晴海総合,演劇部,部活動,https://www.metro.ed.jp/harumisogo-h/school_life/activities.html,club_link
405410,晴海総合,合唱部,部活動,https://www.metro.ed.jp/harumisogo-h/school_life/activities.html,club_link
405410,晴海総合,クッキング部,部活動,https://www.metro.ed.jp/harumisogo-h/school_life/activities.html,club_link
405410,晴海総合,茶道部,部活動,https://www.metro.ed.jp/harumisogo-h/school_life/activities.html,club_link
405410,晴海総合,写真部,部活動,https://www.metro.ed.jp/harumisogo-h/school_life/activities.html,club_link
405410,晴海総合,書道部,部活動,https://www.metro.ed.jp/harumisogo-h/school_life/activities.html,club_link
405410,晴海総合,吹奏楽部,部活動,https://www.metro.ed.jp/harumisogo-h/school_life/activities.html,club_link
405410,晴海総合,生物部,部活動,https://www.metro.ed.jp/harumisogo-h/school_life/activities.html,club_link
405410,晴海総合,筝曲部,部活動,https://www.metro.ed.jp/harumisogo-h/school_life/activities.html,club_link
405410,晴海総合,天文部,部活動,https://www.metro.ed.jp/harumisogo-h/school_life/activities.html,club_link
405410,晴海総合,美術・工芸部,部活動,https://www.metro.ed.jp/harumisogo-h/school_life/activities.html,club_link
405410,晴海総合,百人一首部,部活動,https://www.metro.ed.jp/harumisogo-h/school_life/activities.html,club_link
405410,晴海総合,服飾部,部活動,https://www.metro.ed.jp/harumisogo-h/school_life/activities.html,club_link
405410,晴海総合,フリーライティング部,部活動,https://www.metro.ed.jp/harumisogo-h/school_life/activities.html,club_link
405410,晴海総合,放送部,部活動,https://www.metro.ed.jp/harumisogo-h/school_life/activities.html,club_link
405410,晴海総合,パソコン部,部活動,https://www.metro.ed.jp/harumisogo-h/school_life/activities.html,club_link
405410,晴海総合,ボランティア部,部活動,https://www.metro.ed.jp/harumisogo-h/school_life/activities.html,club_link
405710,蔵前工科,剣道部,運動部,https://www.metro.ed.jp/kuramaekoka-h/school_life/activities.html,club_ul+club_link
405710,蔵前工科,卓球部,運動部,https://www.metro.ed.jp/kuramaekoka-h/school_life/activities.html,club_ul+club_link
405710,蔵前工科,野球部,運動部,https://www.metro.ed.jp/kuramaekoka-h/school_life/activities.html,club_ul+club_link
405710,蔵前工科,バスケットボール部,運動部,https://www.metro.ed.jp/kuramaekoka-h/school_life/activities.html,club_ul+club_link
405710,蔵前工科,山岳部,運動部,https://www.metro.ed.jp/kuramaekoka-h/school_life/activities.html,club_ul+club_link
405710,蔵前工科,テニス部,運動部,https://www.metro.ed.jp/kuramaekoka-h/school_life/activities.html,club_ul+club_link
405710,蔵前工科,バレーボール部,運動部,https://www.metro.ed.jp/kuramaekoka-h/school_life/activities.html,club_ul+club_link
405710,蔵前工科,サッカー部,運動部,https://www.metro.ed.jp/kuramaekoka-h/school_life/activities.html,club_ul+club_link
405710,蔵前工科,バドミントン部,運動部,https://www.metro.ed.jp/kuramaekoka-h/school_life/activities.html,club_ul+club_link
405710,蔵前工科,陸上部,運動部,https://www.metro.ed.jp/kuramaekoka-h/school_life/activities.html,club_ul+club_link
405710,蔵前工科,水泳部,運動部,https://www.metro.ed.jp/kuramaekoka-h/school_life/activities.html,club_ul+club_link
405710,蔵前工科,釣り部,運動部,https://www.metro.ed.jp/kuramaekoka-h/school_life/activities.html,club_ul+club_link
405710,蔵前工科,柔道部,運動部,https://www.metro.ed.jp/kuramaekoka-h/school_life/activities.html,club_ul+club_link
405710,蔵前工科,自動車工作部,文化部,https://www.metro.ed.jp/kuramaekoka-h/school_life/activities.html,club_ul+club_link
405710,蔵前工科,ロボティクス研究部,文化部,https://www.metro.ed.jp/kuramaekoka-h/school_life/activities.html,club_ul+club_link
405710,蔵前工科,音楽部,文化部,https://www.metro.ed.jp/kuramaekoka-h/school_life/activities.html,club_ul+club_link
405710,蔵前工科,写真部,文化部,https://www.metro.ed.jp/kuramaekoka-h/school_life/activities.html,club_ul+club_link
405710,蔵前工科,美術部,文化部,https://www.metro.ed.jp/kuramaekoka-h/school_life/activities.html,club_ul+club_link
405710,蔵前工科,模型部,文化部,https://www.metro.ed.jp/kuramaekoka-h/school_life/activities.html,club_ul+club_link
405710,蔵前工科,科学部,文化部,https://www.metro.ed.jp/kuramaekoka-h/school_life/activities.html,club_ul+club_link
405710,蔵前工科,建築研究部,文化部,https://www.metro.ed.jp/kuramaekoka-h/school_life/activities.html,club_ul+club_link
405710,蔵前工科,華道部,文化部,https://www.metro.ed.jp/kuramaekoka-h/school_life/activities.html,club_ul+club_link
405710,蔵前工科,吹奏楽部,文化部,https://www.metro.ed.jp/kuramaekoka-h/school_life/activities.html,club_ul+club_link
405710,蔵前工科,情報電気部,文化部,https://www.metro.ed.jp/kuramaekoka-h/school_life/activities.html,club_ul+club_link
405710,蔵前工科,陸上競技部,部活動,https://www.metro.ed.jp/kuramaekoka-h/school_life/activities.html,club_ul+club_link
405710,蔵前工科,硬式テニス部,部活動,https://www.metro.ed.jp/kuramaekoka-h/school_life/activities.html,club_ul+club_link
405710,蔵前工科,軟式野球部,部活動,https://www.metro.ed.jp/kuramaekoka-h/school_life/activities.html,club_ul+club_link
405720,荒川工科,テニス部,運動部,https://www.metro.ed.jp/arakawakoka-h/school_life/activities.html,club_ul+club_link
405720,荒川工科,卓球部,運動部,https://www.metro.ed.jp/arakawakoka-h/school_life/activities.html,club_ul+club_link
405720,荒川工科,水泳部,運動部,https://www.metro.ed.jp/arakawakoka-h/school_life/activities.html,club_ul+club_link
405720,荒川工科,サッカー部,運動部,https://www.metro.ed.jp/arakawakoka-h/school_life/activities.html,club_ul+club_link
405720,荒川工科,硬式野球部,運動部,https://www.metro.ed.jp/arakawakoka-h/school_life/activities.html,club_ul+club_link
405720,荒川工科,陸上競技部,運動部,https://www.metro.ed.jp/arakawakoka-h/school_life/activities.html,club_ul+club_link
405720,荒川工科,バスケットボール部,運動部,https://www.metro.ed.jp/arakawakoka-h/school_life/activities.html,club_ul+club_link
405720,荒川工科,応援団,運動部,https://www.metro.ed.jp/arakawakoka-h/school_life/activities.html,club_ul+club_link
405720,荒川工科,ラグビー部,運動部,https://www.metro.ed.jp/arakawakoka-h/school_life/activities.html,club_ul+club_link
405720,荒川工科,バドミントン部,運動部,https://www.metro.ed.jp/arakawakoka-h/school_life/activities.html,club_ul+club_link
405720,荒川工科,柔道部,運動部,https://www.metro.ed.jp/arakawakoka-h/school_life/activities.html,club_ul+club_link
405720,荒川工科,ダンス部,運動部,https://www.metro.ed.jp/arakawakoka-h/school_life/activities.html,club_ul+club_link
405720,荒川工科,バレーボール同好会,運動部,https://www.metro.ed.jp/arakawakoka-h/school_life/activities.html,club_ul+club_link
405720,荒川工科,模型部,文化部,https://www.metro.ed.jp/arakawakoka-h/school_life/activities.html,club_ul+club_link
405720,荒川工科,園芸部,文化部,https://www.metro.ed.jp/arakawakoka-h/school_life/activities.html,club_ul+club_link
405720,荒川工科,軽音楽部,文化部,https://www.metro.ed.jp/arakawakoka-h/school_life/activities.html,club_ul+club_link
405720,荒川工科,パソコン研究部,文化部,https://www.metro.ed.jp/arakawakoka-h/school_life/activities.html,club_ul+club_link
405720,荒川工科,ものづくり同好会,文化部,https://www.metro.ed.jp/arakawakoka-h/school_life/activities.html,club_ul+club_link
405720,荒川工科,美術部,文化部,https://www.metro.ed.jp/arakawakoka-h/school_life/activities.html,club_ul+club_link
405720,荒川工科,写真部,文化部,https://www.metro.ed.jp/arakawakoka-h/school_life/activities.html,club_ul+club_link
405720,荒川工科,囲碁将棋部,文化部,https://www.metro.ed.jp/arakawakoka-h/school_life/activities.html,club_ul+club_link
405720,荒川工科,茶道同好会,文化部,https://www.metro.ed.jp/arakawakoka-h/school_life/activities.html,club_ul+club_link
405720,荒川工科,吹奏楽部,文化部,https://www.metro.ed.jp/arakawakoka-h/school_life/activities.html,club_ul+club_link
405720,荒川工科,硬式テニス部,部活動,https://www.metro.ed.jp/arakawakoka-h/school_life/activities.html,club_ul+club_link
405720,荒川工科,陸上部,部活動,https://www.metro.ed.jp/arakawakoka-h/school_life/activities.html,club_ul+club_link
405720,荒川工科,ＡＩ部,部活動,https://www.metro.ed.jp/arakawakoka-h/school_life/activities.html,club_ul+club_link
405730,足立工科,硬式野球部,部活動,https://www.metro.ed.jp/adachikoka-h/school_life/activities.html,club_link
405730,足立工科,バレーボール部,部活動,https://www.metro.ed.jp/adachikoka-h/school_life/activities.html,club_link
405730,足立工科,バスケットボール部,部活動,https://www.metro.ed.jp/adachikoka-h/school_life/activities.html,club_link
405730,足立工科,卓球部,部活動,https://www.metro.ed.jp/adachikoka-h/school_life/activities.html,club_link
405730,足立工科,サッカー部,部活動,https://www.metro.ed.jp/adachikoka-h/school_life/activities.html,club_link
405730,足立工科,硬式テニス部,部活動,https://www.metro.ed.jp/adachikoka-h/school_life/activities.html,club_link
405730,足立工科,バドミントン部,部活動,https://www.metro.ed.jp/adachikoka-h/school_life/activities.html,club_link
405730,足立工科,剣道部,部活動,https://www.metro.ed.jp/adachikoka-h/school_life/activities.html,club_link
405730,足立工科,ウェイトトレーニング部,部活動,https://www.metro.ed.jp/adachikoka-h/school_life/activities.html,club_link
405730,足立工科,陸上競技部,部活動,https://www.metro.ed.jp/adachikoka-h/school_life/activities.html,club_link
405730,足立工科,水泳部,部活動,https://www.metro.ed.jp/adachikoka-h/school_life/activities.html,club_link
405730,足立工科,釣り部,部活動,https://www.metro.ed.jp/adachikoka-h/school_life/activities.html,club_link
405730,足立工科,自転車競技同好会,部活動,https://www.metro.ed.jp/adachikoka-h/school_life/activities.html,club_link
405730,足立工科,軽音楽部,部活動,https://www.metro.ed.jp/adachikoka-h/school_life/activities.html,club_link
405730,足立工科,漫画研究部,部活動,https://www.metro.ed.jp/adachikoka-h/school_life/activities.html,club_link
405730,足立工科,マシンクラフト部,部活動,https://www.metro.ed.jp/adachikoka-h/school_life/activities.html,club_link
405730,足立工科,模型部,部活動,https://www.metro.ed.jp/adachikoka-h/school_life/activities.html,club_link
405730,足立工科,原動機部,部活動,https://www.metro.ed.jp/adachikoka-h/school_life/activities.html,club_link
405730,足立工科,園芸部,部活動,https://www.metro.ed.jp/adachikoka-h/school_life/activities.html,club_link
405730,足立工科,鉄道研究部,部活動,https://www.metro.ed.jp/adachikoka-h/school_life/activities.html,club_link
405730,足立工科,写真同好会,部活動,https://www.metro.ed.jp/adachikoka-h/school_life/activities.html,club_link
405730,足立工科,囲碁将棋同好会,部活動,https://www.metro.ed.jp/adachikoka-h/school_life/activities.html,club_link
405730,足立工科,調理部,部活動,https://www.metro.ed.jp/adachikoka-h/school_life/activities.html,club_link
406020,墨田川,剣道部,部活動,https://www.metro.ed.jp/sumidagawa-h/school_life/activities.html,club_link
406020,墨田川,柔道部,部活動,https://www.metro.ed.jp/sumidagawa-h/school_life/activities.html,club_link
406020,墨田川,軟式野球部,部活動,https://www.metro.ed.jp/sumidagawa-h/school_life/activities.html,club_link
406020,墨田川,サッカー部,部活動,https://www.metro.ed.jp/sumidagawa-h/school_life/activities.html,club_link
406020,墨田川,ハンドボール部,部活動,https://www.metro.ed.jp/sumidagawa-h/school_life/activities.html,club_link
406020,墨田川,男子バスケットボール部,部活動,https://www.metro.ed.jp/sumidagawa-h/school_life/activities.html,club_link
406020,墨田川,女子バスケットボール部,部活動,https://www.metro.ed.jp/sumidagawa-h/school_life/activities.html,club_link
406020,墨田川,男子バレーボール部,部活動,https://www.metro.ed.jp/sumidagawa-h/school_life/activities.html,club_link
406020,墨田川,女子バレーボール部,部活動,https://www.metro.ed.jp/sumidagawa-h/school_life/activities.html,club_link
406020,墨田川,男子硬式テニス部,部活動,https://www.metro.ed.jp/sumidagawa-h/school_life/activities.html,club_link
406020,墨田川,女子硬式テニス部,部活動,https://www.metro.ed.jp/sumidagawa-h/school_life/activities.html,club_link
406020,墨田川,ソフトテニス部,部活動,https://www.metro.ed.jp/sumidagawa-h/school_life/activities.html,club_link
406020,墨田川,バドミントン部,部活動,https://www.metro.ed.jp/sumidagawa-h/school_life/activities.html,club_link
406020,墨田川,卓球部,部活動,https://www.metro.ed.jp/sumidagawa-h/school_life/activities.html,club_link
406020,墨田川,陸上競技部,部活動,https://www.metro.ed.jp/sumidagawa-h/school_life/activities.html,club_link
406020,墨田川,ダンス部,部活動,https://www.metro.ed.jp/sumidagawa-h/school_life/activities.html,club_link
406020,墨田川,水泳部,部活動,https://www.metro.ed.jp/sumidagawa-h/school_life/activities.html,club_link
406020,墨田川,ボート部,部活動,https://www.metro.ed.jp/sumidagawa-h/school_life/activities.html,club_link
406020,墨田川,演劇部,部活動,https://www.metro.ed.jp/sumidagawa-h/school_life/activities.html,club_link
406020,墨田川,生物部,部活動,https://www.metro.ed.jp/sumidagawa-h/school_life/activities.html,club_link
406020,墨田川,天文部,部活動,https://www.metro.ed.jp/sumidagawa-h/school_life/activities.html,club_link
406020,墨田川,文芸部,部活動,https://www.metro.ed.jp/sumidagawa-h/school_life/activities.html,club_link
406020,墨田川,美術部,部活動,https://www.metro.ed.jp/sumidagawa-h/school_life/activities.html,club_link
406020,墨田川,パソコン部,部活動,https://www.metro.ed.jp/sumidagawa-h/school_life/activities.html,club_link
406020,墨田川,物理・化学部,部活動,https://www.metro.ed.jp/sumidagawa-h/school_life/activities.html,club_link
406020,墨田川,漫画部,部活動,https://www.metro.ed.jp/sumidagawa-h/school_life/activities.html,club_link
406020,墨田川,写真部,部活動,https://www.metro.ed.jp/sumidagawa-h/school_life/activities.html,club_link
406020,墨田川,吹奏楽部,部活動,https://www.metro.ed.jp/sumidagawa-h/school_life/activities.html,club_link
406020,墨田川,音楽部,部活動,https://www.metro.ed.jp/sumidagawa-h/school_life/activities.html,club_link
406020,墨田川,英語部,部活動,https://www.metro.ed.jp/sumidagawa-h/school_life/activities.html,club_link
406020,墨田川,クッキング部,部活動,https://www.metro.ed.jp/sumidagawa-h/school_life/activities.html,club_link
406020,墨田川,邦楽部,部活動,https://www.metro.ed.jp/sumidagawa-h/school_life/activities.html,club_link
406020,墨田川,茶道部,部活動,https://www.metro.ed.jp/sumidagawa-h/school_life/activities.html,club_link
406020,墨田川,書道部,部活動,https://www.metro.ed.jp/sumidagawa-h/school_life/activities.html,club_link
406020,墨田川,フォークソング部,部活動,https://www.metro.ed.jp/sumidagawa-h/school_life/activities.html,club_link
406030,本所,男子バレーボール部,運動部,https://www.metro.ed.jp/honjo-h/school_life/activities.html,club_ul+club_link
406030,本所,女子バレーボール部,運動部,https://www.metro.ed.jp/honjo-h/school_life/activities.html,club_ul+club_link
406030,本所,水泳部,運動部,https://www.metro.ed.jp/honjo-h/school_life/activities.html,club_ul+club_link
406030,本所,陸上競技部,運動部,https://www.metro.ed.jp/honjo-h/school_life/activities.html,club_ul+club_link
406030,本所,ハンドボール部,運動部,https://www.metro.ed.jp/honjo-h/school_life/activities.html,club_ul+club_link
406030,本所,ボート部,運動部,https://www.metro.ed.jp/honjo-h/school_life/activities.html,club_ul+club_link
406030,本所,卓球部,運動部,https://www.metro.ed.jp/honjo-h/school_life/activities.html,club_ul+club_link
406030,本所,男子硬式テニス部,運動部,https://www.metro.ed.jp/honjo-h/school_life/activities.html,club_ul+club_link
406030,本所,サッカー部,運動部,https://www.metro.ed.jp/honjo-h/school_life/activities.html,club_ul+club_link
406030,本所,柔道部,運動部,https://www.metro.ed.jp/honjo-h/school_life/activities.html,club_ul+club_link
406030,本所,ソフトテニス部,運動部,https://www.metro.ed.jp/honjo-h/school_life/activities.html,club_ul+club_link
406030,本所,男子バスケットボール部,運動部,https://www.metro.ed.jp/honjo-h/school_life/activities.html,club_ul+club_link
406030,本所,女子バスケットボール部,運動部,https://www.metro.ed.jp/honjo-h/school_life/activities.html,club_ul+club_link
406030,本所,バドミントン部,運動部,https://www.metro.ed.jp/honjo-h/school_life/activities.html,club_ul+club_link
406030,本所,ダンスパフォーマンス部,運動部,https://www.metro.ed.jp/honjo-h/school_life/activities.html,club_ul+club_link
406030,本所,剣道部,運動部,https://www.metro.ed.jp/honjo-h/school_life/activities.html,club_ul+club_link
406030,本所,軟式野球部,運動部,https://www.metro.ed.jp/honjo-h/school_life/activities.html,club_ul+club_link
406030,本所,女子硬式テニス部,運動部,https://www.metro.ed.jp/honjo-h/school_life/activities.html,club_ul+club_link
406030,本所,囲碁部,文化部,https://www.metro.ed.jp/honjo-h/school_life/activities.html,club_ul+club_link
406030,本所,家庭科部,文化部,https://www.metro.ed.jp/honjo-h/school_life/activities.html,club_ul+club_link
406030,本所,ブラスバンド部,文化部,https://www.metro.ed.jp/honjo-h/school_life/activities.html,club_ul+club_link
406030,本所,化学部,文化部,https://www.metro.ed.jp/honjo-h/school_life/activities.html,club_ul+club_link
406030,本所,文芸部,文化部,https://www.metro.ed.jp/honjo-h/school_life/activities.html,club_ul+club_link
406030,本所,美術部,文化部,https://www.metro.ed.jp/honjo-h/school_life/activities.html,club_ul+club_link
406030,本所,コンピュータ部,文化部,https://www.metro.ed.jp/honjo-h/school_life/activities.html,club_ul+club_link
406030,本所,音楽部,文化部,https://www.metro.ed.jp/honjo-h/school_life/activities.html,club_ul+club_link
406030,本所,筝曲部,文化部,https://www.metro.ed.jp/honjo-h/school_life/activities.html,club_ul+club_link
406030,本所,漫画研究部,文化部,https://www.metro.ed.jp/honjo-h/school_life/activities.html,club_ul+club_link
406030,本所,English Club ・英語部,文化部,https://www.metro.ed.jp/honjo-h/school_life/activities.html,club_ul+club_link
406030,本所,華道部,文化部,https://www.metro.ed.jp/honjo-h/school_life/activities.html,club_ul+club_link
406030,本所,演劇部,文化部,https://www.metro.ed.jp/honjo-h/school_life/activities.html,club_ul+club_link
406030,本所,写真部,文化部,https://www.metro.ed.jp/honjo-h/school_life/activities.html,club_ul+club_link
406030,本所,茶道部,文化部,https://www.metro.ed.jp/honjo-h/school_life/activities.html,club_ul+club_link
406030,本所,ローイング部,部活動,https://www.metro.ed.jp/honjo-h/school_life/activities.html,club_ul+club_link
406030,本所,科学部,部活動,https://www.metro.ed.jp/honjo-h/school_life/activities.html,club_ul+club_link
406040,葛飾野,野球部,部活動,https://www.metro.ed.jp/katsushikano-h/school_life/activities.html,club_link
406040,葛飾野,サッカー部,部活動,https://www.metro.ed.jp/katsushikano-h/school_life/activities.html,club_link
406040,葛飾野,陸上部,部活動,https://www.metro.ed.jp/katsushikano-h/school_life/activities.html,club_link
406040,葛飾野,硬式テニス部,部活動,https://www.metro.ed.jp/katsushikano-h/school_life/activities.html,club_link
406040,葛飾野,ソフトテニス部,部活動,https://www.metro.ed.jp/katsushikano-h/school_life/activities.html,club_link
406040,葛飾野,女子バレーボール部,部活動,https://www.metro.ed.jp/katsushikano-h/school_life/activities.html,club_link
406040,葛飾野,男子バスケットボール部,部活動,https://www.metro.ed.jp/katsushikano-h/school_life/activities.html,club_link
406040,葛飾野,女子バスケットボール部,部活動,https://www.metro.ed.jp/katsushikano-h/school_life/activities.html,club_link
406040,葛飾野,バドミントン部,部活動,https://www.metro.ed.jp/katsushikano-h/school_life/activities.html,club_link
406040,葛飾野,柔道部,部活動,https://www.metro.ed.jp/katsushikano-h/school_life/activities.html,club_link
406040,葛飾野,卓球部,部活動,https://www.metro.ed.jp/katsushikano-h/school_life/activities.html,club_link
406040,葛飾野,水泳部,部活動,https://www.metro.ed.jp/katsushikano-h/school_life/activities.html,club_link
406040,葛飾野,ダンス部,部活動,https://www.metro.ed.jp/katsushikano-h/school_life/activities.html,club_link
406040,葛飾野,フットサル部,部活動,https://www.metro.ed.jp/katsushikano-h/school_life/activities.html,club_link
406040,葛飾野,吹奏楽部,部活動,https://www.metro.ed.jp/katsushikano-h/school_life/activities.html,club_link
406040,葛飾野,家政部,部活動,https://www.metro.ed.jp/katsushikano-h/school_life/activities.html,club_link
406040,葛飾野,生物科学部,部活動,https://www.metro.ed.jp/katsushikano-h/school_life/activities.html,club_link
406040,葛飾野,まんが部,部活動,https://www.metro.ed.jp/katsushikano-h/school_life/activities.html,club_link
406040,葛飾野,茶道部,部活動,https://www.metro.ed.jp/katsushikano-h/school_life/activities.html,club_link
406040,葛飾野,美術部,部活動,https://www.metro.ed.jp/katsushikano-h/school_life/activities.html,club_link
406040,葛飾野,演劇部,部活動,https://www.metro.ed.jp/katsushikano-h/school_life/activities.html,club_link
406040,葛飾野,JRCボランティア部,部活動,https://www.metro.ed.jp/katsushikano-h/school_life/activities.html,club_link
406040,葛飾野,和太鼓部,部活動,https://www.metro.ed.jp/katsushikano-h/school_life/activities.html,club_link
406040,葛飾野,軽音楽部,部活動,https://www.metro.ed.jp/katsushikano-h/school_life/activities.html,club_link
406040,葛飾野,パソコン部,部活動,https://www.metro.ed.jp/katsushikano-h/school_life/activities.html,club_link
406040,葛飾野,合唱同好会,部活動,https://www.metro.ed.jp/katsushikano-h/school_life/activities.html,club_link
406050,南葛飾,サッカー部,部活動,https://www.metro.ed.jp/minamikatsushika-h/school_life/activities.html,club_link
406050,南葛飾,男子バスケットボール部,部活動,https://www.metro.ed.jp/minamikatsushika-h/school_life/activities.html,club_link
406050,南葛飾,女子バスケットボール部,部活動,https://www.metro.ed.jp/minamikatsushika-h/school_life/activities.html,club_link
406050,南葛飾,男子バレーボール部,部活動,https://www.metro.ed.jp/minamikatsushika-h/school_life/activities.html,club_link
406050,南葛飾,女子バレーボール部,部活動,https://www.metro.ed.jp/minamikatsushika-h/school_life/activities.html,club_link
406050,南葛飾,硬式野球部,部活動,https://www.metro.ed.jp/minamikatsushika-h/school_life/activities.html,club_link
406050,南葛飾,テニス部,部活動,https://www.metro.ed.jp/minamikatsushika-h/school_life/activities.html,club_link
406050,南葛飾,男子ハンドボール部,部活動,https://www.metro.ed.jp/minamikatsushika-h/school_life/activities.html,club_link
406050,南葛飾,女子ハンドボール部,部活動,https://www.metro.ed.jp/minamikatsushika-h/school_life/activities.html,club_link
406050,南葛飾,バドミントン部,部活動,https://www.metro.ed.jp/minamikatsushika-h/school_life/activities.html,club_link
406050,南葛飾,卓球部,部活動,https://www.metro.ed.jp/minamikatsushika-h/school_life/activities.html,club_link
406050,南葛飾,ダンス部,部活動,https://www.metro.ed.jp/minamikatsushika-h/school_life/activities.html,club_link
406050,南葛飾,陸上競技部,部活動,https://www.metro.ed.jp/minamikatsushika-h/school_life/activities.html,club_link
406050,南葛飾,柔道部,部活動,https://www.metro.ed.jp/minamikatsushika-h/school_life/activities.html,club_link
406050,南葛飾,剣道部,部活動,https://www.metro.ed.jp/minamikatsushika-h/school_life/activities.html,club_link
406050,南葛飾,水泳部,部活動,https://www.metro.ed.jp/minamikatsushika-h/school_life/activities.html,club_link
406050,南葛飾,漫画研究部,部活動,https://www.metro.ed.jp/minamikatsushika-h/school_life/activities.html,club_link
406050,南葛飾,吹奏楽部,部活動,https://www.metro.ed.jp/minamikatsushika-h/school_life/activities.html,club_link
406050,南葛飾,家庭科部,部活動,https://www.metro.ed.jp/minamikatsushika-h/school_life/activities.html,club_link
406050,南葛飾,軽音楽部,部活動,https://www.metro.ed.jp/minamikatsushika-h/school_life/activities.html,club_link
406050,南葛飾,筝曲部,部活動,https://www.metro.ed.jp/minamikatsushika-h/school_life/activities.html,club_link
406050,南葛飾,茶道部,部活動,https://www.metro.ed.jp/minamikatsushika-h/school_life/activities.html,club_link
406050,南葛飾,美術部,部活動,https://www.metro.ed.jp/minamikatsushika-h/school_life/activities.html,club_link
406050,南葛飾,英会話部,部活動,https://www.metro.ed.jp/minamikatsushika-h/school_life/activities.html,club_link
406050,南葛飾,写真部,部活動,https://www.metro.ed.jp/minamikatsushika-h/school_life/activities.html,club_link
406050,南葛飾,ＤＸ愛好会,部活動,https://www.metro.ed.jp/minamikatsushika-h/school_life/activities.html,club_link
406050,南葛飾,文芸愛好会,部活動,https://www.metro.ed.jp/minamikatsushika-h/school_life/activities.html,club_link
406070,日本橋,野球部,運動部,https://www.metro.ed.jp/nihonbashi-h/school_life/activities.html,club_ul+club_link
406070,日本橋,サッカー部,運動部,https://www.metro.ed.jp/nihonbashi-h/school_life/activities.html,club_ul+club_link
406070,日本橋,テニス部,運動部,https://www.metro.ed.jp/nihonbashi-h/school_life/activities.html,club_ul+club_link
406070,日本橋,陸上,運動部,https://www.metro.ed.jp/nihonbashi-h/school_life/activities.html,club_ul+club_link
406070,日本橋,男子バスケット,運動部,https://www.metro.ed.jp/nihonbashi-h/school_life/activities.html,club_ul+club_link
406070,日本橋,女子バスケット,運動部,https://www.metro.ed.jp/nihonbashi-h/school_life/activities.html,club_ul+club_link
406070,日本橋,男子バレーボール部,運動部,https://www.metro.ed.jp/nihonbashi-h/school_life/activities.html,club_ul+club_link
406070,日本橋,女子バレーボール部,運動部,https://www.metro.ed.jp/nihonbashi-h/school_life/activities.html,club_ul+club_link
406070,日本橋,バドミントン部,運動部,https://www.metro.ed.jp/nihonbashi-h/school_life/activities.html,club_ul+club_link
406070,日本橋,卓球部,運動部,https://www.metro.ed.jp/nihonbashi-h/school_life/activities.html,club_ul+club_link
406070,日本橋,ボート,運動部,https://www.metro.ed.jp/nihonbashi-h/school_life/activities.html,club_ul+club_link
406070,日本橋,ヨット部,運動部,https://www.metro.ed.jp/nihonbashi-h/school_life/activities.html,club_ul+club_link
406070,日本橋,水泳部,運動部,https://www.metro.ed.jp/nihonbashi-h/school_life/activities.html,club_ul+club_link
406070,日本橋,ダンス部,文化部,https://www.metro.ed.jp/nihonbashi-h/school_life/activities.html,club_ul+club_link
406070,日本橋,吹奏楽部,文化部,https://www.metro.ed.jp/nihonbashi-h/school_life/activities.html,club_ul+club_link
406070,日本橋,軽音楽部,文化部,https://www.metro.ed.jp/nihonbashi-h/school_life/activities.html,club_ul+club_link
406070,日本橋,ボランティア部,文化部,https://www.metro.ed.jp/nihonbashi-h/school_life/activities.html,club_ul+club_link
406070,日本橋,美術,文化部,https://www.metro.ed.jp/nihonbashi-h/school_life/activities.html,club_ul+club_link
406070,日本橋,放送部,文化部,https://www.metro.ed.jp/nihonbashi-h/school_life/activities.html,club_ul+club_link
406070,日本橋,写真部,文化部,https://www.metro.ed.jp/nihonbashi-h/school_life/activities.html,club_ul+club_link
406070,日本橋,剣道同好会,同好会,https://www.metro.ed.jp/nihonbashi-h/school_life/activities.html,club_ul+club_link
406070,日本橋,クッキング同好会,同好会,https://www.metro.ed.jp/nihonbashi-h/school_life/activities.html,club_ul+club_link
406070,日本橋,漫画イラスト同好会,同好会,https://www.metro.ed.jp/nihonbashi-h/school_life/activities.html,club_ul+club_link
406070,日本橋,園芸同好会,同好会,https://www.metro.ed.jp/nihonbashi-h/school_life/activities.html,club_ul+club_link
406070,日本橋,茶道同好会,同好会,https://www.metro.ed.jp/nihonbashi-h/school_life/activities.html,club_ul+club_link
406070,日本橋,華道同好会,同好会,https://www.metro.ed.jp/nihonbashi-h/school_life/activities.html,club_ul+club_link
406070,日本橋,ソフトボール,同好会,https://www.metro.ed.jp/nihonbashi-h/school_life/activities.html,club_ul+club_link
406070,日本橋,柔道,同好会,https://www.metro.ed.jp/nihonbashi-h/school_life/activities.html,club_ul+club_link
406070,日本橋,陸上競技部,部活動,https://www.metro.ed.jp/nihonbashi-h/school_life/activities.html,club_ul+club_link
406070,日本橋,男子バスケットボール部,部活動,https://www.metro.ed.jp/nihonbashi-h/school_life/activities.html,club_ul+club_link
406070,日本橋,女子バスケットボール部,部活動,https://www.metro.ed.jp/nihonbashi-h/school_life/activities.html,club_ul+club_link
406070,日本橋,ローイング(ボート)部,部活動,https://www.metro.ed.jp/nihonbashi-h/school_life/activities.html,club_ul+club_link
406210,深川,男子剣道部,運動部,https://www.metro.ed.jp/fukagawa-h/school_life/activities.html,club_ul+club_link
406210,深川,女子剣道部,運動部,https://www.metro.ed.jp/fukagawa-h/school_life/activities.html,club_ul+club_link
406210,深川,陸上競技部,運動部,https://www.metro.ed.jp/fukagawa-h/school_life/activities.html,club_ul+club_link
406210,深川,硬式野球部,運動部,https://www.metro.ed.jp/fukagawa-h/school_life/activities.html,club_ul+club_link
406210,深川,男子バスケットボール部,運動部,https://www.metro.ed.jp/fukagawa-h/school_life/activities.html,club_ul+club_link
406210,深川,女子バスケットボール部,運動部,https://www.metro.ed.jp/fukagawa-h/school_life/activities.html,club_ul+club_link
406210,深川,硬式テニス部,運動部,https://www.metro.ed.jp/fukagawa-h/school_life/activities.html,club_ul+club_link
406210,深川,男子バレーボール部,運動部,https://www.metro.ed.jp/fukagawa-h/school_life/activities.html,club_ul+club_link
406210,深川,女子バレーボール部,運動部,https://www.metro.ed.jp/fukagawa-h/school_life/activities.html,club_ul+club_link
406210,深川,バドミントン部,運動部,https://www.metro.ed.jp/fukagawa-h/school_life/activities.html,club_ul+club_link
406210,深川,卓球部,運動部,https://www.metro.ed.jp/fukagawa-h/school_life/activities.html,club_ul+club_link
406210,深川,サッカー部,運動部,https://www.metro.ed.jp/fukagawa-h/school_life/activities.html,club_ul+club_link
406210,深川,水泳部,運動部,https://www.metro.ed.jp/fukagawa-h/school_life/activities.html,club_ul+club_link
406210,深川,ダンス部,運動部,https://www.metro.ed.jp/fukagawa-h/school_life/activities.html,club_ul+club_link
406210,深川,テコンドー部,運動部,https://www.metro.ed.jp/fukagawa-h/school_life/activities.html,club_ul+club_link
406210,深川,吹奏楽部,文化部,https://www.metro.ed.jp/fukagawa-h/school_life/activities.html,club_ul+club_link
406210,深川,書道部,文化部,https://www.metro.ed.jp/fukagawa-h/school_life/activities.html,club_ul+club_link
406210,深川,美術部,文化部,https://www.metro.ed.jp/fukagawa-h/school_life/activities.html,club_ul+club_link
406210,深川,演劇部,文化部,https://www.metro.ed.jp/fukagawa-h/school_life/activities.html,club_ul+club_link
406210,深川,中国研究部,文化部,https://www.metro.ed.jp/fukagawa-h/school_life/activities.html,club_ul+club_link
406210,深川,放送部,文化部,https://www.metro.ed.jp/fukagawa-h/school_life/activities.html,club_ul+club_link
406210,深川,科学部,文化部,https://www.metro.ed.jp/fukagawa-h/school_life/activities.html,club_ul+club_link
406210,深川,ガーデニング部,文化部,https://www.metro.ed.jp/fukagawa-h/school_life/activities.html,club_ul+club_link
406210,深川,ＦＥＳＳ部,文化部,https://www.metro.ed.jp/fukagawa-h/school_life/activities.html,club_ul+club_link
406210,深川,合唱部,文化部,https://www.metro.ed.jp/fukagawa-h/school_life/activities.html,club_ul+club_link
406210,深川,ＭＡＣ部,文化部,https://www.metro.ed.jp/fukagawa-h/school_life/activities.html,club_ul+club_link
406210,深川,文芸部,文化部,https://www.metro.ed.jp/fukagawa-h/school_life/activities.html,club_ul+club_link
406210,深川,茶道部,文化部,https://www.metro.ed.jp/fukagawa-h/school_life/activities.html,club_ul+club_link
406210,深川,家庭科部,文化部,https://www.metro.ed.jp/fukagawa-h/school_life/activities.html,club_ul+club_link
406210,深川,パソコン部,文化部,https://www.metro.ed.jp/fukagawa-h/school_life/activities.html,club_ul+club_link
406210,深川,写真部,文化部,https://www.metro.ed.jp/fukagawa-h/school_life/activities.html,club_ul+club_link
406210,深川,国際協力ボランティア部,文化部,https://www.metro.ed.jp/fukagawa-h/school_life/activities.html,club_ul+club_link
406210,深川,剣道部,部活動,https://www.metro.ed.jp/fukagawa-h/school_life/activities.html,club_ul+club_link
406220,東,アーチェリー部,部活動,https://www.metro.ed.jp/higashi-h/school_life/activities.html,club_link
406220,東,弓道部,部活動,https://www.metro.ed.jp/higashi-h/school_life/activities.html,club_link
406220,東,硬式テニス部,部活動,https://www.metro.ed.jp/higashi-h/school_life/activities.html,club_link
406220,東,硬式野球部,部活動,https://www.metro.ed.jp/higashi-h/school_life/activities.html,club_link
406220,東,サッカー部,部活動,https://www.metro.ed.jp/higashi-h/school_life/activities.html,club_link
406220,東,水泳部,部活動,https://www.metro.ed.jp/higashi-h/school_life/activities.html,club_link
406220,東,創作ダンス部,部活動,https://www.metro.ed.jp/higashi-h/school_life/activities.html,club_link
406220,東,卓球部,部活動,https://www.metro.ed.jp/higashi-h/school_life/activities.html,club_link
406220,東,女子バスケットボール部,部活動,https://www.metro.ed.jp/higashi-h/school_life/activities.html,club_link
406220,東,男子バスケットボール部,部活動,https://www.metro.ed.jp/higashi-h/school_life/activities.html,club_link
406220,東,バドミントン部,部活動,https://www.metro.ed.jp/higashi-h/school_life/activities.html,club_link
406220,東,女子バレーボール部,部活動,https://www.metro.ed.jp/higashi-h/school_life/activities.html,club_link
406220,東,ラグビー部,部活動,https://www.metro.ed.jp/higashi-h/school_life/activities.html,club_link
406220,東,陸上競技部,部活動,https://www.metro.ed.jp/higashi-h/school_life/activities.html,club_link
406220,東,演劇部,部活動,https://www.metro.ed.jp/higashi-h/school_life/activities.html,club_link
406220,東,家庭科部,部活動,https://www.metro.ed.jp/higashi-h/school_life/activities.html,club_link
406220,東,軽音楽部,部活動,https://www.metro.ed.jp/higashi-h/school_life/activities.html,club_link
406220,東,茶道部,部活動,https://www.metro.ed.jp/higashi-h/school_life/activities.html,club_link
406220,東,写真部,部活動,https://www.metro.ed.jp/higashi-h/school_life/activities.html,club_link
406220,東,手話部,部活動,https://www.metro.ed.jp/higashi-h/school_life/activities.html,club_link
406220,東,吹奏楽部,部活動,https://www.metro.ed.jp/higashi-h/school_life/activities.html,club_link
406220,東,美術部,部活動,https://www.metro.ed.jp/higashi-h/school_life/activities.html,club_link
406220,東,放送部,部活動,https://www.metro.ed.jp/higashi-h/school_life/activities.html,club_link
406220,東,漫画研究部,部活動,https://www.metro.ed.jp/higashi-h/school_life/activities.html,club_link
406220,東,英語同好会,部活動,https://www.metro.ed.jp/higashi-h/school_life/activities.html,club_link
406220,東,サステナブル同好会,部活動,https://www.metro.ed.jp/higashi-h/school_life/activities.html,club_link
406220,東,筝曲同好会,部活動,https://www.metro.ed.jp/higashi-h/school_life/activities.html,club_link
406220,東,歴史研究同好会,部活動,https://www.metro.ed.jp/higashi-h/school_life/activities.html,club_link
406230,城東,男子バスケットボール部,部活動,https://www.metro.ed.jp/joto-h/school_life/activities.html,club_link
406230,城東,女子バスケットボール部,部活動,https://www.metro.ed.jp/joto-h/school_life/activities.html,club_link
406230,城東,男子バレーボール部,部活動,https://www.metro.ed.jp/joto-h/school_life/activities.html,club_link
406230,城東,女子バレーボール部,部活動,https://www.metro.ed.jp/joto-h/school_life/activities.html,club_link
406230,城東,バドミントン部,部活動,https://www.metro.ed.jp/joto-h/school_life/activities.html,club_link
406230,城東,卓球部,部活動,https://www.metro.ed.jp/joto-h/school_life/activities.html,club_link
406230,城東,剣道部,部活動,https://www.metro.ed.jp/joto-h/school_life/activities.html,club_link
406230,城東,柔道部,部活動,https://www.metro.ed.jp/joto-h/school_life/activities.html,club_link
406230,城東,サッカー部,部活動,https://www.metro.ed.jp/joto-h/school_life/activities.html,club_link
406230,城東,野球部,部活動,https://www.metro.ed.jp/joto-h/school_life/activities.html,club_link
406230,城東,ソフトボール部,部活動,https://www.metro.ed.jp/joto-h/school_life/activities.html,club_link
406230,城東,陸上競技部,部活動,https://www.metro.ed.jp/joto-h/school_life/activities.html,club_link
406230,城東,水泳部,部活動,https://www.metro.ed.jp/joto-h/school_life/activities.html,club_link
406230,城東,男子硬式テニス部,部活動,https://www.metro.ed.jp/joto-h/school_life/activities.html,club_link
406230,城東,女子硬式テニス部,部活動,https://www.metro.ed.jp/joto-h/school_life/activities.html,club_link
406230,城東,ダンス部,部活動,https://www.metro.ed.jp/joto-h/school_life/activities.html,club_link
406230,城東,なぎなた部,部活動,https://www.metro.ed.jp/joto-h/school_life/activities.html,club_link
406230,城東,チアバトン部,部活動,https://www.metro.ed.jp/joto-h/school_life/activities.html,club_link
406230,城東,ブラスバンド部,部活動,https://www.metro.ed.jp/joto-h/school_life/activities.html,club_link
406230,城東,軽音楽部,部活動,https://www.metro.ed.jp/joto-h/school_life/activities.html,club_link
406230,城東,茶道部,部活動,https://www.metro.ed.jp/joto-h/school_life/activities.html,club_link
406230,城東,イラストレーション部,部活動,https://www.metro.ed.jp/joto-h/school_life/activities.html,club_link
406230,城東,コンピュータ部,部活動,https://www.metro.ed.jp/joto-h/school_life/activities.html,club_link
406230,城東,筝曲部,部活動,https://www.metro.ed.jp/joto-h/school_life/activities.html,club_link
406230,城東,クッキング部,部活動,https://www.metro.ed.jp/joto-h/school_life/activities.html,club_link
406230,城東,物理部,部活動,https://www.metro.ed.jp/joto-h/school_life/activities.html,club_link
406230,城東,百人一首部,部活動,https://www.metro.ed.jp/joto-h/school_life/activities.html,club_link
406230,城東,園芸同好会,部活動,https://www.metro.ed.jp/joto-h/school_life/activities.html,club_link
406240,小松川,陸上競技部,部活動,https://www.metro.ed.jp/komatsugawa-h/school_life/activities.html,club_link
406240,小松川,サッカー部,部活動,https://www.metro.ed.jp/komatsugawa-h/school_life/activities.html,club_link
406240,小松川,硬式野球部,部活動,https://www.metro.ed.jp/komatsugawa-h/school_life/activities.html,club_link
406240,小松川,ソフトボール部,部活動,https://www.metro.ed.jp/komatsugawa-h/school_life/activities.html,club_link
406240,小松川,ハンドボール部,部活動,https://www.metro.ed.jp/komatsugawa-h/school_life/activities.html,club_link
406240,小松川,硬式テニス部,部活動,https://www.metro.ed.jp/komatsugawa-h/school_life/activities.html,club_link
406240,小松川,ソフトテニス部,部活動,https://www.metro.ed.jp/komatsugawa-h/school_life/activities.html,club_link
406240,小松川,バドミントン部,部活動,https://www.metro.ed.jp/komatsugawa-h/school_life/activities.html,club_link
406240,小松川,男子バレーボール部,部活動,https://www.metro.ed.jp/komatsugawa-h/school_life/activities.html,club_link
406240,小松川,女子バレーボール部,部活動,https://www.metro.ed.jp/komatsugawa-h/school_life/activities.html,club_link
406240,小松川,男子バスケットボール部,部活動,https://www.metro.ed.jp/komatsugawa-h/school_life/activities.html,club_link
406240,小松川,女子バスケットボール部,部活動,https://www.metro.ed.jp/komatsugawa-h/school_life/activities.html,club_link
406240,小松川,剣道部,部活動,https://www.metro.ed.jp/komatsugawa-h/school_life/activities.html,club_link
406240,小松川,ダンス部,部活動,https://www.metro.ed.jp/komatsugawa-h/school_life/activities.html,club_link
406240,小松川,卓球部,部活動,https://www.metro.ed.jp/komatsugawa-h/school_life/activities.html,club_link
406240,小松川,水泳部,部活動,https://www.metro.ed.jp/komatsugawa-h/school_life/activities.html,club_link
406240,小松川,ローイング（ボート）部,部活動,https://www.metro.ed.jp/komatsugawa-h/school_life/activities.html,club_link
406240,小松川,トレッキング部,部活動,https://www.metro.ed.jp/komatsugawa-h/school_life/activities.html,club_link
406240,小松川,合唱部,部活動,https://www.metro.ed.jp/komatsugawa-h/school_life/activities.html,club_link
406240,小松川,吹奏楽部,部活動,https://www.metro.ed.jp/komatsugawa-h/school_life/activities.html,club_link
406240,小松川,美術部,部活動,https://www.metro.ed.jp/komatsugawa-h/school_life/activities.html,club_link
406240,小松川,書道部,部活動,https://www.metro.ed.jp/komatsugawa-h/school_life/activities.html,club_link
406240,小松川,文芸部,部活動,https://www.metro.ed.jp/komatsugawa-h/school_life/activities.html,club_link
406240,小松川,演劇部,部活動,https://www.metro.ed.jp/komatsugawa-h/school_life/activities.html,club_link
406240,小松川,棋道部,部活動,https://www.metro.ed.jp/komatsugawa-h/school_life/activities.html,club_link
406240,小松川,ホームメイキング部,部活動,https://www.metro.ed.jp/komatsugawa-h/school_life/activities.html,club_link
406240,小松川,化学部,部活動,https://www.metro.ed.jp/komatsugawa-h/school_life/activities.html,club_link
406240,小松川,生物部,部活動,https://www.metro.ed.jp/komatsugawa-h/school_life/activities.html,club_link
406240,小松川,地学部,部活動,https://www.metro.ed.jp/komatsugawa-h/school_life/activities.html,club_link
406240,小松川,写真部,部活動,https://www.metro.ed.jp/komatsugawa-h/school_life/activities.html,club_link
406240,小松川,映像研究部,部活動,https://www.metro.ed.jp/komatsugawa-h/school_life/activities.html,club_link
406240,小松川,コンピューター部,部活動,https://www.metro.ed.jp/komatsugawa-h/school_life/activities.html,club_link
406240,小松川,ゲートボール同好会,部活動,https://www.metro.ed.jp/komatsugawa-h/school_life/activities.html,club_link
406240,小松川,クイズ研究同好会,部活動,https://www.metro.ed.jp/komatsugawa-h/school_life/activities.html,club_link
406240,小松川,競技かるた同好会,部活動,https://www.metro.ed.jp/komatsugawa-h/school_life/activities.html,club_link
406250,江戸川,硬式野球部,部活動,https://www.metro.ed.jp/edogawa-h/school_life/activities.html,club_link
406250,江戸川,ソフトボール部,部活動,https://www.metro.ed.jp/edogawa-h/school_life/activities.html,club_link
406250,江戸川,女子バスケットボール部,部活動,https://www.metro.ed.jp/edogawa-h/school_life/activities.html,club_link
406250,江戸川,女子バレーボール部,部活動,https://www.metro.ed.jp/edogawa-h/school_life/activities.html,club_link
406250,江戸川,ハンドボール部,部活動,https://www.metro.ed.jp/edogawa-h/school_life/activities.html,club_link
406250,江戸川,弓道部,部活動,https://www.metro.ed.jp/edogawa-h/school_life/activities.html,club_link
406250,江戸川,陸上競技部,部活動,https://www.metro.ed.jp/edogawa-h/school_life/activities.html,club_link
406250,江戸川,サッカー部,部活動,https://www.metro.ed.jp/edogawa-h/school_life/activities.html,club_link
406250,江戸川,ソフトテニス部,部活動,https://www.metro.ed.jp/edogawa-h/school_life/activities.html,club_link
406250,江戸川,バドミントン部,部活動,https://www.metro.ed.jp/edogawa-h/school_life/activities.html,club_link
406250,江戸川,男子硬式テニス部,部活動,https://www.metro.ed.jp/edogawa-h/school_life/activities.html,club_link
406250,江戸川,女子硬式テニス部,部活動,https://www.metro.ed.jp/edogawa-h/school_life/activities.html,club_link
406250,江戸川,男子バスケットボール部,部活動,https://www.metro.ed.jp/edogawa-h/school_life/activities.html,club_link
406250,江戸川,水泳部,部活動,https://www.metro.ed.jp/edogawa-h/school_life/activities.html,club_link
406250,江戸川,卓球部,部活動,https://www.metro.ed.jp/edogawa-h/school_life/activities.html,club_link
406250,江戸川,剣道部,部活動,https://www.metro.ed.jp/edogawa-h/school_life/activities.html,club_link
406250,江戸川,ダンス部,部活動,https://www.metro.ed.jp/edogawa-h/school_life/activities.html,club_link
406250,江戸川,放送部,部活動,https://www.metro.ed.jp/edogawa-h/school_life/activities.html,club_link
406250,江戸川,吹奏楽部,部活動,https://www.metro.ed.jp/edogawa-h/school_life/activities.html,club_link
406250,江戸川,写真部,部活動,https://www.metro.ed.jp/edogawa-h/school_life/activities.html,club_link
406250,江戸川,美術部,部活動,https://www.metro.ed.jp/edogawa-h/school_life/activities.html,club_link
406250,江戸川,イラストコミック部,部活動,https://www.metro.ed.jp/edogawa-h/school_life/activities.html,club_link
406250,江戸川,茶道部,部活動,https://www.metro.ed.jp/edogawa-h/school_life/activities.html,club_link
406250,江戸川,華道部,部活動,https://www.metro.ed.jp/edogawa-h/school_life/activities.html,club_link
406250,江戸川,料理部,部活動,https://www.metro.ed.jp/edogawa-h/school_life/activities.html,club_link
406250,江戸川,ミュージック部,部活動,https://www.metro.ed.jp/edogawa-h/school_life/activities.html,club_link
406250,江戸川,演劇部,部活動,https://www.metro.ed.jp/edogawa-h/school_life/activities.html,club_link
406250,江戸川,書道部,部活動,https://www.metro.ed.jp/edogawa-h/school_life/activities.html,club_link
406250,江戸川,科学部,部活動,https://www.metro.ed.jp/edogawa-h/school_life/activities.html,club_link
406250,江戸川,文芸同好会,部活動,https://www.metro.ed.jp/edogawa-h/school_life/activities.html,club_link
406260,小岩,男子バスケットボール部,運動部,https://www.metro.ed.jp/koiwa-h/school_life/activities.html,club_ul+club_link
406260,小岩,女子バスケットボール部,運動部,https://www.metro.ed.jp/koiwa-h/school_life/activities.html,club_ul+club_link
406260,小岩,バレーボール部,運動部,https://www.metro.ed.jp/koiwa-h/school_life/activities.html,club_ul+club_link
406260,小岩,バドミントン部,運動部,https://www.metro.ed.jp/koiwa-h/school_life/activities.html,club_ul+club_link
406260,小岩,ハンドボール部,運動部,https://www.metro.ed.jp/koiwa-h/school_life/activities.html,club_ul+club_link
406260,小岩,ダンス部,運動部,https://www.metro.ed.jp/koiwa-h/school_life/activities.html,club_ul+club_link
406260,小岩,サッカー部,運動部,https://www.metro.ed.jp/koiwa-h/school_life/activities.html,club_ul+club_link
406260,小岩,陸上競技部,運動部,https://www.metro.ed.jp/koiwa-h/school_life/activities.html,club_ul+club_link
406260,小岩,硬式野球部,運動部,https://www.metro.ed.jp/koiwa-h/school_life/activities.html,club_ul+club_link
406260,小岩,硬式テニス部,運動部,https://www.metro.ed.jp/koiwa-h/school_life/activities.html,club_ul+club_link
406260,小岩,ソフトテニス部,運動部,https://www.metro.ed.jp/koiwa-h/school_life/activities.html,club_ul+club_link
406260,小岩,弓道部,運動部,https://www.metro.ed.jp/koiwa-h/school_life/activities.html,club_ul+club_link
406260,小岩,水泳部,運動部,https://www.metro.ed.jp/koiwa-h/school_life/activities.html,club_ul+club_link
406260,小岩,卓球部,運動部,https://www.metro.ed.jp/koiwa-h/school_life/activities.html,club_ul+club_link
406260,小岩,ソフトボール部,運動部,https://www.metro.ed.jp/koiwa-h/school_life/activities.html,club_ul+club_link
406260,小岩,剣道部,運動部,https://www.metro.ed.jp/koiwa-h/school_life/activities.html,club_ul+club_link
406260,小岩,軽音楽部,文化部,https://www.metro.ed.jp/koiwa-h/school_life/activities.html,club_ul+club_link
406260,小岩,吹奏楽部,文化部,https://www.metro.ed.jp/koiwa-h/school_life/activities.html,club_ul+club_link
406260,小岩,家庭科部,文化部,https://www.metro.ed.jp/koiwa-h/school_life/activities.html,club_ul+club_link
406260,小岩,茶華道部,文化部,https://www.metro.ed.jp/koiwa-h/school_life/activities.html,club_ul+club_link
406260,小岩,美術部,文化部,https://www.metro.ed.jp/koiwa-h/school_life/activities.html,club_ul+club_link
406260,小岩,放送部,文化部,https://www.metro.ed.jp/koiwa-h/school_life/activities.html,club_ul+club_link
406260,小岩,演劇部,文化部,https://www.metro.ed.jp/koiwa-h/school_life/activities.html,club_ul+club_link
406260,小岩,写真同好会,文化部,https://www.metro.ed.jp/koiwa-h/school_life/activities.html,club_ul+club_link
406260,小岩,書道同好会,文化部,https://www.metro.ed.jp/koiwa-h/school_life/activities.html,club_ul+club_link
406260,小岩,コンピューターサークル,文化部,https://www.metro.ed.jp/koiwa-h/school_life/activities.html,club_ul+club_link
406260,小岩,英検サークル,文化部,https://www.metro.ed.jp/koiwa-h/school_life/activities.html,club_ul+club_link
406260,小岩,男子バスケットボール部,部活動,https://www.metro.ed.jp/koiwa-h/school_life/activities.html,club_ul+club_link
406260,小岩,女子バスケットボール部,部活動,https://www.metro.ed.jp/koiwa-h/school_life/activities.html,club_ul+club_link
406260,小岩,バレーボール部,部活動,https://www.metro.ed.jp/koiwa-h/school_life/activities.html,club_ul+club_link
406260,小岩,バドミントン部,部活動,https://www.metro.ed.jp/koiwa-h/school_life/activities.html,club_ul+club_link
406260,小岩,ダンス部,部活動,https://www.metro.ed.jp/koiwa-h/school_life/activities.html,club_ul+club_link
406270,葛西南,バドミントン 男子バスケットボール,運動部,https://www.metro.ed.jp/kasaiminami-h/school_life/activities.html,club_ul+club_link
406270,葛西南,女子バスケットボール,運動部,https://www.metro.ed.jp/kasaiminami-h/school_life/activities.html,club_ul+club_link
406270,葛西南,男子バレー,運動部,https://www.metro.ed.jp/kasaiminami-h/school_life/activities.html,club_ul+club_link
406270,葛西南,女子バレー,運動部,https://www.metro.ed.jp/kasaiminami-h/school_life/activities.html,club_ul+club_link
406270,葛西南,剣道,運動部,https://www.metro.ed.jp/kasaiminami-h/school_life/activities.html,club_ul+club_link
406270,葛西南,柔道,運動部,https://www.metro.ed.jp/kasaiminami-h/school_life/activities.html,club_ul+club_link
406270,葛西南,卓球,運動部,https://www.metro.ed.jp/kasaiminami-h/school_life/activities.html,club_ul+club_link
406270,葛西南,ダンス,運動部,https://www.metro.ed.jp/kasaiminami-h/school_life/activities.html,club_ul+club_link
406270,葛西南,硬式テニス,運動部,https://www.metro.ed.jp/kasaiminami-h/school_life/activities.html,club_ul+club_link
406270,葛西南,陸上,運動部,https://www.metro.ed.jp/kasaiminami-h/school_life/activities.html,club_ul+club_link
406270,葛西南,サッカー,運動部,https://www.metro.ed.jp/kasaiminami-h/school_life/activities.html,club_ul+club_link
406270,葛西南,野球,運動部,https://www.metro.ed.jp/kasaiminami-h/school_life/activities.html,club_ul+club_link
406270,葛西南,ハンドボール,運動部,https://www.metro.ed.jp/kasaiminami-h/school_life/activities.html,club_ul+club_link
406270,葛西南,ソフトボール,運動部,https://www.metro.ed.jp/kasaiminami-h/school_life/activities.html,club_ul+club_link
406270,葛西南,水泳,運動部,https://www.metro.ed.jp/kasaiminami-h/school_life/activities.html,club_ul+club_link
406270,葛西南,空手,運動部,https://www.metro.ed.jp/kasaiminami-h/school_life/activities.html,club_ul+club_link
406270,葛西南,吹奏楽 軽音楽,文化部,https://www.metro.ed.jp/kasaiminami-h/school_life/activities.html,club_ul+club_link
406270,葛西南,演劇,文化部,https://www.metro.ed.jp/kasaiminami-h/school_life/activities.html,club_ul+club_link
406270,葛西南,漫画研究,文化部,https://www.metro.ed.jp/kasaiminami-h/school_life/activities.html,club_ul+club_link
406270,葛西南,美術,文化部,https://www.metro.ed.jp/kasaiminami-h/school_life/activities.html,club_ul+club_link
406270,葛西南,茶道,文化部,https://www.metro.ed.jp/kasaiminami-h/school_life/activities.html,club_ul+club_link
406270,葛西南,生物,文化部,https://www.metro.ed.jp/kasaiminami-h/school_life/activities.html,club_ul+club_link
406270,葛西南,Cooking,文化部,https://www.metro.ed.jp/kasaiminami-h/school_life/activities.html,club_ul+club_link
406270,葛西南,メディア,文化部,https://www.metro.ed.jp/kasaiminami-h/school_life/activities.html,club_ul+club_link
406270,葛西南,声優研究,文化部,https://www.metro.ed.jp/kasaiminami-h/school_life/activities.html,club_ul+club_link
406270,葛西南,ハンドメイド,文化部,https://www.metro.ed.jp/kasaiminami-h/school_life/activities.html,club_ul+club_link
406270,葛西南,百人一首同好会,文化部,https://www.metro.ed.jp/kasaiminami-h/school_life/activities.html,club_ul+club_link
406270,葛西南,歴史研究同好会,文化部,https://www.metro.ed.jp/kasaiminami-h/school_life/activities.html,club_ul+club_link
406280,篠崎,陸上競技部,運動部,https://www.metro.ed.jp/shinozaki-h/school_life/activities.html,club_ul+club_link
406280,篠崎,男子バスケットボール部,運動部,https://www.metro.ed.jp/shinozaki-h/school_life/activities.html,club_ul+club_link
406280,篠崎,女子バスケットボール部,運動部,https://www.metro.ed.jp/shinozaki-h/school_life/activities.html,club_ul+club_link
406280,篠崎,バレーボール部,運動部,https://www.metro.ed.jp/shinozaki-h/school_life/activities.html,club_ul+club_link
406280,篠崎,硬式野球部,運動部,https://www.metro.ed.jp/shinozaki-h/school_life/activities.html,club_ul+club_link
406280,篠崎,硬式テニス部,運動部,https://www.metro.ed.jp/shinozaki-h/school_life/activities.html,club_ul+club_link
406280,篠崎,サッカー部,運動部,https://www.metro.ed.jp/shinozaki-h/school_life/activities.html,club_ul+club_link
406280,篠崎,柔道部,運動部,https://www.metro.ed.jp/shinozaki-h/school_life/activities.html,club_ul+club_link
406280,篠崎,剣道部,運動部,https://www.metro.ed.jp/shinozaki-h/school_life/activities.html,club_ul+club_link
406280,篠崎,バドミントン部,運動部,https://www.metro.ed.jp/shinozaki-h/school_life/activities.html,club_ul+club_link
406280,篠崎,卓球部,運動部,https://www.metro.ed.jp/shinozaki-h/school_life/activities.html,club_ul+club_link
406280,篠崎,ダンス部,運動部,https://www.metro.ed.jp/shinozaki-h/school_life/activities.html,club_ul+club_link
406280,篠崎,ワンダーフォーゲル部,運動部,https://www.metro.ed.jp/shinozaki-h/school_life/activities.html,club_ul+club_link
406280,篠崎,ソフトボール部,運動部,https://www.metro.ed.jp/shinozaki-h/school_life/activities.html,club_ul+club_link
406280,篠崎,演劇部,文化部,https://www.metro.ed.jp/shinozaki-h/school_life/activities.html,club_ul+club_link
406280,篠崎,和太鼓部,文化部,https://www.metro.ed.jp/shinozaki-h/school_life/activities.html,club_ul+club_link
406280,篠崎,茶道部,文化部,https://www.metro.ed.jp/shinozaki-h/school_life/activities.html,club_ul+club_link
406280,篠崎,イラスト部,文化部,https://www.metro.ed.jp/shinozaki-h/school_life/activities.html,club_ul+club_link
406280,篠崎,自然科学部,文化部,https://www.metro.ed.jp/shinozaki-h/school_life/activities.html,club_ul+club_link
406280,篠崎,美術部,文化部,https://www.metro.ed.jp/shinozaki-h/school_life/activities.html,club_ul+club_link
406280,篠崎,吹奏楽部,文化部,https://www.metro.ed.jp/shinozaki-h/school_life/activities.html,club_ul+club_link
406280,篠崎,軽音楽部,文化部,https://www.metro.ed.jp/shinozaki-h/school_life/activities.html,club_ul+club_link
406280,篠崎,料理部,文化部,https://www.metro.ed.jp/shinozaki-h/school_life/activities.html,club_ul+club_link
406280,篠崎,ファッションデザイン部,文化部,https://www.metro.ed.jp/shinozaki-h/school_life/activities.html,club_ul+club_link
406280,篠崎,マルチメディア部,文化部,https://www.metro.ed.jp/shinozaki-h/school_life/activities.html,club_ul+club_link
406290,紅葉川,陸上競技部,部活動,https://www.metro.ed.jp/momijigawa-h/school_life/activities.html,club_link
406290,紅葉川,バドミントン部,部活動,https://www.metro.ed.jp/momijigawa-h/school_life/activities.html,club_link
406290,紅葉川,男子硬式テニス部,部活動,https://www.metro.ed.jp/momijigawa-h/school_life/activities.html,club_link
406290,紅葉川,女子硬式テニス部,部活動,https://www.metro.ed.jp/momijigawa-h/school_life/activities.html,club_link
406290,紅葉川,野球部,部活動,https://www.metro.ed.jp/momijigawa-h/school_life/activities.html,club_link
406290,紅葉川,サッカー部,部活動,https://www.metro.ed.jp/momijigawa-h/school_life/activities.html,club_link
406290,紅葉川,男子バスケットボール部,部活動,https://www.metro.ed.jp/momijigawa-h/school_life/activities.html,club_link
406290,紅葉川,女子バスケットボール部,部活動,https://www.metro.ed.jp/momijigawa-h/school_life/activities.html,club_link
406290,紅葉川,男子バレーボール部,部活動,https://www.metro.ed.jp/momijigawa-h/school_life/activities.html,club_link
406290,紅葉川,女子バレーボール部,部活動,https://www.metro.ed.jp/momijigawa-h/school_life/activities.html,club_link
406290,紅葉川,卓球部,部活動,https://www.metro.ed.jp/momijigawa-h/school_life/activities.html,club_link
406290,紅葉川,水泳部,部活動,https://www.metro.ed.jp/momijigawa-h/school_life/activities.html,club_link
406290,紅葉川,柔道部,部活動,https://www.metro.ed.jp/momijigawa-h/school_life/activities.html,club_link
406290,紅葉川,剣道部,部活動,https://www.metro.ed.jp/momijigawa-h/school_life/activities.html,club_link
406290,紅葉川,書道部,部活動,https://www.metro.ed.jp/momijigawa-h/school_life/activities.html,club_link
406290,紅葉川,軽音楽部,部活動,https://www.metro.ed.jp/momijigawa-h/school_life/activities.html,club_link
406290,紅葉川,演劇部,部活動,https://www.metro.ed.jp/momijigawa-h/school_life/activities.html,club_link
406290,紅葉川,写真部,部活動,https://www.metro.ed.jp/momijigawa-h/school_life/activities.html,club_link
406290,紅葉川,吹奏楽部,部活動,https://www.metro.ed.jp/momijigawa-h/school_life/activities.html,club_link
406290,紅葉川,美術部,部活動,https://www.metro.ed.jp/momijigawa-h/school_life/activities.html,club_link
406290,紅葉川,茶道部,部活動,https://www.metro.ed.jp/momijigawa-h/school_life/activities.html,club_link
406290,紅葉川,漫画研究部,部活動,https://www.metro.ed.jp/momijigawa-h/school_life/activities.html,club_link
406290,紅葉川,コンピュータ部,部活動,https://www.metro.ed.jp/momijigawa-h/school_life/activities.html,club_link
406290,紅葉川,家庭部,部活動,https://www.metro.ed.jp/momijigawa-h/school_life/activities.html,club_link
406290,紅葉川,メイプル部,部活動,https://www.metro.ed.jp/momijigawa-h/school_life/activities.html,club_link
406420,葛飾総合,バスケットボール部,運動部,https://www.metro.ed.jp/katsushikasogo-h/school_life/activities.html,club_ul+club_link
406420,葛飾総合,男子バレーボール部,運動部,https://www.metro.ed.jp/katsushikasogo-h/school_life/activities.html,club_ul+club_link
406420,葛飾総合,女子バレーボール部,運動部,https://www.metro.ed.jp/katsushikasogo-h/school_life/activities.html,club_ul+club_link
406420,葛飾総合,バドミントン部,運動部,https://www.metro.ed.jp/katsushikasogo-h/school_life/activities.html,club_ul+club_link
406420,葛飾総合,卓球部,運動部,https://www.metro.ed.jp/katsushikasogo-h/school_life/activities.html,club_ul+club_link
406420,葛飾総合,ダンス部,運動部,https://www.metro.ed.jp/katsushikasogo-h/school_life/activities.html,club_ul+club_link
406420,葛飾総合,硬式テニス部,運動部,https://www.metro.ed.jp/katsushikasogo-h/school_life/activities.html,club_ul+club_link
406420,葛飾総合,ソフトテニス部,運動部,https://www.metro.ed.jp/katsushikasogo-h/school_life/activities.html,club_ul+club_link
406420,葛飾総合,陸上競技部,運動部,https://www.metro.ed.jp/katsushikasogo-h/school_life/activities.html,club_ul+club_link
406420,葛飾総合,サッカー部,運動部,https://www.metro.ed.jp/katsushikasogo-h/school_life/activities.html,club_ul+club_link
406420,葛飾総合,水泳部,運動部,https://www.metro.ed.jp/katsushikasogo-h/school_life/activities.html,club_ul+club_link
406420,葛飾総合,弓道部,運動部,https://www.metro.ed.jp/katsushikasogo-h/school_life/activities.html,club_ul+club_link
406420,葛飾総合,硬式野球部,運動部,https://www.metro.ed.jp/katsushikasogo-h/school_life/activities.html,club_ul+club_link
406420,葛飾総合,吹奏楽部,文化部,https://www.metro.ed.jp/katsushikasogo-h/school_life/activities.html,club_ul+club_link
406420,葛飾総合,美術部,文化部,https://www.metro.ed.jp/katsushikasogo-h/school_life/activities.html,club_ul+club_link
406420,葛飾総合,茶道部,文化部,https://www.metro.ed.jp/katsushikasogo-h/school_life/activities.html,club_ul+club_link
406420,葛飾総合,福祉・ボランティア部,文化部,https://www.metro.ed.jp/katsushikasogo-h/school_life/activities.html,club_ul+club_link
406420,葛飾総合,イラストレーション部,文化部,https://www.metro.ed.jp/katsushikasogo-h/school_life/activities.html,club_ul+club_link
406420,葛飾総合,クッキング部,文化部,https://www.metro.ed.jp/katsushikasogo-h/school_life/activities.html,club_ul+club_link
406420,葛飾総合,演劇部,文化部,https://www.metro.ed.jp/katsushikasogo-h/school_life/activities.html,club_ul+club_link
406420,葛飾総合,パソコン部,文化部,https://www.metro.ed.jp/katsushikasogo-h/school_life/activities.html,club_ul+club_link
406420,葛飾総合,軽音楽部,文化部,https://www.metro.ed.jp/katsushikasogo-h/school_life/activities.html,club_ul+club_link
406420,葛飾総合,自然科学部,文化部,https://www.metro.ed.jp/katsushikasogo-h/school_life/activities.html,club_ul+club_link
406420,葛飾総合,写真部,文化部,https://www.metro.ed.jp/katsushikasogo-h/school_life/activities.html,club_ul+club_link
406420,葛飾総合,陶芸部,文化部,https://www.metro.ed.jp/katsushikasogo-h/school_life/activities.html,club_ul+club_link
406420,葛飾総合,文芸部（KJ部）,文化部,https://www.metro.ed.jp/katsushikasogo-h/school_life/activities.html,club_ul+club_link
406420,葛飾総合,女子バスケットボール部,部活動,https://www.metro.ed.jp/katsushikasogo-h/school_life/activities.html,club_ul+club_link
406420,葛飾総合,男子バスケットボール部,部活動,https://www.metro.ed.jp/katsushikasogo-h/school_life/activities.html,club_ul+club_link
406620,葛飾商業,葛商AI同好会,部活動,https://www.metro.ed.jp/katsushikasyogyo-h/school_life/activities.html,club_link
406620,葛飾商業,女子バレーボール部,部活動,https://www.metro.ed.jp/katsushikasyogyo-h/school_life/activities.html,club_link
406620,葛飾商業,バドミントン部,部活動,https://www.metro.ed.jp/katsushikasyogyo-h/school_life/activities.html,club_link
406620,葛飾商業,ダンス部,部活動,https://www.metro.ed.jp/katsushikasyogyo-h/school_life/activities.html,club_link
406620,葛飾商業,剣道部,部活動,https://www.metro.ed.jp/katsushikasyogyo-h/school_life/activities.html,club_link
406620,葛飾商業,ソフトボール部,部活動,https://www.metro.ed.jp/katsushikasyogyo-h/school_life/activities.html,club_link
406620,葛飾商業,サッカー部,部活動,https://www.metro.ed.jp/katsushikasyogyo-h/school_life/activities.html,club_link
406620,葛飾商業,硬式野球部,部活動,https://www.metro.ed.jp/katsushikasyogyo-h/school_life/activities.html,club_link
406620,葛飾商業,陸上競技部,部活動,https://www.metro.ed.jp/katsushikasyogyo-h/school_life/activities.html,club_link
406620,葛飾商業,ソフトテニス部,部活動,https://www.metro.ed.jp/katsushikasyogyo-h/school_life/activities.html,club_link
406620,葛飾商業,硬式テニス部,部活動,https://www.metro.ed.jp/katsushikasyogyo-h/school_life/activities.html,club_link
406620,葛飾商業,卓球部,部活動,https://www.metro.ed.jp/katsushikasyogyo-h/school_life/activities.html,club_link
406620,葛飾商業,吹奏楽部,部活動,https://www.metro.ed.jp/katsushikasyogyo-h/school_life/activities.html,club_link
406620,葛飾商業,イラストレーション部,部活動,https://www.metro.ed.jp/katsushikasyogyo-h/school_life/activities.html,club_link
406620,葛飾商業,茶道部,部活動,https://www.metro.ed.jp/katsushikasyogyo-h/school_life/activities.html,club_link
406620,葛飾商業,軽音楽部,部活動,https://www.metro.ed.jp/katsushikasyogyo-h/school_life/activities.html,club_link
406620,葛飾商業,簿記部,部活動,https://www.metro.ed.jp/katsushikasyogyo-h/school_life/activities.html,club_link
406620,葛飾商業,パソコン部,部活動,https://www.metro.ed.jp/katsushikasyogyo-h/school_life/activities.html,club_link
406620,葛飾商業,家庭科部,部活動,https://www.metro.ed.jp/katsushikasyogyo-h/school_life/activities.html,club_link
406620,葛飾商業,写真部,部活動,https://www.metro.ed.jp/katsushikasyogyo-h/school_life/activities.html,club_link
406620,葛飾商業,美術部,部活動,https://www.metro.ed.jp/katsushikasyogyo-h/school_life/activities.html,club_link
406620,葛飾商業,演劇部,部活動,https://www.metro.ed.jp/katsushikasyogyo-h/school_life/activities.html,club_link
406620,葛飾商業,ゲーム部,部活動,https://www.metro.ed.jp/katsushikasyogyo-h/school_life/activities.html,club_link
406620,葛飾商業,かるた同好会,部活動,https://www.metro.ed.jp/katsushikasyogyo-h/school_life/activities.html,club_link
406620,葛飾商業,マーケティング同好会,部活動,https://www.metro.ed.jp/katsushikasyogyo-h/school_life/activities.html,club_link
406620,葛飾商業,JRC同好会,部活動,https://www.metro.ed.jp/katsushikasyogyo-h/school_life/activities.html,club_link
406620,葛飾商業,男子バスケットボール部,部活動,https://www.metro.ed.jp/katsushikasyogyo-h/school_life/activities.html,club_link
406620,葛飾商業,女子バスケットボール部,部活動,https://www.metro.ed.jp/katsushikasyogyo-h/school_life/activities.html,club_link
406630,江東商業,女子バスケットボール部,部活動,https://www.metro.ed.jp/kotosyogyo-h/school_life/activities.html,club_link
406630,江東商業,卓球部,部活動,https://www.metro.ed.jp/kotosyogyo-h/school_life/activities.html,club_link
406630,江東商業,水泳部,部活動,https://www.metro.ed.jp/kotosyogyo-h/school_life/activities.html,club_link
406630,江東商業,軟式野球部,部活動,https://www.metro.ed.jp/kotosyogyo-h/school_life/activities.html,club_link
406630,江東商業,ソフトテニス部,部活動,https://www.metro.ed.jp/kotosyogyo-h/school_life/activities.html,club_link
406630,江東商業,サッカー部,部活動,https://www.metro.ed.jp/kotosyogyo-h/school_life/activities.html,club_link
406630,江東商業,バドミントン部,部活動,https://www.metro.ed.jp/kotosyogyo-h/school_life/activities.html,club_link
406630,江東商業,男子バスケットボール部,部活動,https://www.metro.ed.jp/kotosyogyo-h/school_life/activities.html,club_link
406630,江東商業,女子バレーボール部,部活動,https://www.metro.ed.jp/kotosyogyo-h/school_life/activities.html,club_link
406630,江東商業,硬式テニス部,部活動,https://www.metro.ed.jp/kotosyogyo-h/school_life/activities.html,club_link
406630,江東商業,ダンス部,部活動,https://www.metro.ed.jp/kotosyogyo-h/school_life/activities.html,club_link
406630,江東商業,簿記部,部活動,https://www.metro.ed.jp/kotosyogyo-h/school_life/activities.html,club_link
406630,江東商業,吹奏楽部,部活動,https://www.metro.ed.jp/kotosyogyo-h/school_life/activities.html,club_link
406630,江東商業,軽音楽部,部活動,https://www.metro.ed.jp/kotosyogyo-h/school_life/activities.html,club_link
406630,江東商業,演劇部,部活動,https://www.metro.ed.jp/kotosyogyo-h/school_life/activities.html,club_link
406630,江東商業,華道部,部活動,https://www.metro.ed.jp/kotosyogyo-h/school_life/activities.html,club_link
406630,江東商業,クッキング部,部活動,https://www.metro.ed.jp/kotosyogyo-h/school_life/activities.html,club_link
406630,江東商業,茶道部,部活動,https://www.metro.ed.jp/kotosyogyo-h/school_life/activities.html,club_link
406630,江東商業,JRC部,部活動,https://www.metro.ed.jp/kotosyogyo-h/school_life/activities.html,club_link
406630,江東商業,パソコン部,部活動,https://www.metro.ed.jp/kotosyogyo-h/school_life/activities.html,club_link
406630,江東商業,ワープロ部,部活動,https://www.metro.ed.jp/kotosyogyo-h/school_life/activities.html,club_link
406630,江東商業,アニメコミック部,部活動,https://www.metro.ed.jp/kotosyogyo-h/school_life/activities.html,club_link
406630,江東商業,マーケティング部,部活動,https://www.metro.ed.jp/kotosyogyo-h/school_life/activities.html,club_link
406630,江東商業,百人一首同好会,部活動,https://www.metro.ed.jp/kotosyogyo-h/school_life/activities.html,club_link
406640,第三商業,サッカー部,部活動,https://www.metro.ed.jp/daisansyogyo-h/school_life/activities.html,club_link
406640,第三商業,硬式野球部,部活動,https://www.metro.ed.jp/daisansyogyo-h/school_life/activities.html,club_link
406640,第三商業,男子バスケットボール部,部活動,https://www.metro.ed.jp/daisansyogyo-h/school_life/activities.html,club_link
406640,第三商業,女子バスケットボール部,部活動,https://www.metro.ed.jp/daisansyogyo-h/school_life/activities.html,club_link
406640,第三商業,男子バレーボール部,部活動,https://www.metro.ed.jp/daisansyogyo-h/school_life/activities.html,club_link
406640,第三商業,女子バレーボール部,部活動,https://www.metro.ed.jp/daisansyogyo-h/school_life/activities.html,club_link
406640,第三商業,バドミントン部,部活動,https://www.metro.ed.jp/daisansyogyo-h/school_life/activities.html,club_link
406640,第三商業,ソフトテニス部,部活動,https://www.metro.ed.jp/daisansyogyo-h/school_life/activities.html,club_link
406640,第三商業,硬式テニス部,部活動,https://www.metro.ed.jp/daisansyogyo-h/school_life/activities.html,club_link
406640,第三商業,陸上競技部,部活動,https://www.metro.ed.jp/daisansyogyo-h/school_life/activities.html,club_link
406640,第三商業,水泳部,部活動,https://www.metro.ed.jp/daisansyogyo-h/school_life/activities.html,club_link
406640,第三商業,ソフトボール部,部活動,https://www.metro.ed.jp/daisansyogyo-h/school_life/activities.html,club_link
406640,第三商業,柔道部,部活動,https://www.metro.ed.jp/daisansyogyo-h/school_life/activities.html,club_link
406640,第三商業,ダンス部,部活動,https://www.metro.ed.jp/daisansyogyo-h/school_life/activities.html,club_link
406640,第三商業,レスリング部,部活動,https://www.metro.ed.jp/daisansyogyo-h/school_life/activities.html,club_link
406640,第三商業,バトントワリング部,部活動,https://www.metro.ed.jp/daisansyogyo-h/school_life/activities.html,club_link
406640,第三商業,女子サッカー同好会,部活動,https://www.metro.ed.jp/daisansyogyo-h/school_life/activities.html,club_link
406640,第三商業,ブラスバンド部,部活動,https://www.metro.ed.jp/daisansyogyo-h/school_life/activities.html,club_link
406640,第三商業,美術部,部活動,https://www.metro.ed.jp/daisansyogyo-h/school_life/activities.html,club_link
406640,第三商業,家庭科部,部活動,https://www.metro.ed.jp/daisansyogyo-h/school_life/activities.html,club_link
406640,第三商業,演劇部,部活動,https://www.metro.ed.jp/daisansyogyo-h/school_life/activities.html,club_link
406640,第三商業,軽音楽部,部活動,https://www.metro.ed.jp/daisansyogyo-h/school_life/activities.html,club_link
406640,第三商業,写真部,部活動,https://www.metro.ed.jp/daisansyogyo-h/school_life/activities.html,club_link
406640,第三商業,茶道部,部活動,https://www.metro.ed.jp/daisansyogyo-h/school_life/activities.html,club_link
406640,第三商業,華道部,部活動,https://www.metro.ed.jp/daisansyogyo-h/school_life/activities.html,club_link
406640,第三商業,書道部,部活動,https://www.metro.ed.jp/daisansyogyo-h/school_life/activities.html,club_link
406640,第三商業,簿記部,部活動,https://www.metro.ed.jp/daisansyogyo-h/school_life/activities.html,club_link
406640,第三商業,情報処理部,部活動,https://www.metro.ed.jp/daisansyogyo-h/school_life/activities.html,club_link
406730,墨田工科,アウトドア部,部活動,https://www.metro.ed.jp/sumidakoka-h/school_life/activities.html,club_link
406730,墨田工科,応援部,部活動,https://www.metro.ed.jp/sumidakoka-h/school_life/activities.html,club_link
406730,墨田工科,剣道部,部活動,https://www.metro.ed.jp/sumidakoka-h/school_life/activities.html,club_link
406730,墨田工科,サッカー部,部活動,https://www.metro.ed.jp/sumidakoka-h/school_life/activities.html,club_link
406730,墨田工科,柔道部,部活動,https://www.metro.ed.jp/sumidakoka-h/school_life/activities.html,club_link
406730,墨田工科,水泳部,部活動,https://www.metro.ed.jp/sumidakoka-h/school_life/activities.html,club_link
406730,墨田工科,卓球部,部活動,https://www.metro.ed.jp/sumidakoka-h/school_life/activities.html,club_link
406730,墨田工科,ダンス部,部活動,https://www.metro.ed.jp/sumidakoka-h/school_life/activities.html,club_link
406730,墨田工科,硬式テニス部,部活動,https://www.metro.ed.jp/sumidakoka-h/school_life/activities.html,club_link
406730,墨田工科,バスケットボール部,部活動,https://www.metro.ed.jp/sumidakoka-h/school_life/activities.html,club_link
406730,墨田工科,バドミントン部,部活動,https://www.metro.ed.jp/sumidakoka-h/school_life/activities.html,club_link
406730,墨田工科,硬式野球部,部活動,https://www.metro.ed.jp/sumidakoka-h/school_life/activities.html,club_link
406730,墨田工科,ラグビー部,部活動,https://www.metro.ed.jp/sumidakoka-h/school_life/activities.html,club_link
406730,墨田工科,陸上競技部,部活動,https://www.metro.ed.jp/sumidakoka-h/school_life/activities.html,club_link
406730,墨田工科,囲碁将棋部,部活動,https://www.metro.ed.jp/sumidakoka-h/school_life/activities.html,club_link
406730,墨田工科,音楽部,部活動,https://www.metro.ed.jp/sumidakoka-h/school_life/activities.html,club_link
406730,墨田工科,原動機部,部活動,https://www.metro.ed.jp/sumidakoka-h/school_life/activities.html,club_link
406730,墨田工科,工作部,部活動,https://www.metro.ed.jp/sumidakoka-h/school_life/activities.html,club_link
406730,墨田工科,コンピュータ部,部活動,https://www.metro.ed.jp/sumidakoka-h/school_life/activities.html,club_link
406730,墨田工科,美術建築部,部活動,https://www.metro.ed.jp/sumidakoka-h/school_life/activities.html,club_link
406730,墨田工科,模型ラジコン部,部活動,https://www.metro.ed.jp/sumidakoka-h/school_life/activities.html,club_link
406730,墨田工科,機械技術研究部,部活動,https://www.metro.ed.jp/sumidakoka-h/school_life/activities.html,club_link
406760,葛西工科,卓球部,運動部,https://www.metro.ed.jp/kasaikoka-h/school_life/activities.html,club_ul+club_link
406760,葛西工科,バドミントン部,運動部,https://www.metro.ed.jp/kasaikoka-h/school_life/activities.html,club_ul+club_link
406760,葛西工科,バスケットボール部,運動部,https://www.metro.ed.jp/kasaikoka-h/school_life/activities.html,club_ul+club_link
406760,葛西工科,サッカー部,運動部,https://www.metro.ed.jp/kasaikoka-h/school_life/activities.html,club_ul+club_link
406760,葛西工科,陸上競技部,運動部,https://www.metro.ed.jp/kasaikoka-h/school_life/activities.html,club_ul+club_link
406760,葛西工科,水泳部,運動部,https://www.metro.ed.jp/kasaikoka-h/school_life/activities.html,club_ul+club_link
406760,葛西工科,ラグビーフットボール部,運動部,https://www.metro.ed.jp/kasaikoka-h/school_life/activities.html,club_ul+club_link
406760,葛西工科,硬式野球部,運動部,https://www.metro.ed.jp/kasaikoka-h/school_life/activities.html,club_ul+club_link
406760,葛西工科,柔道部,運動部,https://www.metro.ed.jp/kasaikoka-h/school_life/activities.html,club_ul+club_link
406760,葛西工科,剣道部,運動部,https://www.metro.ed.jp/kasaikoka-h/school_life/activities.html,club_ul+club_link
406760,葛西工科,硬式テニス部,運動部,https://www.metro.ed.jp/kasaikoka-h/school_life/activities.html,club_ul+club_link
406760,葛西工科,バレーボール部,運動部,https://www.metro.ed.jp/kasaikoka-h/school_life/activities.html,club_ul+club_link
406760,葛西工科,ダンス部,運動部,https://www.metro.ed.jp/kasaikoka-h/school_life/activities.html,club_ul+club_link
406760,葛西工科,自転車競技部,運動部,https://www.metro.ed.jp/kasaikoka-h/school_life/activities.html,club_ul+club_link
406760,葛西工科,マシンクラフト部,文化部,https://www.metro.ed.jp/kasaikoka-h/school_life/activities.html,club_ul+club_link
406760,葛西工科,電子部,文化部,https://www.metro.ed.jp/kasaikoka-h/school_life/activities.html,club_ul+club_link
406760,葛西工科,建築部,文化部,https://www.metro.ed.jp/kasaikoka-h/school_life/activities.html,club_ul+club_link
406760,葛西工科,写真部,文化部,https://www.metro.ed.jp/kasaikoka-h/school_life/activities.html,club_ul+club_link
406760,葛西工科,現代視覚文化研究部,文化部,https://www.metro.ed.jp/kasaikoka-h/school_life/activities.html,club_ul+club_link
406760,葛西工科,軽音楽部,文化部,https://www.metro.ed.jp/kasaikoka-h/school_life/activities.html,club_ul+club_link
406760,葛西工科,生花茶道部,文化部,https://www.metro.ed.jp/kasaikoka-h/school_life/activities.html,club_ul+club_link
406760,葛西工科,パソコン部,文化部,https://www.metro.ed.jp/kasaikoka-h/school_life/activities.html,club_ul+club_link
406760,葛西工科,家庭科部,文化部,https://www.metro.ed.jp/kasaikoka-h/school_life/activities.html,club_ul+club_link
406760,葛西工科,自動車部,文化部,https://www.metro.ed.jp/kasaikoka-h/school_life/activities.html,club_ul+club_link
406760,葛西工科,園芸部,文化部,https://www.metro.ed.jp/kasaikoka-h/school_life/activities.html,club_ul+club_link
406760,葛西工科,和太鼓部,文化部,https://www.metro.ed.jp/kasaikoka-h/school_life/activities.html,club_ul+club_link
406760,葛西工科,鉄道研究部,文化部,https://www.metro.ed.jp/kasaikoka-h/school_life/activities.html,club_ul+club_link
406760,葛西工科,演劇部,文化部,https://www.metro.ed.jp/kasaikoka-h/school_life/activities.html,club_ul+club_link
406780,科学技術,サッカー部,運動部,https://www.metro.ed.jp/kagakugijyutu-h/school_life/activities.html,club_ul+club_link
406780,科学技術,ラグビー部,運動部,https://www.metro.ed.jp/kagakugijyutu-h/school_life/activities.html,club_ul+club_link
406780,科学技術,硬式テニス部,運動部,https://www.metro.ed.jp/kagakugijyutu-h/school_life/activities.html,club_ul+club_link
406780,科学技術,陸上競技部,運動部,https://www.metro.ed.jp/kagakugijyutu-h/school_life/activities.html,club_ul+club_link
406780,科学技術,剣道部,運動部,https://www.metro.ed.jp/kagakugijyutu-h/school_life/activities.html,club_ul+club_link
406780,科学技術,柔道部,運動部,https://www.metro.ed.jp/kagakugijyutu-h/school_life/activities.html,club_ul+club_link
406780,科学技術,バスケットボール部,運動部,https://www.metro.ed.jp/kagakugijyutu-h/school_life/activities.html,club_ul+club_link
406780,科学技術,バレーボール部,運動部,https://www.metro.ed.jp/kagakugijyutu-h/school_life/activities.html,club_ul+club_link
406780,科学技術,バドミントン部,運動部,https://www.metro.ed.jp/kagakugijyutu-h/school_life/activities.html,club_ul+club_link
406780,科学技術,卓球部,運動部,https://www.metro.ed.jp/kagakugijyutu-h/school_life/activities.html,club_ul+club_link
406780,科学技術,水泳部,運動部,https://www.metro.ed.jp/kagakugijyutu-h/school_life/activities.html,club_ul+club_link
406780,科学技術,アウトドアライフ部,運動部,https://www.metro.ed.jp/kagakugijyutu-h/school_life/activities.html,club_ul+club_link
406780,科学技術,硬式野球部,運動部,https://www.metro.ed.jp/kagakugijyutu-h/school_life/activities.html,club_ul+club_link
406780,科学技術,ダンス部,運動部,https://www.metro.ed.jp/kagakugijyutu-h/school_life/activities.html,club_ul+club_link
406780,科学技術,科学研究部（物理・数学班）,文化部,https://www.metro.ed.jp/kagakugijyutu-h/school_life/activities.html,club_ul+club_link
406780,科学技術,科学研究部（生物化学班）,文化部,https://www.metro.ed.jp/kagakugijyutu-h/school_life/activities.html,club_ul+club_link
406780,科学技術,科学研究部（生活科学班）,文化部,https://www.metro.ed.jp/kagakugijyutu-h/school_life/activities.html,club_ul+club_link
406780,科学技術,演劇部,文化部,https://www.metro.ed.jp/kagakugijyutu-h/school_life/activities.html,club_ul+club_link
406780,科学技術,ＭＣＧ部,文化部,https://www.metro.ed.jp/kagakugijyutu-h/school_life/activities.html,club_ul+club_link
406780,科学技術,機械工作部,文化部,https://www.metro.ed.jp/kagakugijyutu-h/school_life/activities.html,club_ul+club_link
406780,科学技術,ロボット部,文化部,https://www.metro.ed.jp/kagakugijyutu-h/school_life/activities.html,club_ul+club_link
406780,科学技術,囲碁将棋部,文化部,https://www.metro.ed.jp/kagakugijyutu-h/school_life/activities.html,club_ul+club_link
406780,科学技術,写真部,文化部,https://www.metro.ed.jp/kagakugijyutu-h/school_life/activities.html,club_ul+club_link
406780,科学技術,吹奏楽部,文化部,https://www.metro.ed.jp/kagakugijyutu-h/school_life/activities.html,club_ul+club_link
406780,科学技術,調理科学部,文化部,https://www.metro.ed.jp/kagakugijyutu-h/school_life/activities.html,club_ul+club_link
406780,科学技術,茶華道部,文化部,https://www.metro.ed.jp/kagakugijyutu-h/school_life/activities.html,club_ul+club_link
406780,科学技術,鉄道研究部,文化部,https://www.metro.ed.jp/kagakugijyutu-h/school_life/activities.html,club_ul+club_link
406780,科学技術,園芸部,文化部,https://www.metro.ed.jp/kagakugijyutu-h/school_life/activities.html,club_ul+club_link
406780,科学技術,ＬＥＧＯ競技同好会,文化部,https://www.metro.ed.jp/kagakugijyutu-h/school_life/activities.html,club_ul+club_link
406780,科学技術,魚類研究同好会,文化部,https://www.metro.ed.jp/kagakugijyutu-h/school_life/activities.html,club_ul+club_link
406780,科学技術,美術愛好会,文化部,https://www.metro.ed.jp/kagakugijyutu-h/school_life/activities.html,club_ul+club_link
406780,科学技術,フライングオブジェクトプロジェクト,文化部,https://www.metro.ed.jp/kagakugijyutu-h/school_life/activities.html,club_ul+club_link
406780,科学技術,奇術愛好会,文化部,https://www.metro.ed.jp/kagakugijyutu-h/school_life/activities.html,club_ul+club_link
406780,科学技術,武術研究愛好会,部活動,https://www.metro.ed.jp/kagakugijyutu-h/school_life/activities.html,club_ul+club_link
406780,科学技術,軽音愛好会,部活動,https://www.metro.ed.jp/kagakugijyutu-h/school_life/activities.html,club_ul+club_link
406780,科学技術,小説・漫画愛好会,部活動,https://www.metro.ed.jp/kagakugijyutu-h/school_life/activities.html,club_ul+club_link
406810,農産,女子バレーボール部,部活動,https://www.metro.ed.jp/nosan-h/school_life/activities.html,club_ul+club_link
406810,農産,男子バスケットボール部,部活動,https://www.metro.ed.jp/nosan-h/school_life/activities.html,club_ul+club_link
406810,農産,女子バスケットボール部,部活動,https://www.metro.ed.jp/nosan-h/school_life/activities.html,club_ul+club_link
406810,農産,バドミントン部,部活動,https://www.metro.ed.jp/nosan-h/school_life/activities.html,club_ul+club_link
406810,農産,サッカー部,部活動,https://www.metro.ed.jp/nosan-h/school_life/activities.html,club_ul+club_link
406810,農産,硬式野球部,部活動,https://www.metro.ed.jp/nosan-h/school_life/activities.html,club_ul+club_link
406810,農産,陸上競技部,部活動,https://www.metro.ed.jp/nosan-h/school_life/activities.html,club_ul+club_link
406810,農産,硬式テニス部,部活動,https://www.metro.ed.jp/nosan-h/school_life/activities.html,club_ul+club_link
406810,農産,ダンス部,部活動,https://www.metro.ed.jp/nosan-h/school_life/activities.html,club_ul+club_link
406810,農産,卓球部,部活動,https://www.metro.ed.jp/nosan-h/school_life/activities.html,club_ul+club_link
406810,農産,水泳部,,https://www.metro.ed.jp/nosan-h/school_life/activities.html,club_ul+club_link
406810,農産,ソフトテニス同好会,,https://www.metro.ed.jp/nosan-h/school_life/activities.html,club_ul+club_link
406810,農産,生物部,部活動,https://www.metro.ed.jp/nosan-h/school_life/activities.html,club_ul+club_link
406810,農産,軽音楽部,部活動,https://www.metro.ed.jp/nosan-h/school_life/activities.html,club_ul+club_link
406810,農産,茶華道部,,https://www.metro.ed.jp/nosan-h/school_life/activities.html,club_ul+club_link
406810,農産,フリーライティング部,部活動,https://www.metro.ed.jp/nosan-h/school_life/activities.html,club_ul+club_link
406810,農産,料理部,部活動,https://www.metro.ed.jp/nosan-h/school_life/activities.html,club_ul+club_link
406810,農産,和太鼓部,部活動,https://www.metro.ed.jp/nosan-h/school_life/activities.html,club_ul+club_link
406810,農産,演劇部,部活動,https://www.metro.ed.jp/nosan-h/school_life/activities.html,club_ul+club_link
406810,農産,園芸加工部,部活動,https://www.metro.ed.jp/nosan-h/school_life/activities.html,club_ul+club_link
406810,農産,穀類加工部,部活動,https://www.metro.ed.jp/nosan-h/school_life/activities.html,club_ul+club_link
406810,農産,畜産加工部,部活動,https://www.metro.ed.jp/nosan-h/school_life/activities.html,club_ul+club_link
406810,農産,園芸部,,https://www.metro.ed.jp/nosan-h/school_life/activities.html,club_ul+club_link
406810,農産,応用微生物部,部活動,https://www.metro.ed.jp/nosan-h/school_life/activities.html,club_ul+club_link
406810,農産,造園部（造園班）,,https://www.metro.ed.jp/nosan-h/school_life/activities.html,club_ul+club_link
406810,農産,造園部（フラワーデザイン班）,,https://www.metro.ed.jp/nosan-h/school_life/activities.html,club_ul+club_link
406810,農産,醸造部,部活動,https://www.metro.ed.jp/nosan-h/school_life/activities.html,club_ul+club_link
406810,農産,茶道部,部活動,https://www.metro.ed.jp/nosan-h/school_life/activities.html,club_ul+club_link
406810,農産,野菜部,部活動,https://www.metro.ed.jp/nosan-h/school_life/activities.html,club_ul+club_link
406810,農産,造園部,部活動,https://www.metro.ed.jp/nosan-h/school_life/activities.html,club_ul+club_link
406910,橘,男子バスケットボール部,部活動,https://www.metro.ed.jp/tachibana-h/school_life/activities.html,club_link
406910,橘,女子バスケットボール部,部活動,https://www.metro.ed.jp/tachibana-h/school_life/activities.html,club_link
406910,橘,バドミントン部,部活動,https://www.metro.ed.jp/tachibana-h/school_life/activities.html,club_link
406910,橘,卓球部,部活動,https://www.metro.ed.jp/tachibana-h/school_life/activities.html,club_link
406910,橘,硬式野球部,部活動,https://www.metro.ed.jp/tachibana-h/school_life/activities.html,club_link
406910,橘,男子硬式テニス部,部活動,https://www.metro.ed.jp/tachibana-h/school_life/activities.html,club_link
406910,橘,女子硬式テニス部,部活動,https://www.metro.ed.jp/tachibana-h/school_life/activities.html,club_link
406910,橘,サッカー部,部活動,https://www.metro.ed.jp/tachibana-h/school_life/activities.html,club_link
406910,橘,陸上競技部,部活動,https://www.metro.ed.jp/tachibana-h/school_life/activities.html,club_link
406910,橘,ダンス部,部活動,https://www.metro.ed.jp/tachibana-h/school_life/activities.html,club_link
406910,橘,剣道部,部活動,https://www.metro.ed.jp/tachibana-h/school_life/activities.html,club_link
406910,橘,男子バレーボール部,部活動,https://www.metro.ed.jp/tachibana-h/school_life/activities.html,club_link
406910,橘,軽音楽部,部活動,https://www.metro.ed.jp/tachibana-h/school_life/activities.html,club_link
406910,橘,吹奏楽部,部活動,https://www.metro.ed.jp/tachibana-h/school_life/activities.html,club_link
406910,橘,エンターテイメント部,部活動,https://www.metro.ed.jp/tachibana-h/school_life/activities.html,club_link
406910,橘,ESS部,部活動,https://www.metro.ed.jp/tachibana-h/school_life/activities.html,club_link
406910,橘,演劇部,部活動,https://www.metro.ed.jp/tachibana-h/school_life/activities.html,club_link
406910,橘,茶華道部,部活動,https://www.metro.ed.jp/tachibana-h/school_life/activities.html,club_link
406910,橘,パソコン部,部活動,https://www.metro.ed.jp/tachibana-h/school_life/activities.html,club_link
406910,橘,美術・アニメ・イラスト部,部活動,https://www.metro.ed.jp/tachibana-h/school_life/activities.html,club_link
406910,橘,ものつくり部,部活動,https://www.metro.ed.jp/tachibana-h/school_life/activities.html,club_link
406910,橘,写真部,部活動,https://www.metro.ed.jp/tachibana-h/school_life/activities.html,club_link
406910,橘,文芸部,部活動,https://www.metro.ed.jp/tachibana-h/school_life/activities.html,club_link
406910,橘,服飾デザイン部,部活動,https://www.metro.ed.jp/tachibana-h/school_life/activities.html,club_link
406910,橘,調理部,部活動,https://www.metro.ed.jp/tachibana-h/school_life/activities.html,club_link
406910,橘,百人一首部,部活動,https://www.metro.ed.jp/tachibana-h/school_life/activities.html,club_link
406910,橘,ビジネス部,部活動,https://www.metro.ed.jp/tachibana-h/school_life/activities.html,club_link
407020,富士森,サッカー部,運動部,https://www.metro.ed.jp/fujimori-h/school_life/activities.html,club_ul+club_link
407020,富士森,硬式野球部,運動部,https://www.metro.ed.jp/fujimori-h/school_life/activities.html,club_ul+club_link
407020,富士森,陸上競技部,運動部,https://www.metro.ed.jp/fujimori-h/school_life/activities.html,club_ul+club_link
407020,富士森,男子バスケットボール部,運動部,https://www.metro.ed.jp/fujimori-h/school_life/activities.html,club_ul+club_link
407020,富士森,女子バスケットボール部,運動部,https://www.metro.ed.jp/fujimori-h/school_life/activities.html,club_ul+club_link
407020,富士森,水泳部,運動部,https://www.metro.ed.jp/fujimori-h/school_life/activities.html,club_ul+club_link
407020,富士森,空手道部,運動部,https://www.metro.ed.jp/fujimori-h/school_life/activities.html,club_ul+club_link
407020,富士森,女子バレーボール部,運動部,https://www.metro.ed.jp/fujimori-h/school_life/activities.html,club_ul+club_link
407020,富士森,ダンス部,運動部,https://www.metro.ed.jp/fujimori-h/school_life/activities.html,club_ul+club_link
407020,富士森,バドミントン部,運動部,https://www.metro.ed.jp/fujimori-h/school_life/activities.html,club_ul+club_link
407020,富士森,アウトドア部,運動部,https://www.metro.ed.jp/fujimori-h/school_life/activities.html,club_ul+club_link
407020,富士森,剣道部,運動部,https://www.metro.ed.jp/fujimori-h/school_life/activities.html,club_ul+club_link
407020,富士森,卓球部,運動部,https://www.metro.ed.jp/fujimori-h/school_life/activities.html,club_ul+club_link
407020,富士森,硬式テニス部,運動部,https://www.metro.ed.jp/fujimori-h/school_life/activities.html,club_ul+club_link
407020,富士森,ソフトテニス部,運動部,https://www.metro.ed.jp/fujimori-h/school_life/activities.html,club_ul+club_link
407020,富士森,吹奏楽部,文化部,https://www.metro.ed.jp/fujimori-h/school_life/activities.html,club_ul+club_link
407020,富士森,華道部,文化部,https://www.metro.ed.jp/fujimori-h/school_life/activities.html,club_ul+club_link
407020,富士森,茶道部,文化部,https://www.metro.ed.jp/fujimori-h/school_life/activities.html,club_ul+club_link
407020,富士森,漫画研究部,文化部,https://www.metro.ed.jp/fujimori-h/school_life/activities.html,club_ul+club_link
407020,富士森,天文気象部,文化部,https://www.metro.ed.jp/fujimori-h/school_life/activities.html,club_ul+club_link
407020,富士森,製菓部,文化部,https://www.metro.ed.jp/fujimori-h/school_life/activities.html,club_ul+club_link
407020,富士森,ボランティア部,文化部,https://www.metro.ed.jp/fujimori-h/school_life/activities.html,club_ul+club_link
407020,富士森,パソコン部,文化部,https://www.metro.ed.jp/fujimori-h/school_life/activities.html,club_ul+club_link
407020,富士森,演劇部,文化部,https://www.metro.ed.jp/fujimori-h/school_life/activities.html,club_ul+club_link
407020,富士森,文芸部,文化部,https://www.metro.ed.jp/fujimori-h/school_life/activities.html,club_ul+club_link
407020,富士森,美術部,文化部,https://www.metro.ed.jp/fujimori-h/school_life/activities.html,club_ul+club_link
407020,富士森,軽音楽部,文化部,https://www.metro.ed.jp/fujimori-h/school_life/activities.html,club_ul+club_link
407020,富士森,写真同好会,文化部,https://www.metro.ed.jp/fujimori-h/school_life/activities.html,club_ul+club_link
407020,富士森,競技カルタサークル,文化部,https://www.metro.ed.jp/fujimori-h/school_life/activities.html,club_ul+club_link
407020,富士森,囲碁・将棋サークル,文化部,https://www.metro.ed.jp/fujimori-h/school_life/activities.html,club_ul+club_link
407020,富士森,競技かるた部,部活動,https://www.metro.ed.jp/fujimori-h/school_life/activities.html,club_ul+club_link
407030,片倉,硬式野球,運動部,https://www.metro.ed.jp/katakura-h/school_life/activities.html,club_ul+club_link
407030,片倉,アメリカンフットボール,運動部,https://www.metro.ed.jp/katakura-h/school_life/activities.html,club_ul+club_link
407030,片倉,サッカー,運動部,https://www.metro.ed.jp/katakura-h/school_life/activities.html,club_ul+club_link
407030,片倉,陸上競技部,運動部,https://www.metro.ed.jp/katakura-h/school_life/activities.html,club_ul+club_link
407030,片倉,男子バスケットボール部,運動部,https://www.metro.ed.jp/katakura-h/school_life/activities.html,club_ul+club_link
407030,片倉,女子バレーボール部,運動部,https://www.metro.ed.jp/katakura-h/school_life/activities.html,club_ul+club_link
407030,片倉,バドミントン部,運動部,https://www.metro.ed.jp/katakura-h/school_life/activities.html,club_ul+club_link
407030,片倉,卓球部,運動部,https://www.metro.ed.jp/katakura-h/school_life/activities.html,club_ul+club_link
407030,片倉,なぎなた部,運動部,https://www.metro.ed.jp/katakura-h/school_life/activities.html,club_ul+club_link
407030,片倉,剣道部,運動部,https://www.metro.ed.jp/katakura-h/school_life/activities.html,club_ul+club_link
407030,片倉,硬式テニス部,運動部,https://www.metro.ed.jp/katakura-h/school_life/activities.html,club_ul+club_link
407030,片倉,水泳部,運動部,https://www.metro.ed.jp/katakura-h/school_life/activities.html,club_ul+club_link
407030,片倉,アウトドア部,運動部,https://www.metro.ed.jp/katakura-h/school_life/activities.html,club_ul+club_link
407030,片倉,女子バスケットボール部,運動部,https://www.metro.ed.jp/katakura-h/school_life/activities.html,club_ul+club_link
407030,片倉,女子ラクロス部,運動部,https://www.metro.ed.jp/katakura-h/school_life/activities.html,club_ul+club_link
407030,片倉,茶道部,文化部,https://www.metro.ed.jp/katakura-h/school_life/activities.html,club_ul+club_link
407030,片倉,陶芸美術部,文化部,https://www.metro.ed.jp/katakura-h/school_life/activities.html,club_ul+club_link
407030,片倉,演劇部,文化部,https://www.metro.ed.jp/katakura-h/school_life/activities.html,club_ul+club_link
407030,片倉,家庭部,文化部,https://www.metro.ed.jp/katakura-h/school_life/activities.html,club_ul+club_link
407030,片倉,園芸部,文化部,https://www.metro.ed.jp/katakura-h/school_life/activities.html,club_ul+club_link
407030,片倉,華道部,文化部,https://www.metro.ed.jp/katakura-h/school_life/activities.html,club_ul+club_link
407030,片倉,マンガ部,文化部,https://www.metro.ed.jp/katakura-h/school_life/activities.html,club_ul+club_link
407030,片倉,吹奏楽部,文化部,https://www.metro.ed.jp/katakura-h/school_life/activities.html,club_ul+club_link
407030,片倉,合唱部,文化部,https://www.metro.ed.jp/katakura-h/school_life/activities.html,club_ul+club_link
407030,片倉,写真部,文化部,https://www.metro.ed.jp/katakura-h/school_life/activities.html,club_ul+club_link
407030,片倉,IT部,文化部,https://www.metro.ed.jp/katakura-h/school_life/activities.html,club_ul+club_link
407040,八王子東,サッカー部,体育系部活動,https://www.metro.ed.jp/hachiojihigashi-h/school_life/activities.html,club_ul+club_link
407040,八王子東,軟式野球部,体育系部活動,https://www.metro.ed.jp/hachiojihigashi-h/school_life/activities.html,club_ul+club_link
407040,八王子東,陸上競技部,体育系部活動,https://www.metro.ed.jp/hachiojihigashi-h/school_life/activities.html,club_ul+club_link
407040,八王子東,男子バスケットボール部,体育系部活動,https://www.metro.ed.jp/hachiojihigashi-h/school_life/activities.html,club_ul+club_link
407040,八王子東,女子バスケットボール部,体育系部活動,https://www.metro.ed.jp/hachiojihigashi-h/school_life/activities.html,club_ul+club_link
407040,八王子東,男子バレーボール部,体育系部活動,https://www.metro.ed.jp/hachiojihigashi-h/school_life/activities.html,club_ul+club_link
407040,八王子東,女子バレーボール部,体育系部活動,https://www.metro.ed.jp/hachiojihigashi-h/school_life/activities.html,club_ul+club_link
407040,八王子東,男子バドミントン部,体育系部活動,https://www.metro.ed.jp/hachiojihigashi-h/school_life/activities.html,club_ul+club_link
407040,八王子東,女子バドミントン部,体育系部活動,https://www.metro.ed.jp/hachiojihigashi-h/school_life/activities.html,club_ul+club_link
407040,八王子東,男子ハンドボール部,体育系部活動,https://www.metro.ed.jp/hachiojihigashi-h/school_life/activities.html,club_ul+club_link
407040,八王子東,女子ハンドボール部,体育系部活動,https://www.metro.ed.jp/hachiojihigashi-h/school_life/activities.html,club_ul+club_link
407040,八王子東,男子硬式テニス部,体育系部活動,https://www.metro.ed.jp/hachiojihigashi-h/school_life/activities.html,club_ul+club_link
407040,八王子東,女子硬式テニス部,体育系部活動,https://www.metro.ed.jp/hachiojihigashi-h/school_life/activities.html,club_ul+club_link
407040,八王子東,水泳部,体育系部活動,https://www.metro.ed.jp/hachiojihigashi-h/school_life/activities.html,club_ul+club_link
407040,八王子東,剣道部,体育系部活動,https://www.metro.ed.jp/hachiojihigashi-h/school_life/activities.html,club_ul+club_link
407040,八王子東,卓球部,体育系部活動,https://www.metro.ed.jp/hachiojihigashi-h/school_life/activities.html,club_ul+club_link
407040,八王子東,ダンス部,体育系部活動,https://www.metro.ed.jp/hachiojihigashi-h/school_life/activities.html,club_ul+club_link
407040,八王子東,ブレイクダンス部,体育系部活動,https://www.metro.ed.jp/hachiojihigashi-h/school_life/activities.html,club_ul+club_link
407040,八王子東,弓道部,体育系部活動,https://www.metro.ed.jp/hachiojihigashi-h/school_life/activities.html,club_ul+club_link
407040,八王子東,ソフトボール同好会,体育系部活動,https://www.metro.ed.jp/hachiojihigashi-h/school_life/activities.html,club_ul+club_link
407040,八王子東,体操同好会,体育系部活動,https://www.metro.ed.jp/hachiojihigashi-h/school_life/activities.html,club_ul+club_link
407040,八王子東,吹奏楽部,文化系部活動,https://www.metro.ed.jp/hachiojihigashi-h/school_life/activities.html,club_ul+club_link
407040,八王子東,室内楽部,文化系部活動,https://www.metro.ed.jp/hachiojihigashi-h/school_life/activities.html,club_ul+club_link
407040,八王子東,コーラス部,文化系部活動,https://www.metro.ed.jp/hachiojihigashi-h/school_life/activities.html,club_ul+club_link
407040,八王子東,自然科学部,文化系部活動,https://www.metro.ed.jp/hachiojihigashi-h/school_life/activities.html,club_ul+club_link
407040,八王子東,調理部,文化系部活動,https://www.metro.ed.jp/hachiojihigashi-h/school_life/activities.html,club_ul+club_link
407040,八王子東,華道部,文化系部活動,https://www.metro.ed.jp/hachiojihigashi-h/school_life/activities.html,club_ul+club_link
407040,八王子東,美術部,文化系部活動,https://www.metro.ed.jp/hachiojihigashi-h/school_life/activities.html,club_ul+club_link
407040,八王子東,文芸部,文化系部活動,https://www.metro.ed.jp/hachiojihigashi-h/school_life/activities.html,club_ul+club_link
407040,八王子東,ネイチャー・ウォッチング同好会,文化系部活動,https://www.metro.ed.jp/hachiojihigashi-h/school_life/activities.html,club_ul+club_link
407050,八王子北,剣道部,運動部,https://www.metro.ed.jp/hachiojikita-h/school_life/activities.html,club_ul+club_link
407050,八王子北,硬式野球部,運動部,https://www.metro.ed.jp/hachiojikita-h/school_life/activities.html,club_ul+club_link
407050,八王子北,サッカー部,運動部,https://www.metro.ed.jp/hachiojikita-h/school_life/activities.html,club_ul+club_link
407050,八王子北,女子バスケットボール部,運動部,https://www.metro.ed.jp/hachiojikita-h/school_life/activities.html,club_ul+club_link
407050,八王子北,女子バレーボール部,運動部,https://www.metro.ed.jp/hachiojikita-h/school_life/activities.html,club_ul+club_link
407050,八王子北,水泳部,運動部,https://www.metro.ed.jp/hachiojikita-h/school_life/activities.html,club_ul+club_link
407050,八王子北,男子バスケットボール部,運動部,https://www.metro.ed.jp/hachiojikita-h/school_life/activities.html,club_ul+club_link
407050,八王子北,卓球部,運動部,https://www.metro.ed.jp/hachiojikita-h/school_life/activities.html,club_ul+club_link
407050,八王子北,テニス部,運動部,https://www.metro.ed.jp/hachiojikita-h/school_life/activities.html,club_ul+club_link
407050,八王子北,バドミントン部,運動部,https://www.metro.ed.jp/hachiojikita-h/school_life/activities.html,club_ul+club_link
407050,八王子北,陸上競技部,運動部,https://www.metro.ed.jp/hachiojikita-h/school_life/activities.html,club_ul+club_link
407050,八王子北,映画鑑賞部,文化部,https://www.metro.ed.jp/hachiojikita-h/school_life/activities.html,club_ul+club_link
407050,八王子北,演劇部,文化部,https://www.metro.ed.jp/hachiojikita-h/school_life/activities.html,club_ul+club_link
407050,八王子北,華道部,文化部,https://www.metro.ed.jp/hachiojikita-h/school_life/activities.html,club_ul+club_link
407050,八王子北,軽音楽部,文化部,https://www.metro.ed.jp/hachiojikita-h/school_life/activities.html,club_ul+club_link
407050,八王子北,茶道部,文化部,https://www.metro.ed.jp/hachiojikita-h/school_life/activities.html,club_ul+club_link
407050,八王子北,写真部,文化部,https://www.metro.ed.jp/hachiojikita-h/school_life/activities.html,club_ul+club_link
407050,八王子北,吹奏楽部,文化部,https://www.metro.ed.jp/hachiojikita-h/school_life/activities.html,club_ul+club_link
407050,八王子北,製菓部,文化部,https://www.metro.ed.jp/hachiojikita-h/school_life/activities.html,club_ul+club_link
407050,八王子北,生物科学部,文化部,https://www.metro.ed.jp/hachiojikita-h/school_life/activities.html,club_ul+club_link
407050,八王子北,デザイン・イラスト部,文化部,https://www.metro.ed.jp/hachiojikita-h/school_life/activities.html,club_ul+club_link
407050,八王子北,グローカル探究部,部活動,https://www.metro.ed.jp/hachiojikita-h/school_life/activities.html,club_ul+club_link
407070,松が谷,男子バレーボール部,運動部,https://www.metro.ed.jp/matsugaya-h/school_life/activities.html,club_ul+club_link
407070,松が谷,女子バレーボール部,運動部,https://www.metro.ed.jp/matsugaya-h/school_life/activities.html,club_ul+club_link
407070,松が谷,男子バスケットボール部,運動部,https://www.metro.ed.jp/matsugaya-h/school_life/activities.html,club_ul+club_link
407070,松が谷,女子バスケットボール部,運動部,https://www.metro.ed.jp/matsugaya-h/school_life/activities.html,club_ul+club_link
407070,松が谷,バトミントン部,運動部,https://www.metro.ed.jp/matsugaya-h/school_life/activities.html,club_ul+club_link
407070,松が谷,サッカー部,運動部,https://www.metro.ed.jp/matsugaya-h/school_life/activities.html,club_ul+club_link
407070,松が谷,硬式野球部,運動部,https://www.metro.ed.jp/matsugaya-h/school_life/activities.html,club_ul+club_link
407070,松が谷,陸上競技部,運動部,https://www.metro.ed.jp/matsugaya-h/school_life/activities.html,club_ul+club_link
407070,松が谷,男子硬式テニス部,運動部,https://www.metro.ed.jp/matsugaya-h/school_life/activities.html,club_ul+club_link
407070,松が谷,女子硬式テニス部,運動部,https://www.metro.ed.jp/matsugaya-h/school_life/activities.html,club_ul+club_link
407070,松が谷,ダンス部,運動部,https://www.metro.ed.jp/matsugaya-h/school_life/activities.html,club_ul+club_link
407070,松が谷,水泳部,運動部,https://www.metro.ed.jp/matsugaya-h/school_life/activities.html,club_ul+club_link
407070,松が谷,剣道部,運動部,https://www.metro.ed.jp/matsugaya-h/school_life/activities.html,club_ul+club_link
407070,松が谷,アーチェリー部,運動部,https://www.metro.ed.jp/matsugaya-h/school_life/activities.html,club_ul+club_link
407070,松が谷,軽音楽部,文化部,https://www.metro.ed.jp/matsugaya-h/school_life/activities.html,club_ul+club_link
407070,松が谷,美術部,文化部,https://www.metro.ed.jp/matsugaya-h/school_life/activities.html,club_ul+club_link
407070,松が谷,吹奏楽部,文化部,https://www.metro.ed.jp/matsugaya-h/school_life/activities.html,club_ul+club_link
407070,松が谷,漫画研究部,文化部,https://www.metro.ed.jp/matsugaya-h/school_life/activities.html,club_ul+club_link
407070,松が谷,写真部,文化部,https://www.metro.ed.jp/matsugaya-h/school_life/activities.html,club_ul+club_link
407070,松が谷,華道部,文化部,https://www.metro.ed.jp/matsugaya-h/school_life/activities.html,club_ul+club_link
407070,松が谷,茶道部,文化部,https://www.metro.ed.jp/matsugaya-h/school_life/activities.html,club_ul+club_link
407070,松が谷,和太鼓部,文化部,https://www.metro.ed.jp/matsugaya-h/school_life/activities.html,club_ul+club_link
407070,松が谷,料理部,文化部,https://www.metro.ed.jp/matsugaya-h/school_life/activities.html,club_ul+club_link
407070,松が谷,囲碁将棋部,文化部,https://www.metro.ed.jp/matsugaya-h/school_life/activities.html,club_ul+club_link
407070,松が谷,映像研究部,文化部,https://www.metro.ed.jp/matsugaya-h/school_life/activities.html,club_ul+club_link
407070,松が谷,ESS部,文化部,https://www.metro.ed.jp/matsugaya-h/school_life/activities.html,club_ul+club_link
407070,松が谷,演劇同好会,文化部,https://www.metro.ed.jp/matsugaya-h/school_life/activities.html,club_ul+club_link
407070,松が谷,バドミントン部,部活動,https://www.metro.ed.jp/matsugaya-h/school_life/activities.html,club_ul+club_link
407070,松が谷,男子テニス部,部活動,https://www.metro.ed.jp/matsugaya-h/school_life/activities.html,club_ul+club_link
407070,松が谷,女子テニス部,部活動,https://www.metro.ed.jp/matsugaya-h/school_life/activities.html,club_ul+club_link
407080,日野,陸上競技部,運動部,https://www.metro.ed.jp/hino-h/school_life/activities.html,club_ul+club_link
407080,日野,卓球部,運動部,https://www.metro.ed.jp/hino-h/school_life/activities.html,club_ul+club_link
407080,日野,剣道部,運動部,https://www.metro.ed.jp/hino-h/school_life/activities.html,club_ul+club_link
407080,日野,硬式テニス部,運動部,https://www.metro.ed.jp/hino-h/school_life/activities.html,club_ul+club_link
407080,日野,バドミントン部,運動部,https://www.metro.ed.jp/hino-h/school_life/activities.html,club_ul+club_link
407080,日野,硬式野球部,運動部,https://www.metro.ed.jp/hino-h/school_life/activities.html,club_ul+club_link
407080,日野,サッカー部,運動部,https://www.metro.ed.jp/hino-h/school_life/activities.html,club_ul+club_link
407080,日野,女子サッカー同好会,運動部,https://www.metro.ed.jp/hino-h/school_life/activities.html,club_ul+club_link
407080,日野,男子バスケットボール部,運動部,https://www.metro.ed.jp/hino-h/school_life/activities.html,club_ul+club_link
407080,日野,女子バスケットボール部,運動部,https://www.metro.ed.jp/hino-h/school_life/activities.html,club_ul+club_link
407080,日野,女子バレーボール部,運動部,https://www.metro.ed.jp/hino-h/school_life/activities.html,club_ul+club_link
407080,日野,女子ダンス部,運動部,https://www.metro.ed.jp/hino-h/school_life/activities.html,club_ul+club_link
407080,日野,水泳部,運動部,https://www.metro.ed.jp/hino-h/school_life/activities.html,club_ul+club_link
407080,日野,ソフトボール部,運動部,https://www.metro.ed.jp/hino-h/school_life/activities.html,club_ul+club_link
407080,日野,山岳部,運動部,https://www.metro.ed.jp/hino-h/school_life/activities.html,club_ul+club_link
407080,日野,柔道部,運動部,https://www.metro.ed.jp/hino-h/school_life/activities.html,club_ul+club_link
407080,日野,科学部,文化部,https://www.metro.ed.jp/hino-h/school_life/activities.html,club_ul+club_link
407080,日野,美術部,文化部,https://www.metro.ed.jp/hino-h/school_life/activities.html,club_ul+club_link
407080,日野,軽音楽部,文化部,https://www.metro.ed.jp/hino-h/school_life/activities.html,club_ul+club_link
407080,日野,マニュアルアーツ部,文化部,https://www.metro.ed.jp/hino-h/school_life/activities.html,club_ul+club_link
407080,日野,吹奏楽部,文化部,https://www.metro.ed.jp/hino-h/school_life/activities.html,club_ul+club_link
407080,日野,パソコン部,文化部,https://www.metro.ed.jp/hino-h/school_life/activities.html,club_ul+club_link
407080,日野,文芸部,文化部,https://www.metro.ed.jp/hino-h/school_life/activities.html,club_ul+club_link
407080,日野,映画演劇部,文化部,https://www.metro.ed.jp/hino-h/school_life/activities.html,club_ul+club_link
407080,日野,合唱部,文化部,https://www.metro.ed.jp/hino-h/school_life/activities.html,club_ul+club_link
407080,日野,茶華道部,文化部,https://www.metro.ed.jp/hino-h/school_life/activities.html,club_ul+club_link
407080,日野,写真同好会,文化部,https://www.metro.ed.jp/hino-h/school_life/activities.html,club_ul+club_link
407080,日野,男女硬式テニス部,部活動,https://www.metro.ed.jp/hino-h/school_life/activities.html,club_ul+club_link
407080,日野,女子ソフトボール部,部活動,https://www.metro.ed.jp/hino-h/school_life/activities.html,club_ul+club_link
407090,日野台,陸上競技部,運動部,https://www.metro.ed.jp/hinodai-h/school_life/activities.html,club_ul+club_link
407090,日野台,サッカー部,運動部,https://www.metro.ed.jp/hinodai-h/school_life/activities.html,club_ul+club_link
407090,日野台,硬式野球部,運動部,https://www.metro.ed.jp/hinodai-h/school_life/activities.html,club_ul+club_link
407090,日野台,男子ハンドボール部,運動部,https://www.metro.ed.jp/hinodai-h/school_life/activities.html,club_ul+club_link
407090,日野台,女子ハンドボール部,運動部,https://www.metro.ed.jp/hinodai-h/school_life/activities.html,club_ul+club_link
407090,日野台,男子バレーボール部,運動部,https://www.metro.ed.jp/hinodai-h/school_life/activities.html,club_ul+club_link
407090,日野台,女子バレーボール部,運動部,https://www.metro.ed.jp/hinodai-h/school_life/activities.html,club_ul+club_link
407090,日野台,男子バスケットボール部,運動部,https://www.metro.ed.jp/hinodai-h/school_life/activities.html,club_ul+club_link
407090,日野台,女子バスケットボール部,運動部,https://www.metro.ed.jp/hinodai-h/school_life/activities.html,club_ul+club_link
407090,日野台,バドミントン部,運動部,https://www.metro.ed.jp/hinodai-h/school_life/activities.html,club_ul+club_link
407090,日野台,卓球部,運動部,https://www.metro.ed.jp/hinodai-h/school_life/activities.html,club_ul+club_link
407090,日野台,ソフトボール部,運動部,https://www.metro.ed.jp/hinodai-h/school_life/activities.html,club_ul+club_link
407090,日野台,男子硬式テニス部,運動部,https://www.metro.ed.jp/hinodai-h/school_life/activities.html,club_ul+club_link
407090,日野台,女子硬式テニス部,運動部,https://www.metro.ed.jp/hinodai-h/school_life/activities.html,club_ul+club_link
407090,日野台,剣道部,運動部,https://www.metro.ed.jp/hinodai-h/school_life/activities.html,club_ul+club_link
407090,日野台,水泳部,運動部,https://www.metro.ed.jp/hinodai-h/school_life/activities.html,club_ul+club_link
407090,日野台,バトン部,運動部,https://www.metro.ed.jp/hinodai-h/school_life/activities.html,club_ul+club_link
407090,日野台,美術部,文化部,https://www.metro.ed.jp/hinodai-h/school_life/activities.html,club_ul+club_link
407090,日野台,演劇部,文化部,https://www.metro.ed.jp/hinodai-h/school_life/activities.html,club_ul+club_link
407090,日野台,写真部,文化部,https://www.metro.ed.jp/hinodai-h/school_life/activities.html,club_ul+club_link
407090,日野台,吹奏楽部,文化部,https://www.metro.ed.jp/hinodai-h/school_life/activities.html,club_ul+club_link
407090,日野台,将棋部,文化部,https://www.metro.ed.jp/hinodai-h/school_life/activities.html,club_ul+club_link
407090,日野台,コーラス部,文化部,https://www.metro.ed.jp/hinodai-h/school_life/activities.html,club_ul+club_link
407090,日野台,茶道部,文化部,https://www.metro.ed.jp/hinodai-h/school_life/activities.html,club_ul+club_link
407090,日野台,家庭部,文化部,https://www.metro.ed.jp/hinodai-h/school_life/activities.html,club_ul+club_link
407090,日野台,生物部,文化部,https://www.metro.ed.jp/hinodai-h/school_life/activities.html,club_ul+club_link
407090,日野台,軽音楽同好会,同好会,https://www.metro.ed.jp/hinodai-h/school_life/activities.html,club_ul+club_link
407090,日野台,外国語同好会,同好会,https://www.metro.ed.jp/hinodai-h/school_life/activities.html,club_ul+club_link
407090,日野台,漫画同好会,同好会,https://www.metro.ed.jp/hinodai-h/school_life/activities.html,club_ul+club_link
407090,日野台,文芸同好会,同好会,https://www.metro.ed.jp/hinodai-h/school_life/activities.html,club_ul+club_link
407090,日野台,コンピュータ研究同好会,同好会,https://www.metro.ed.jp/hinodai-h/school_life/activities.html,club_ul+club_link
407090,日野台,ひのミラ（持続可能な日野の未来を創る高校生チーム）,同好会,https://www.metro.ed.jp/hinodai-h/school_life/activities.html,club_ul+club_link
407100,南平,サッカー部,部活動,https://www.metro.ed.jp/minamidaira-h/school_life/activities.html,club_link
407100,南平,ハンドボール部,部活動,https://www.metro.ed.jp/minamidaira-h/school_life/activities.html,club_link
407100,南平,陸上競技部,部活動,https://www.metro.ed.jp/minamidaira-h/school_life/activities.html,club_link
407100,南平,硬式野球部,部活動,https://www.metro.ed.jp/minamidaira-h/school_life/activities.html,club_link
407100,南平,ソフトボール部,部活動,https://www.metro.ed.jp/minamidaira-h/school_life/activities.html,club_link
407100,南平,男子硬式テニス部,部活動,https://www.metro.ed.jp/minamidaira-h/school_life/activities.html,club_link
407100,南平,女子硬式テニス部,部活動,https://www.metro.ed.jp/minamidaira-h/school_life/activities.html,club_link
407100,南平,ソフトテニス部,部活動,https://www.metro.ed.jp/minamidaira-h/school_life/activities.html,club_link
407100,南平,男子バレーボール部,部活動,https://www.metro.ed.jp/minamidaira-h/school_life/activities.html,club_link
407100,南平,女子バレーボール部,部活動,https://www.metro.ed.jp/minamidaira-h/school_life/activities.html,club_link
407100,南平,男子バスケットボール部,部活動,https://www.metro.ed.jp/minamidaira-h/school_life/activities.html,club_link
407100,南平,女子バスケットボール部,部活動,https://www.metro.ed.jp/minamidaira-h/school_life/activities.html,club_link
407100,南平,バドミントン部,部活動,https://www.metro.ed.jp/minamidaira-h/school_life/activities.html,club_link
407100,南平,水泳部,部活動,https://www.metro.ed.jp/minamidaira-h/school_life/activities.html,club_link
407100,南平,ダンス部,部活動,https://www.metro.ed.jp/minamidaira-h/school_life/activities.html,club_link
407100,南平,卓球部,部活動,https://www.metro.ed.jp/minamidaira-h/school_life/activities.html,club_link
407100,南平,美術部,部活動,https://www.metro.ed.jp/minamidaira-h/school_life/activities.html,club_link
407100,南平,演劇部,部活動,https://www.metro.ed.jp/minamidaira-h/school_life/activities.html,club_link
407100,南平,家庭科部,部活動,https://www.metro.ed.jp/minamidaira-h/school_life/activities.html,club_link
407100,南平,茶道部,部活動,https://www.metro.ed.jp/minamidaira-h/school_life/activities.html,club_link
407100,南平,室内楽部,部活動,https://www.metro.ed.jp/minamidaira-h/school_life/activities.html,club_link
407100,南平,将棋・チェス部,部活動,https://www.metro.ed.jp/minamidaira-h/school_life/activities.html,club_link
407100,南平,写真・映像部,部活動,https://www.metro.ed.jp/minamidaira-h/school_life/activities.html,club_link
407100,南平,ジャグリング部,部活動,https://www.metro.ed.jp/minamidaira-h/school_life/activities.html,club_link
407100,南平,合唱部,部活動,https://www.metro.ed.jp/minamidaira-h/school_life/activities.html,club_link
407100,南平,自然科学部,部活動,https://www.metro.ed.jp/minamidaira-h/school_life/activities.html,club_link
407100,南平,吹奏楽部,部活動,https://www.metro.ed.jp/minamidaira-h/school_life/activities.html,club_link
407210,町田,硬式野球部,部活動,https://www.metro.ed.jp/machida-h/school_life/activities.html,club_link
407210,町田,サッカー部,部活動,https://www.metro.ed.jp/machida-h/school_life/activities.html,club_link
407210,町田,硬式テニス部,部活動,https://www.metro.ed.jp/machida-h/school_life/activities.html,club_link
407210,町田,男子バスケットボール部,部活動,https://www.metro.ed.jp/machida-h/school_life/activities.html,club_link
407210,町田,女子バスケットボール部,部活動,https://www.metro.ed.jp/machida-h/school_life/activities.html,club_link
407210,町田,バドミントン部,部活動,https://www.metro.ed.jp/machida-h/school_life/activities.html,club_link
407210,町田,男子バレーボール部,部活動,https://www.metro.ed.jp/machida-h/school_life/activities.html,club_link
407210,町田,女子バレーボール部,部活動,https://www.metro.ed.jp/machida-h/school_life/activities.html,club_link
407210,町田,卓球部,部活動,https://www.metro.ed.jp/machida-h/school_life/activities.html,club_link
407210,町田,陸上競技部,部活動,https://www.metro.ed.jp/machida-h/school_life/activities.html,club_link
407210,町田,水泳部,部活動,https://www.metro.ed.jp/machida-h/school_life/activities.html,club_link
407210,町田,剣道部,部活動,https://www.metro.ed.jp/machida-h/school_life/activities.html,club_link
407210,町田,バトントワリング部,部活動,https://www.metro.ed.jp/machida-h/school_life/activities.html,club_link
407210,町田,ダンス部,部活動,https://www.metro.ed.jp/machida-h/school_life/activities.html,club_link
407210,町田,山岳部,部活動,https://www.metro.ed.jp/machida-h/school_life/activities.html,club_link
407210,町田,吹奏楽部,部活動,https://www.metro.ed.jp/machida-h/school_life/activities.html,club_link
407210,町田,管弦楽部,部活動,https://www.metro.ed.jp/machida-h/school_life/activities.html,club_link
407210,町田,美術部,部活動,https://www.metro.ed.jp/machida-h/school_life/activities.html,club_link
407210,町田,陶芸部,部活動,https://www.metro.ed.jp/machida-h/school_life/activities.html,club_link
407210,町田,演劇部,部活動,https://www.metro.ed.jp/machida-h/school_life/activities.html,club_link
407210,町田,茶生花部,部活動,https://www.metro.ed.jp/machida-h/school_life/activities.html,club_link
407210,町田,和太鼓部,部活動,https://www.metro.ed.jp/machida-h/school_life/activities.html,club_link
407210,町田,生物部,部活動,https://www.metro.ed.jp/machida-h/school_life/activities.html,club_link
407210,町田,軽音楽同好会,部活動,https://www.metro.ed.jp/machida-h/school_life/activities.html,club_link
407210,町田,パソコン同好会,部活動,https://www.metro.ed.jp/machida-h/school_life/activities.html,club_link
407230,野津田,陸上競技部,運動部,https://www.metro.ed.jp/nozuta-h/school_life/activities.html,club_ul+club_link
407230,野津田,男子サッカー部,運動部,https://www.metro.ed.jp/nozuta-h/school_life/activities.html,club_ul+club_link
407230,野津田,女子サッカー部,運動部,https://www.metro.ed.jp/nozuta-h/school_life/activities.html,club_ul+club_link
407230,野津田,男子バスケットボール部,運動部,https://www.metro.ed.jp/nozuta-h/school_life/activities.html,club_ul+club_link
407230,野津田,女子バスケットボール部,運動部,https://www.metro.ed.jp/nozuta-h/school_life/activities.html,club_ul+club_link
407230,野津田,女子バレーボール部,運動部,https://www.metro.ed.jp/nozuta-h/school_life/activities.html,club_ul+club_link
407230,野津田,硬式テニス部,運動部,https://www.metro.ed.jp/nozuta-h/school_life/activities.html,club_ul+club_link
407230,野津田,剣道部,運動部,https://www.metro.ed.jp/nozuta-h/school_life/activities.html,club_ul+club_link
407230,野津田,トランポリン部,運動部,https://www.metro.ed.jp/nozuta-h/school_life/activities.html,club_ul+club_link
407230,野津田,バドミントン同好会,運動部,https://www.metro.ed.jp/nozuta-h/school_life/activities.html,club_ul+club_link
407230,野津田,ダンス同好会,運動部,https://www.metro.ed.jp/nozuta-h/school_life/activities.html,club_ul+club_link
407230,野津田,フットサル同好会,運動部,https://www.metro.ed.jp/nozuta-h/school_life/activities.html,club_ul+club_link
407230,野津田,卓球部,運動部,https://www.metro.ed.jp/nozuta-h/school_life/activities.html,club_ul+club_link
407230,野津田,天文部,文化部,https://www.metro.ed.jp/nozuta-h/school_life/activities.html,club_ul+club_link
407230,野津田,手話部,文化部,https://www.metro.ed.jp/nozuta-h/school_life/activities.html,club_ul+club_link
407230,野津田,華道部,文化部,https://www.metro.ed.jp/nozuta-h/school_life/activities.html,club_ul+club_link
407230,野津田,美術部,文化部,https://www.metro.ed.jp/nozuta-h/school_life/activities.html,club_ul+club_link
407230,野津田,茶道部,文化部,https://www.metro.ed.jp/nozuta-h/school_life/activities.html,club_ul+club_link
407230,野津田,演劇部,文化部,https://www.metro.ed.jp/nozuta-h/school_life/activities.html,club_ul+club_link
407230,野津田,軽音楽部,文化部,https://www.metro.ed.jp/nozuta-h/school_life/activities.html,club_ul+club_link
407230,野津田,マンガ・イラスト部,文化部,https://www.metro.ed.jp/nozuta-h/school_life/activities.html,club_ul+club_link
407230,野津田,吹奏楽部,文化部,https://www.metro.ed.jp/nozuta-h/school_life/activities.html,club_ul+club_link
407230,野津田,英語同好会,文化部,https://www.metro.ed.jp/nozuta-h/school_life/activities.html,club_ul+club_link
407230,野津田,園芸同好会,文化部,https://www.metro.ed.jp/nozuta-h/school_life/activities.html,club_ul+club_link
407230,野津田,歴史研究同好会,文化部,https://www.metro.ed.jp/nozuta-h/school_life/activities.html,club_ul+club_link
407230,野津田,サッカー部,部活動,https://www.metro.ed.jp/nozuta-h/school_life/activities.html,club_ul+club_link
407230,野津田,軟式野球同好会,部活動,https://www.metro.ed.jp/nozuta-h/school_life/activities.html,club_ul+club_link
407230,野津田,かるた同好会,部活動,https://www.metro.ed.jp/nozuta-h/school_life/activities.html,club_ul+club_link
407230,野津田,ユニバーサルスポーツ同好会,部活動,https://www.metro.ed.jp/nozuta-h/school_life/activities.html,club_ul+club_link
407230,野津田,ハンドボール同好会,部活動,https://www.metro.ed.jp/nozuta-h/school_life/activities.html,club_ul+club_link
407240,成瀬,男子バレーボール部,部活動,https://www.metro.ed.jp/naruse-h/school_life/activities.html,club_link
407240,成瀬,女子バレーボール部,部活動,https://www.metro.ed.jp/naruse-h/school_life/activities.html,club_link
407240,成瀬,男子バスケットボール部,部活動,https://www.metro.ed.jp/naruse-h/school_life/activities.html,club_link
407240,成瀬,女子バスケットボール部,部活動,https://www.metro.ed.jp/naruse-h/school_life/activities.html,club_link
407240,成瀬,バドミントン部,部活動,https://www.metro.ed.jp/naruse-h/school_life/activities.html,club_link
407240,成瀬,硬式テニス部,部活動,https://www.metro.ed.jp/naruse-h/school_life/activities.html,club_link
407240,成瀬,ソフトテニス部,部活動,https://www.metro.ed.jp/naruse-h/school_life/activities.html,club_link
407240,成瀬,水泳部,部活動,https://www.metro.ed.jp/naruse-h/school_life/activities.html,club_link
407240,成瀬,ダンス部,部活動,https://www.metro.ed.jp/naruse-h/school_life/activities.html,club_link
407240,成瀬,剣道部,部活動,https://www.metro.ed.jp/naruse-h/school_life/activities.html,club_link
407240,成瀬,サッカー部,部活動,https://www.metro.ed.jp/naruse-h/school_life/activities.html,club_link
407240,成瀬,陸上競技部,部活動,https://www.metro.ed.jp/naruse-h/school_life/activities.html,club_link
407240,成瀬,卓球部,部活動,https://www.metro.ed.jp/naruse-h/school_life/activities.html,club_link
407240,成瀬,硬式野球部,部活動,https://www.metro.ed.jp/naruse-h/school_life/activities.html,club_link
407240,成瀬,吹奏楽部,部活動,https://www.metro.ed.jp/naruse-h/school_life/activities.html,club_link
407240,成瀬,ボランティア部,部活動,https://www.metro.ed.jp/naruse-h/school_life/activities.html,club_link
407240,成瀬,演劇部,部活動,https://www.metro.ed.jp/naruse-h/school_life/activities.html,club_link
407240,成瀬,美術部,部活動,https://www.metro.ed.jp/naruse-h/school_life/activities.html,club_link
407240,成瀬,漫画・イラスト部,部活動,https://www.metro.ed.jp/naruse-h/school_life/activities.html,club_link
407240,成瀬,茶道部,部活動,https://www.metro.ed.jp/naruse-h/school_life/activities.html,club_link
407240,成瀬,パソコン部,部活動,https://www.metro.ed.jp/naruse-h/school_life/activities.html,club_link
407240,成瀬,生物部,部活動,https://www.metro.ed.jp/naruse-h/school_life/activities.html,club_link
407240,成瀬,天文部,部活動,https://www.metro.ed.jp/naruse-h/school_life/activities.html,club_link
407240,成瀬,クッキング部,部活動,https://www.metro.ed.jp/naruse-h/school_life/activities.html,club_link
407240,成瀬,競技かるた部,部活動,https://www.metro.ed.jp/naruse-h/school_life/activities.html,club_link
407240,成瀬,文芸部,部活動,https://www.metro.ed.jp/naruse-h/school_life/activities.html,club_link
407250,小川,硬式野球部,運動部,https://www.metro.ed.jp/ogawa-h/school_life/activities.html,club_ul+club_link
407250,小川,陸上部,運動部,https://www.metro.ed.jp/ogawa-h/school_life/activities.html,club_ul+club_link
407250,小川,サッカー部,運動部,https://www.metro.ed.jp/ogawa-h/school_life/activities.html,club_ul+club_link
407250,小川,硬式テニス部,運動部,https://www.metro.ed.jp/ogawa-h/school_life/activities.html,club_ul+club_link
407250,小川,男子バレーボール部,運動部,https://www.metro.ed.jp/ogawa-h/school_life/activities.html,club_ul+club_link
407250,小川,女子バレーボール部,運動部,https://www.metro.ed.jp/ogawa-h/school_life/activities.html,club_ul+club_link
407250,小川,男子バスケット部,運動部,https://www.metro.ed.jp/ogawa-h/school_life/activities.html,club_ul+club_link
407250,小川,女子バスケット部,運動部,https://www.metro.ed.jp/ogawa-h/school_life/activities.html,club_ul+club_link
407250,小川,バドミントン部,運動部,https://www.metro.ed.jp/ogawa-h/school_life/activities.html,club_ul+club_link
407250,小川,卓球部,運動部,https://www.metro.ed.jp/ogawa-h/school_life/activities.html,club_ul+club_link
407250,小川,剣道部,運動部,https://www.metro.ed.jp/ogawa-h/school_life/activities.html,club_ul+club_link
407250,小川,ダンス部,運動部,https://www.metro.ed.jp/ogawa-h/school_life/activities.html,club_ul+club_link
407250,小川,吹奏楽部,文化部,https://www.metro.ed.jp/ogawa-h/school_life/activities.html,club_ul+club_link
407250,小川,軽音楽部,文化部,https://www.metro.ed.jp/ogawa-h/school_life/activities.html,club_ul+club_link
407250,小川,合唱部,文化部,https://www.metro.ed.jp/ogawa-h/school_life/activities.html,club_ul+club_link
407250,小川,ボランティア部,文化部,https://www.metro.ed.jp/ogawa-h/school_life/activities.html,club_ul+club_link
407250,小川,天文地学部,文化部,https://www.metro.ed.jp/ogawa-h/school_life/activities.html,club_ul+club_link
407250,小川,美術部,文化部,https://www.metro.ed.jp/ogawa-h/school_life/activities.html,club_ul+club_link
407250,小川,茶道部,文化部,https://www.metro.ed.jp/ogawa-h/school_life/activities.html,club_ul+club_link
407250,小川,漫画研究・文芸部,文化部,https://www.metro.ed.jp/ogawa-h/school_life/activities.html,club_ul+club_link
407250,小川,コンピュータ部,文化部,https://www.metro.ed.jp/ogawa-h/school_life/activities.html,club_ul+club_link
407250,小川,男子バスケットボール部,部活動,https://www.metro.ed.jp/ogawa-h/school_life/activities.html,club_ul+club_link
407250,小川,女子バスケットボール部,部活動,https://www.metro.ed.jp/ogawa-h/school_life/activities.html,club_ul+club_link
407250,小川,演劇部,部活動,https://www.metro.ed.jp/ogawa-h/school_life/activities.html,club_ul+club_link
407250,小川,トレーニング同好会,部活動,https://www.metro.ed.jp/ogawa-h/school_life/activities.html,club_ul+club_link
407250,小川,国際交流クラブ,部活動,https://www.metro.ed.jp/ogawa-h/school_life/activities.html,club_ul+club_link
407260,山崎,ダンス部,運動部,https://www.metro.ed.jp/yamasaki-h/school_life/activities.html,club_ul+club_link
407260,山崎,硬式テニス部,運動部,https://www.metro.ed.jp/yamasaki-h/school_life/activities.html,club_ul+club_link
407260,山崎,卓球部,運動部,https://www.metro.ed.jp/yamasaki-h/school_life/activities.html,club_ul+club_link
407260,山崎,バトミントン部,運動部,https://www.metro.ed.jp/yamasaki-h/school_life/activities.html,club_ul+club_link
407260,山崎,バスケットボール部,運動部,https://www.metro.ed.jp/yamasaki-h/school_life/activities.html,club_ul+club_link
407260,山崎,ハンドボール部,運動部,https://www.metro.ed.jp/yamasaki-h/school_life/activities.html,club_ul+club_link
407260,山崎,陸上競技部,運動部,https://www.metro.ed.jp/yamasaki-h/school_life/activities.html,club_ul+club_link
407260,山崎,サッカー部,運動部,https://www.metro.ed.jp/yamasaki-h/school_life/activities.html,club_ul+club_link
407260,山崎,アーチェリー部,運動部,https://www.metro.ed.jp/yamasaki-h/school_life/activities.html,club_ul+club_link
407260,山崎,茶道・花道部,文化部,https://www.metro.ed.jp/yamasaki-h/school_life/activities.html,club_ul+club_link
407260,山崎,演劇部,文化部,https://www.metro.ed.jp/yamasaki-h/school_life/activities.html,club_ul+club_link
407260,山崎,芸術部,文化部,https://www.metro.ed.jp/yamasaki-h/school_life/activities.html,club_ul+club_link
407260,山崎,吹奏楽部,文化部,https://www.metro.ed.jp/yamasaki-h/school_life/activities.html,club_ul+club_link
407260,山崎,バドミントン部,部活動,https://www.metro.ed.jp/yamasaki-h/school_life/activities.html,club_ul+club_link
407260,山崎,茶道・華道部,部活動,https://www.metro.ed.jp/yamasaki-h/school_life/activities.html,club_ul+club_link
407420,町田総合,バドミントン部,部活動,https://www.metro.ed.jp/machidasogo-h/school_life/activities.html,club_link
407420,町田総合,ダンス部,部活動,https://www.metro.ed.jp/machidasogo-h/school_life/activities.html,club_link
407420,町田総合,陸上競技部,部活動,https://www.metro.ed.jp/machidasogo-h/school_life/activities.html,club_link
407420,町田総合,硬式テニス部,部活動,https://www.metro.ed.jp/machidasogo-h/school_life/activities.html,club_link
407420,町田総合,男子バスケットボール部,部活動,https://www.metro.ed.jp/machidasogo-h/school_life/activities.html,club_link
407420,町田総合,女子バスケットボール部,部活動,https://www.metro.ed.jp/machidasogo-h/school_life/activities.html,club_link
407420,町田総合,空手部,部活動,https://www.metro.ed.jp/machidasogo-h/school_life/activities.html,club_link
407420,町田総合,剣道部,部活動,https://www.metro.ed.jp/machidasogo-h/school_life/activities.html,club_link
407420,町田総合,バトントワリング部,部活動,https://www.metro.ed.jp/machidasogo-h/school_life/activities.html,club_link
407420,町田総合,トレーニング同好会,部活動,https://www.metro.ed.jp/machidasogo-h/school_life/activities.html,club_link
407420,町田総合,光画部,部活動,https://www.metro.ed.jp/machidasogo-h/school_life/activities.html,club_link
407420,町田総合,吹奏楽部,部活動,https://www.metro.ed.jp/machidasogo-h/school_life/activities.html,club_link
407420,町田総合,和太鼓部,部活動,https://www.metro.ed.jp/machidasogo-h/school_life/activities.html,club_link
407420,町田総合,軽音楽部,部活動,https://www.metro.ed.jp/machidasogo-h/school_life/activities.html,club_link
407420,町田総合,演劇部,部活動,https://www.metro.ed.jp/machidasogo-h/school_life/activities.html,club_link
407420,町田総合,イラスト部,部活動,https://www.metro.ed.jp/machidasogo-h/school_life/activities.html,club_link
407420,町田総合,クッキング部,部活動,https://www.metro.ed.jp/machidasogo-h/school_life/activities.html,club_link
407420,町田総合,創作音楽同好会,部活動,https://www.metro.ed.jp/machidasogo-h/school_life/activities.html,club_link
407420,町田総合,筝曲同好会,部活動,https://www.metro.ed.jp/machidasogo-h/school_life/activities.html,club_link
407420,町田総合,コンピュータ同好会,部活動,https://www.metro.ed.jp/machidasogo-h/school_life/activities.html,club_link
407510,翔陽,男子バレーボール部,運動部,https://www.metro.ed.jp/shoyo-h/school_life/activities.html,club_ul+club_link
407510,翔陽,女子バレーボール部,運動部,https://www.metro.ed.jp/shoyo-h/school_life/activities.html,club_ul+club_link
407510,翔陽,男子バスケットボール部,運動部,https://www.metro.ed.jp/shoyo-h/school_life/activities.html,club_ul+club_link
407510,翔陽,女子バスケットボール部,運動部,https://www.metro.ed.jp/shoyo-h/school_life/activities.html,club_ul+club_link
407510,翔陽,バドミントン部,運動部,https://www.metro.ed.jp/shoyo-h/school_life/activities.html,club_ul+club_link
407510,翔陽,卓球部,運動部,https://www.metro.ed.jp/shoyo-h/school_life/activities.html,club_ul+club_link
407510,翔陽,水泳部,運動部,https://www.metro.ed.jp/shoyo-h/school_life/activities.html,club_ul+club_link
407510,翔陽,剣道部,運動部,https://www.metro.ed.jp/shoyo-h/school_life/activities.html,club_ul+club_link
407510,翔陽,サッカー部,運動部,https://www.metro.ed.jp/shoyo-h/school_life/activities.html,club_ul+club_link
407510,翔陽,硬式野球部,運動部,https://www.metro.ed.jp/shoyo-h/school_life/activities.html,club_ul+club_link
407510,翔陽,陸上競技部,運動部,https://www.metro.ed.jp/shoyo-h/school_life/activities.html,club_ul+club_link
407510,翔陽,男子硬式テニス部,運動部,https://www.metro.ed.jp/shoyo-h/school_life/activities.html,club_ul+club_link
407510,翔陽,女子硬式テニス部,運動部,https://www.metro.ed.jp/shoyo-h/school_life/activities.html,club_ul+club_link
407510,翔陽,弓道部,運動部,https://www.metro.ed.jp/shoyo-h/school_life/activities.html,club_ul+club_link
407510,翔陽,フットサル同好会,運動部,https://www.metro.ed.jp/shoyo-h/school_life/activities.html,club_ul+club_link
407510,翔陽,吹奏楽部,文化部,https://www.metro.ed.jp/shoyo-h/school_life/activities.html,club_ul+club_link
407510,翔陽,ESS部,文化部,https://www.metro.ed.jp/shoyo-h/school_life/activities.html,club_ul+club_link
407510,翔陽,自然科学部,文化部,https://www.metro.ed.jp/shoyo-h/school_life/activities.html,club_ul+club_link
407510,翔陽,文芸部,文化部,https://www.metro.ed.jp/shoyo-h/school_life/activities.html,club_ul+club_link
407510,翔陽,和太鼓部,文化部,https://www.metro.ed.jp/shoyo-h/school_life/activities.html,club_ul+club_link
407510,翔陽,茶道部,文化部,https://www.metro.ed.jp/shoyo-h/school_life/activities.html,club_ul+club_link
407510,翔陽,ダンス部,文化部,https://www.metro.ed.jp/shoyo-h/school_life/activities.html,club_ul+club_link
407510,翔陽,家庭科部,文化部,https://www.metro.ed.jp/shoyo-h/school_life/activities.html,club_ul+club_link
407510,翔陽,写真部,文化部,https://www.metro.ed.jp/shoyo-h/school_life/activities.html,club_ul+club_link
407510,翔陽,漫画同好会,文化部,https://www.metro.ed.jp/shoyo-h/school_life/activities.html,club_ul+club_link
407510,翔陽,演劇同好会,文化部,https://www.metro.ed.jp/shoyo-h/school_life/activities.html,club_ul+club_link
407510,翔陽,かるた同好会,文化部,https://www.metro.ed.jp/shoyo-h/school_life/activities.html,club_ul+club_link
407720,町田工科,ワンダーフォーゲル部,文化系,https://www.metro.ed.jp/machidakoka-h/school_life/activities.html,club_ul+club_link
407720,町田工科,男子バレーボール部,文化系,https://www.metro.ed.jp/machidakoka-h/school_life/activities.html,club_ul+club_link
407720,町田工科,バスケットボール部,文化系,https://www.metro.ed.jp/machidakoka-h/school_life/activities.html,club_ul+club_link
407720,町田工科,卓球部,文化系,https://www.metro.ed.jp/machidakoka-h/school_life/activities.html,club_ul+club_link
407720,町田工科,硬式テニス部,文化系,https://www.metro.ed.jp/machidakoka-h/school_life/activities.html,club_ul+club_link
407720,町田工科,サッカー部,文化系,https://www.metro.ed.jp/machidakoka-h/school_life/activities.html,club_ul+club_link
407720,町田工科,硬式野球部,文化系,https://www.metro.ed.jp/machidakoka-h/school_life/activities.html,club_ul+club_link
407720,町田工科,バドミントン部,文化系,https://www.metro.ed.jp/machidakoka-h/school_life/activities.html,club_ul+club_link
407720,町田工科,陸上競技部,文化系,https://www.metro.ed.jp/machidakoka-h/school_life/activities.html,club_ul+club_link
407720,町田工科,自転車部,文化系,https://www.metro.ed.jp/machidakoka-h/school_life/activities.html,club_ul+club_link
407720,町田工科,ラグビー部,文化系,https://www.metro.ed.jp/machidakoka-h/school_life/activities.html,club_ul+club_link
407720,町田工科,茶道部,文化系,https://www.metro.ed.jp/machidakoka-h/school_life/activities.html,club_ul+club_link
407720,町田工科,美術・陶芸部,文化系,https://www.metro.ed.jp/machidakoka-h/school_life/activities.html,club_ul+club_link
407720,町田工科,コンピューター部,文化系,https://www.metro.ed.jp/machidakoka-h/school_life/activities.html,club_ul+club_link
407720,町田工科,写真部,文化系,https://www.metro.ed.jp/machidakoka-h/school_life/activities.html,club_ul+club_link
407720,町田工科,天文部,文化系,https://www.metro.ed.jp/machidakoka-h/school_life/activities.html,club_ul+club_link
407720,町田工科,アニメーション部,文化系,https://www.metro.ed.jp/machidakoka-h/school_life/activities.html,club_ul+club_link
407720,町田工科,演劇部,文化系,https://www.metro.ed.jp/machidakoka-h/school_life/activities.html,club_ul+club_link
407720,町田工科,ロボット部,文化系,https://www.metro.ed.jp/machidakoka-h/school_life/activities.html,club_ul+club_link
407720,町田工科,軽音楽部,文化系,https://www.metro.ed.jp/machidakoka-h/school_life/activities.html,club_ul+club_link
407720,町田工科,マシンクラフト部,文化系,https://www.metro.ed.jp/machidakoka-h/school_life/activities.html,club_ul+club_link
407720,町田工科,吹奏楽部,文化系,https://www.metro.ed.jp/machidakoka-h/school_life/activities.html,club_ul+club_link
407720,町田工科,鉄道部,文化系,https://www.metro.ed.jp/machidakoka-h/school_life/activities.html,club_ul+club_link
407720,町田工科,eスポーツ部,文化系,https://www.metro.ed.jp/machidakoka-h/school_life/activities.html,club_ul+club_link
407910,八王子桑志,バドミントン部,運動部,https://www.metro.ed.jp/hachiojisoushi-h/school_life/activities.html,club_ul+club_link
407910,八王子桑志,男子バスケットボール部,運動部,https://www.metro.ed.jp/hachiojisoushi-h/school_life/activities.html,club_ul+club_link
407910,八王子桑志,女子バスケットボール部,運動部,https://www.metro.ed.jp/hachiojisoushi-h/school_life/activities.html,club_ul+club_link
407910,八王子桑志,水泳部,運動部,https://www.metro.ed.jp/hachiojisoushi-h/school_life/activities.html,club_ul+club_link
407910,八王子桑志,テニス部,運動部,https://www.metro.ed.jp/hachiojisoushi-h/school_life/activities.html,club_ul+club_link
407910,八王子桑志,卓球部,運動部,https://www.metro.ed.jp/hachiojisoushi-h/school_life/activities.html,club_ul+club_link
407910,八王子桑志,剣道部,運動部,https://www.metro.ed.jp/hachiojisoushi-h/school_life/activities.html,club_ul+club_link
407910,八王子桑志,自転車競技部,運動部,https://www.metro.ed.jp/hachiojisoushi-h/school_life/activities.html,club_ul+club_link
407910,八王子桑志,硬式野球部,運動部,https://www.metro.ed.jp/hachiojisoushi-h/school_life/activities.html,club_ul+club_link
407910,八王子桑志,サッカー部,運動部,https://www.metro.ed.jp/hachiojisoushi-h/school_life/activities.html,club_ul+club_link
407910,八王子桑志,陸上競技部,運動部,https://www.metro.ed.jp/hachiojisoushi-h/school_life/activities.html,club_ul+club_link
407910,八王子桑志,和太鼓部,運動部,https://www.metro.ed.jp/hachiojisoushi-h/school_life/activities.html,club_ul+club_link
407910,八王子桑志,バレーボール同好会,運動部,https://www.metro.ed.jp/hachiojisoushi-h/school_life/activities.html,club_ul+club_link
407910,八王子桑志,ダンス同好会,運動部,https://www.metro.ed.jp/hachiojisoushi-h/school_life/activities.html,club_ul+club_link
407910,八王子桑志,トレーニング同好会,運動部,https://www.metro.ed.jp/hachiojisoushi-h/school_life/activities.html,club_ul+club_link
407910,八王子桑志,吹奏楽部,文化部,https://www.metro.ed.jp/hachiojisoushi-h/school_life/activities.html,club_ul+club_link
407910,八王子桑志,漫画部,文化部,https://www.metro.ed.jp/hachiojisoushi-h/school_life/activities.html,club_ul+club_link
407910,八王子桑志,軽音楽部,文化部,https://www.metro.ed.jp/hachiojisoushi-h/school_life/activities.html,club_ul+club_link
407910,八王子桑志,茶道部,文化部,https://www.metro.ed.jp/hachiojisoushi-h/school_life/activities.html,club_ul+club_link
407910,八王子桑志,美術部,文化部,https://www.metro.ed.jp/hachiojisoushi-h/school_life/activities.html,club_ul+club_link
407910,八王子桑志,演劇部,文化部,https://www.metro.ed.jp/hachiojisoushi-h/school_life/activities.html,club_ul+club_link
407910,八王子桑志,ロボット研究部,文化部,https://www.metro.ed.jp/hachiojisoushi-h/school_life/activities.html,club_ul+club_link
407910,八王子桑志,ゲームクリエイト部,文化部,https://www.metro.ed.jp/hachiojisoushi-h/school_life/activities.html,club_ul+club_link
407910,八王子桑志,ビジネスライセンス部,文化部,https://www.metro.ed.jp/hachiojisoushi-h/school_life/activities.html,club_ul+club_link
407910,八王子桑志,デザイン工芸部,文化部,https://www.metro.ed.jp/hachiojisoushi-h/school_life/activities.html,club_ul+club_link
407910,八王子桑志,写真部,文化部,https://www.metro.ed.jp/hachiojisoushi-h/school_life/activities.html,club_ul+club_link
407910,八王子桑志,合唱部,文化部,https://www.metro.ed.jp/hachiojisoushi-h/school_life/activities.html,club_ul+club_link
407910,八王子桑志,天文部,文化部,https://www.metro.ed.jp/hachiojisoushi-h/school_life/activities.html,club_ul+club_link
408010,立川,サッカー部,部活動,https://www.metro.ed.jp/tachikawa-h/school_life/activities.html,club_link
408010,立川,硬式野球部,部活動,https://www.metro.ed.jp/tachikawa-h/school_life/activities.html,club_link
408010,立川,ダンス部,部活動,https://www.metro.ed.jp/tachikawa-h/school_life/activities.html,club_link
408010,立川,男子硬式テニス部,部活動,https://www.metro.ed.jp/tachikawa-h/school_life/activities.html,club_link
408010,立川,女子硬式テニス部,部活動,https://www.metro.ed.jp/tachikawa-h/school_life/activities.html,club_link
408010,立川,陸上競技部,部活動,https://www.metro.ed.jp/tachikawa-h/school_life/activities.html,club_link
408010,立川,卓球部,部活動,https://www.metro.ed.jp/tachikawa-h/school_life/activities.html,club_link
408010,立川,男子バドミントン部,部活動,https://www.metro.ed.jp/tachikawa-h/school_life/activities.html,club_link
408010,立川,女子バドミントン部,部活動,https://www.metro.ed.jp/tachikawa-h/school_life/activities.html,club_link
408010,立川,男子バスケットボール部,部活動,https://www.metro.ed.jp/tachikawa-h/school_life/activities.html,club_link
408010,立川,女子バスケットボール部,部活動,https://www.metro.ed.jp/tachikawa-h/school_life/activities.html,club_link
408010,立川,男子バレーボール部,部活動,https://www.metro.ed.jp/tachikawa-h/school_life/activities.html,club_link
408010,立川,女子バレーボール部,部活動,https://www.metro.ed.jp/tachikawa-h/school_life/activities.html,club_link
408010,立川,水泳部,部活動,https://www.metro.ed.jp/tachikawa-h/school_life/activities.html,club_link
408010,立川,ハンドボール部,部活動,https://www.metro.ed.jp/tachikawa-h/school_life/activities.html,club_link
408010,立川,剣道部,部活動,https://www.metro.ed.jp/tachikawa-h/school_life/activities.html,club_link
408010,立川,柔道同好会,部活動,https://www.metro.ed.jp/tachikawa-h/school_life/activities.html,club_link
408010,立川,山岳部,部活動,https://www.metro.ed.jp/tachikawa-h/school_life/activities.html,club_link
408010,立川,ソフトテニス部,部活動,https://www.metro.ed.jp/tachikawa-h/school_life/activities.html,club_link
408010,立川,吹奏楽部,部活動,https://www.metro.ed.jp/tachikawa-h/school_life/activities.html,club_link
408010,立川,室内楽部,部活動,https://www.metro.ed.jp/tachikawa-h/school_life/activities.html,club_link
408010,立川,美術部,部活動,https://www.metro.ed.jp/tachikawa-h/school_life/activities.html,club_link
408010,立川,天文気象部,部活動,https://www.metro.ed.jp/tachikawa-h/school_life/activities.html,club_link
408010,立川,文芸部,部活動,https://www.metro.ed.jp/tachikawa-h/school_life/activities.html,club_link
408010,立川,茶道部,部活動,https://www.metro.ed.jp/tachikawa-h/school_life/activities.html,club_link
408010,立川,化学部,部活動,https://www.metro.ed.jp/tachikawa-h/school_life/activities.html,club_link
408010,立川,演劇部,部活動,https://www.metro.ed.jp/tachikawa-h/school_life/activities.html,club_link
408010,立川,生物部,部活動,https://www.metro.ed.jp/tachikawa-h/school_life/activities.html,club_link
408010,立川,漫画部,部活動,https://www.metro.ed.jp/tachikawa-h/school_life/activities.html,club_link
408010,立川,軽音楽部,部活動,https://www.metro.ed.jp/tachikawa-h/school_life/activities.html,club_link
408010,立川,クイズ研究部,部活動,https://www.metro.ed.jp/tachikawa-h/school_life/activities.html,club_link
408010,立川,合唱部,部活動,https://www.metro.ed.jp/tachikawa-h/school_life/activities.html,club_link
408010,立川,パソコン同好部,部活動,https://www.metro.ed.jp/tachikawa-h/school_life/activities.html,club_link
408010,立川,物理部,部活動,https://www.metro.ed.jp/tachikawa-h/school_life/activities.html,club_link
408010,立川,数学研究同好会,部活動,https://www.metro.ed.jp/tachikawa-h/school_life/activities.html,club_link
408010,立川,歴史研究部,部活動,https://www.metro.ed.jp/tachikawa-h/school_life/activities.html,club_link
408040,昭和,最新情報,,https://www.metro.ed.jp/showa-h/school_life/activities.html,club_link
408040,昭和,男子バレーボール部,部活動,https://www.metro.ed.jp/showa-h/school_life/activities.html,club_link
408040,昭和,女子バレーボール部,部活動,https://www.metro.ed.jp/showa-h/school_life/activities.html,club_link
408040,昭和,男子バスケットボール部,部活動,https://www.metro.ed.jp/showa-h/school_life/activities.html,club_link
408040,昭和,女子バスケットボール部,部活動,https://www.metro.ed.jp/showa-h/school_life/activities.html,club_link
408040,昭和,男子硬式テニス部,部活動,https://www.metro.ed.jp/showa-h/school_life/activities.html,club_link
408040,昭和,女子硬式テニス部,部活動,https://www.metro.ed.jp/showa-h/school_life/activities.html,club_link
408040,昭和,男子ソフトテニス部,部活動,https://www.metro.ed.jp/showa-h/school_life/activities.html,club_link
408040,昭和,女子ソフトテニス部,部活動,https://www.metro.ed.jp/showa-h/school_life/activities.html,club_link
408040,昭和,バドミントン部,部活動,https://www.metro.ed.jp/showa-h/school_life/activities.html,club_link
408040,昭和,サッカー部,部活動,https://www.metro.ed.jp/showa-h/school_life/activities.html,club_link
408040,昭和,ダンス部,部活動,https://www.metro.ed.jp/showa-h/school_life/activities.html,club_link
408040,昭和,陸上競技部,部活動,https://www.metro.ed.jp/showa-h/school_life/activities.html,club_link
408040,昭和,弓道部,部活動,https://www.metro.ed.jp/showa-h/school_life/activities.html,club_link
408040,昭和,山岳部,部活動,https://www.metro.ed.jp/showa-h/school_life/activities.html,club_link
408040,昭和,卓球部,部活動,https://www.metro.ed.jp/showa-h/school_life/activities.html,club_link
408040,昭和,硬式野球部,部活動,https://www.metro.ed.jp/showa-h/school_life/activities.html,club_link
408040,昭和,剣道部,部活動,https://www.metro.ed.jp/showa-h/school_life/activities.html,club_link
408040,昭和,水泳部,部活動,https://www.metro.ed.jp/showa-h/school_life/activities.html,club_link
408040,昭和,ストリートダンス部,部活動,https://www.metro.ed.jp/showa-h/school_life/activities.html,club_link
408040,昭和,演劇部,部活動,https://www.metro.ed.jp/showa-h/school_life/activities.html,club_link
408040,昭和,合唱部,部活動,https://www.metro.ed.jp/showa-h/school_life/activities.html,club_link
408040,昭和,吹奏楽部,部活動,https://www.metro.ed.jp/showa-h/school_life/activities.html,club_link
408040,昭和,美術部,部活動,https://www.metro.ed.jp/showa-h/school_life/activities.html,club_link
408040,昭和,放送部,部活動,https://www.metro.ed.jp/showa-h/school_life/activities.html,club_link
408040,昭和,漫画文芸部,部活動,https://www.metro.ed.jp/showa-h/school_life/activities.html,club_link
408040,昭和,写真部,部活動,https://www.metro.ed.jp/showa-h/school_life/activities.html,club_link
408040,昭和,茶道部,部活動,https://www.metro.ed.jp/showa-h/school_life/activities.html,club_link
408040,昭和,軽音楽部,部活動,https://www.metro.ed.jp/showa-h/school_life/activities.html,club_link
408040,昭和,華道部,部活動,https://www.metro.ed.jp/showa-h/school_life/activities.html,club_link
408050,拝島,硬式野球部,部活動,https://www.metro.ed.jp/haijima-h/school_life/activities.html,club_link
408050,拝島,サッカー部,部活動,https://www.metro.ed.jp/haijima-h/school_life/activities.html,club_link
408050,拝島,男子硬式テニス部,部活動,https://www.metro.ed.jp/haijima-h/school_life/activities.html,club_link
408050,拝島,女子硬式テニス部,部活動,https://www.metro.ed.jp/haijima-h/school_life/activities.html,club_link
408050,拝島,陸上競技部,部活動,https://www.metro.ed.jp/haijima-h/school_life/activities.html,club_link
408050,拝島,ハンドボール部,部活動,https://www.metro.ed.jp/haijima-h/school_life/activities.html,club_link
408050,拝島,男子バスケットボール部,部活動,https://www.metro.ed.jp/haijima-h/school_life/activities.html,club_link
408050,拝島,女子バスケットボール部,部活動,https://www.metro.ed.jp/haijima-h/school_life/activities.html,club_link
408050,拝島,バドミントン部,部活動,https://www.metro.ed.jp/haijima-h/school_life/activities.html,club_link
408050,拝島,男子バレーボール部,部活動,https://www.metro.ed.jp/haijima-h/school_life/activities.html,club_link
408050,拝島,女子バレーボール部,部活動,https://www.metro.ed.jp/haijima-h/school_life/activities.html,club_link
408050,拝島,卓球部,部活動,https://www.metro.ed.jp/haijima-h/school_life/activities.html,club_link
408050,拝島,剣道部,部活動,https://www.metro.ed.jp/haijima-h/school_life/activities.html,club_link
408050,拝島,水泳部,部活動,https://www.metro.ed.jp/haijima-h/school_life/activities.html,club_link
408050,拝島,美術部,部活動,https://www.metro.ed.jp/haijima-h/school_life/activities.html,club_link
408050,拝島,吹奏楽部,部活動,https://www.metro.ed.jp/haijima-h/school_life/activities.html,club_link
408050,拝島,軽音楽部,部活動,https://www.metro.ed.jp/haijima-h/school_life/activities.html,club_link
408050,拝島,漫画部,部活動,https://www.metro.ed.jp/haijima-h/school_life/activities.html,club_link
408050,拝島,ホームメイキング部,部活動,https://www.metro.ed.jp/haijima-h/school_life/activities.html,club_link
408050,拝島,写真部,部活動,https://www.metro.ed.jp/haijima-h/school_life/activities.html,club_link
408050,拝島,茶道部,部活動,https://www.metro.ed.jp/haijima-h/school_life/activities.html,club_link
408050,拝島,筝曲部,部活動,https://www.metro.ed.jp/haijima-h/school_life/activities.html,club_link
408050,拝島,演劇部,部活動,https://www.metro.ed.jp/haijima-h/school_life/activities.html,club_link
408050,拝島,生物部,部活動,https://www.metro.ed.jp/haijima-h/school_life/activities.html,club_link
408060,東大和,硬式野球部,運動部,https://www.metro.ed.jp/higashiyamato-h/school_life/activities.html,club_ul+club_link
408060,東大和,陸上競技部,運動部,https://www.metro.ed.jp/higashiyamato-h/school_life/activities.html,club_ul+club_link
408060,東大和,サッカー部,運動部,https://www.metro.ed.jp/higashiyamato-h/school_life/activities.html,club_ul+club_link
408060,東大和,男子ハンドボール部,運動部,https://www.metro.ed.jp/higashiyamato-h/school_life/activities.html,club_ul+club_link
408060,東大和,女子ハンドボール部,運動部,https://www.metro.ed.jp/higashiyamato-h/school_life/activities.html,club_ul+club_link
408060,東大和,男子バレーボール部,運動部,https://www.metro.ed.jp/higashiyamato-h/school_life/activities.html,club_ul+club_link
408060,東大和,女子バレーボール部,運動部,https://www.metro.ed.jp/higashiyamato-h/school_life/activities.html,club_ul+club_link
408060,東大和,男子バスケットボール部,運動部,https://www.metro.ed.jp/higashiyamato-h/school_life/activities.html,club_ul+club_link
408060,東大和,女子バスケットボール部,運動部,https://www.metro.ed.jp/higashiyamato-h/school_life/activities.html,club_ul+club_link
408060,東大和,男子バドミントン部,運動部,https://www.metro.ed.jp/higashiyamato-h/school_life/activities.html,club_ul+club_link
408060,東大和,女子バドミントン部,運動部,https://www.metro.ed.jp/higashiyamato-h/school_life/activities.html,club_ul+club_link
408060,東大和,男子硬式テニス部,運動部,https://www.metro.ed.jp/higashiyamato-h/school_life/activities.html,club_ul+club_link
408060,東大和,女子硬式テニス部,運動部,https://www.metro.ed.jp/higashiyamato-h/school_life/activities.html,club_ul+club_link
408060,東大和,ソフトボール部,運動部,https://www.metro.ed.jp/higashiyamato-h/school_life/activities.html,club_ul+club_link
408060,東大和,水泳部,運動部,https://www.metro.ed.jp/higashiyamato-h/school_life/activities.html,club_ul+club_link
408060,東大和,ダンス部,運動部,https://www.metro.ed.jp/higashiyamato-h/school_life/activities.html,club_ul+club_link
408060,東大和,卓球部,運動部,https://www.metro.ed.jp/higashiyamato-h/school_life/activities.html,club_ul+club_link
408060,東大和,吹奏楽部,文化部,https://www.metro.ed.jp/higashiyamato-h/school_life/activities.html,club_ul+club_link
408060,東大和,フォークソング部,文化部,https://www.metro.ed.jp/higashiyamato-h/school_life/activities.html,club_ul+club_link
408060,東大和,茶道部,文化部,https://www.metro.ed.jp/higashiyamato-h/school_life/activities.html,club_ul+club_link
408060,東大和,和太鼓部,文化部,https://www.metro.ed.jp/higashiyamato-h/school_life/activities.html,club_ul+club_link
408060,東大和,家庭科部,文化部,https://www.metro.ed.jp/higashiyamato-h/school_life/activities.html,club_ul+club_link
408060,東大和,科学部,文化部,https://www.metro.ed.jp/higashiyamato-h/school_life/activities.html,club_ul+club_link
408060,東大和,美術部,文化部,https://www.metro.ed.jp/higashiyamato-h/school_life/activities.html,club_ul+club_link
408060,東大和,デジタルクリエイト部,文化部,https://www.metro.ed.jp/higashiyamato-h/school_life/activities.html,club_ul+club_link
408060,東大和,男子サッカー部,部活動,https://www.metro.ed.jp/higashiyamato-h/school_life/activities.html,club_ul+club_link
408060,東大和,女子サッカー部,部活動,https://www.metro.ed.jp/higashiyamato-h/school_life/activities.html,club_ul+club_link
408070,武蔵村山,硬式野球部,運動部,https://www.metro.ed.jp/musashimurayama-h/school_life/activities.html,club_ul+club_link
408070,武蔵村山,ハンドボール部,運動部,https://www.metro.ed.jp/musashimurayama-h/school_life/activities.html,club_ul+club_link
408070,武蔵村山,サッカー部,運動部,https://www.metro.ed.jp/musashimurayama-h/school_life/activities.html,club_ul+club_link
408070,武蔵村山,剣道部,運動部,https://www.metro.ed.jp/musashimurayama-h/school_life/activities.html,club_ul+club_link
408070,武蔵村山,ソフトテニス部,運動部,https://www.metro.ed.jp/musashimurayama-h/school_life/activities.html,club_ul+club_link
408070,武蔵村山,女子バレーボール部,運動部,https://www.metro.ed.jp/musashimurayama-h/school_life/activities.html,club_ul+club_link
408070,武蔵村山,陸上競技部,運動部,https://www.metro.ed.jp/musashimurayama-h/school_life/activities.html,club_ul+club_link
408070,武蔵村山,バドミントン部,運動部,https://www.metro.ed.jp/musashimurayama-h/school_life/activities.html,club_ul+club_link
408070,武蔵村山,男子硬式テニス部,運動部,https://www.metro.ed.jp/musashimurayama-h/school_life/activities.html,club_ul+club_link
408070,武蔵村山,女子硬式テニス部,運動部,https://www.metro.ed.jp/musashimurayama-h/school_life/activities.html,club_ul+club_link
408070,武蔵村山,ブラックダンス部,運動部,https://www.metro.ed.jp/musashimurayama-h/school_life/activities.html,club_ul+club_link
408070,武蔵村山,水泳部,運動部,https://www.metro.ed.jp/musashimurayama-h/school_life/activities.html,club_ul+club_link
408070,武蔵村山,卓球部,運動部,https://www.metro.ed.jp/musashimurayama-h/school_life/activities.html,club_ul+club_link
408070,武蔵村山,男子バスケットボール部,運動部,https://www.metro.ed.jp/musashimurayama-h/school_life/activities.html,club_ul+club_link
408070,武蔵村山,女子バスケットボール部,運動部,https://www.metro.ed.jp/musashimurayama-h/school_life/activities.html,club_ul+club_link
408070,武蔵村山,現代舞踊部,文化部,https://www.metro.ed.jp/musashimurayama-h/school_life/activities.html,club_ul+club_link
408070,武蔵村山,吹奏楽部,文化部,https://www.metro.ed.jp/musashimurayama-h/school_life/activities.html,club_ul+club_link
408070,武蔵村山,軽音部,文化部,https://www.metro.ed.jp/musashimurayama-h/school_life/activities.html,club_ul+club_link
408070,武蔵村山,写真部,文化部,https://www.metro.ed.jp/musashimurayama-h/school_life/activities.html,club_ul+club_link
408070,武蔵村山,美術部,文化部,https://www.metro.ed.jp/musashimurayama-h/school_life/activities.html,club_ul+club_link
408070,武蔵村山,書道部,文化部,https://www.metro.ed.jp/musashimurayama-h/school_life/activities.html,club_ul+club_link
408070,武蔵村山,イラストレーション部,文化部,https://www.metro.ed.jp/musashimurayama-h/school_life/activities.html,club_ul+club_link
408070,武蔵村山,華道部,文化部,https://www.metro.ed.jp/musashimurayama-h/school_life/activities.html,club_ul+club_link
408070,武蔵村山,茶道部,文化部,https://www.metro.ed.jp/musashimurayama-h/school_life/activities.html,club_ul+club_link
408070,武蔵村山,家庭科部,文化部,https://www.metro.ed.jp/musashimurayama-h/school_life/activities.html,club_ul+club_link
408070,武蔵村山,生物部,文化部,https://www.metro.ed.jp/musashimurayama-h/school_life/activities.html,club_ul+club_link
408070,武蔵村山,放送部,文化部,https://www.metro.ed.jp/musashimurayama-h/school_life/activities.html,club_ul+club_link
408070,武蔵村山,パソコン部,文化部,https://www.metro.ed.jp/musashimurayama-h/school_life/activities.html,club_ul+club_link
408070,武蔵村山,演劇部,文化部,https://www.metro.ed.jp/musashimurayama-h/school_life/activities.html,club_ul+club_link
408070,武蔵村山,ボランティア愛好会,文化部,https://www.metro.ed.jp/musashimurayama-h/school_life/activities.html,club_ul+club_link
408070,武蔵村山,軽音楽部,部活動,https://www.metro.ed.jp/musashimurayama-h/school_life/activities.html,club_ul+club_link
408090,東大和南,陸上競技部,運動部,https://www.metro.ed.jp/higashiyamatominami-h/school_life/activities.html,club_ul+club_link
408090,東大和南,サッカー部,運動部,https://www.metro.ed.jp/higashiyamatominami-h/school_life/activities.html,club_ul+club_link
408090,東大和南,野球部,運動部,https://www.metro.ed.jp/higashiyamatominami-h/school_life/activities.html,club_ul+club_link
408090,東大和南,男子バレーボール部,運動部,https://www.metro.ed.jp/higashiyamatominami-h/school_life/activities.html,club_ul+club_link
408090,東大和南,女子バレーボール部,運動部,https://www.metro.ed.jp/higashiyamatominami-h/school_life/activities.html,club_ul+club_link
408090,東大和南,男子バスケット部,運動部,https://www.metro.ed.jp/higashiyamatominami-h/school_life/activities.html,club_ul+club_link
408090,東大和南,女子バスケットボール部,運動部,https://www.metro.ed.jp/higashiyamatominami-h/school_life/activities.html,club_ul+club_link
408090,東大和南,男女バドミントン部,運動部,https://www.metro.ed.jp/higashiyamatominami-h/school_life/activities.html,club_ul+club_link
408090,東大和南,男子硬式テニス部,運動部,https://www.metro.ed.jp/higashiyamatominami-h/school_life/activities.html,club_ul+club_link
408090,東大和南,女子硬式テニス部,運動部,https://www.metro.ed.jp/higashiyamatominami-h/school_life/activities.html,club_ul+club_link
408090,東大和南,ソフトテニス部,運動部,https://www.metro.ed.jp/higashiyamatominami-h/school_life/activities.html,club_ul+club_link
408090,東大和南,卓球部,運動部,https://www.metro.ed.jp/higashiyamatominami-h/school_life/activities.html,club_ul+club_link
408090,東大和南,水泳部,運動部,https://www.metro.ed.jp/higashiyamatominami-h/school_life/activities.html,club_ul+club_link
408090,東大和南,柔道部,運動部,https://www.metro.ed.jp/higashiyamatominami-h/school_life/activities.html,club_ul+club_link
408090,東大和南,剣道部,運動部,https://www.metro.ed.jp/higashiyamatominami-h/school_life/activities.html,club_ul+club_link
408090,東大和南,ダンス部,運動部,https://www.metro.ed.jp/higashiyamatominami-h/school_life/activities.html,club_ul+club_link
408090,東大和南,踊り部,運動部,https://www.metro.ed.jp/higashiyamatominami-h/school_life/activities.html,club_ul+club_link
408090,東大和南,チアリーディング部,運動部,https://www.metro.ed.jp/higashiyamatominami-h/school_life/activities.html,club_ul+club_link
408090,東大和南,家庭科部,文化部,https://www.metro.ed.jp/higashiyamatominami-h/school_life/activities.html,club_ul+club_link
408090,東大和南,写真部,文化部,https://www.metro.ed.jp/higashiyamatominami-h/school_life/activities.html,club_ul+club_link
408090,東大和南,吹奏楽部,文化部,https://www.metro.ed.jp/higashiyamatominami-h/school_life/activities.html,club_ul+club_link
408090,東大和南,漫画研究部,文化部,https://www.metro.ed.jp/higashiyamatominami-h/school_life/activities.html,club_ul+club_link
408090,東大和南,生物部,文化部,https://www.metro.ed.jp/higashiyamatominami-h/school_life/activities.html,club_ul+club_link
408090,東大和南,合唱部,文化部,https://www.metro.ed.jp/higashiyamatominami-h/school_life/activities.html,club_ul+club_link
408090,東大和南,茶道部,文化部,https://www.metro.ed.jp/higashiyamatominami-h/school_life/activities.html,club_ul+club_link
408090,東大和南,美術部,文化部,https://www.metro.ed.jp/higashiyamatominami-h/school_life/activities.html,club_ul+club_link
408090,東大和南,演劇部,文化部,https://www.metro.ed.jp/higashiyamatominami-h/school_life/activities.html,club_ul+club_link
408210,多摩,硬式野球部,運動部,https://www.metro.ed.jp/tama-h/school_life/activities.html,club_ul+club_link
408210,多摩,女子バスケットボール部,運動部,https://www.metro.ed.jp/tama-h/school_life/activities.html,club_ul+club_link
408210,多摩,男子バスケットボール部,運動部,https://www.metro.ed.jp/tama-h/school_life/activities.html,club_ul+club_link
408210,多摩,サッカー部,運動部,https://www.metro.ed.jp/tama-h/school_life/activities.html,club_ul+club_link
408210,多摩,女子バレーボール部,運動部,https://www.metro.ed.jp/tama-h/school_life/activities.html,club_ul+club_link
408210,多摩,自転車部,運動部,https://www.metro.ed.jp/tama-h/school_life/activities.html,club_ul+club_link
408210,多摩,陸上競技部,運動部,https://www.metro.ed.jp/tama-h/school_life/activities.html,club_ul+club_link
408210,多摩,ダンス部,運動部,https://www.metro.ed.jp/tama-h/school_life/activities.html,club_ul+club_link
408210,多摩,バドミントン部,運動部,https://www.metro.ed.jp/tama-h/school_life/activities.html,club_ul+club_link
408210,多摩,硬式テニス部,運動部,https://www.metro.ed.jp/tama-h/school_life/activities.html,club_ul+club_link
408210,多摩,卓球部,運動部,https://www.metro.ed.jp/tama-h/school_life/activities.html,club_ul+club_link
408210,多摩,軽音楽部,文化部,https://www.metro.ed.jp/tama-h/school_life/activities.html,club_ul+club_link
408210,多摩,演劇部,文化部,https://www.metro.ed.jp/tama-h/school_life/activities.html,club_ul+club_link
408210,多摩,アニメーション部,文化部,https://www.metro.ed.jp/tama-h/school_life/activities.html,club_ul+club_link
408210,多摩,美術部,文化部,https://www.metro.ed.jp/tama-h/school_life/activities.html,club_ul+club_link
408210,多摩,茶道部,文化部,https://www.metro.ed.jp/tama-h/school_life/activities.html,club_ul+club_link
408210,多摩,写真部,文化部,https://www.metro.ed.jp/tama-h/school_life/activities.html,club_ul+club_link
408210,多摩,家庭科部,文化部,https://www.metro.ed.jp/tama-h/school_life/activities.html,club_ul+club_link
408210,多摩,パソコン部,文化部,https://www.metro.ed.jp/tama-h/school_life/activities.html,club_ul+club_link
408210,多摩,合唱部,文化部,https://www.metro.ed.jp/tama-h/school_life/activities.html,club_ul+club_link
408210,多摩,自然総合部,文化部,https://www.metro.ed.jp/tama-h/school_life/activities.html,club_ul+club_link
408210,多摩,英語部,文化部,https://www.metro.ed.jp/tama-h/school_life/activities.html,club_ul+club_link
408210,多摩,吹奏楽部,部活動,https://www.metro.ed.jp/tama-h/school_life/activities.html,club_ul+club_link
408230,福生,サッカー部,運動部,https://www.metro.ed.jp/fussa-h/school_life/activities.html,club_ul+club_link
408230,福生,硬式野球部,運動部,https://www.metro.ed.jp/fussa-h/school_life/activities.html,club_ul+club_link
408230,福生,陸上競技部,運動部,https://www.metro.ed.jp/fussa-h/school_life/activities.html,club_ul+club_link
408230,福生,バドミントン部,運動部,https://www.metro.ed.jp/fussa-h/school_life/activities.html,club_ul+club_link
408230,福生,男子バスケットボール部,運動部,https://www.metro.ed.jp/fussa-h/school_life/activities.html,club_ul+club_link
408230,福生,女子バスケットボール部,運動部,https://www.metro.ed.jp/fussa-h/school_life/activities.html,club_ul+club_link
408230,福生,女子バレーボール部,運動部,https://www.metro.ed.jp/fussa-h/school_life/activities.html,club_ul+club_link
408230,福生,ソフトテニス部,運動部,https://www.metro.ed.jp/fussa-h/school_life/activities.html,club_ul+club_link
408230,福生,男子硬式テニス部,運動部,https://www.metro.ed.jp/fussa-h/school_life/activities.html,club_ul+club_link
408230,福生,女子硬式テニス部,運動部,https://www.metro.ed.jp/fussa-h/school_life/activities.html,club_ul+club_link
408230,福生,卓球部,運動部,https://www.metro.ed.jp/fussa-h/school_life/activities.html,club_ul+club_link
408230,福生,水泳部,運動部,https://www.metro.ed.jp/fussa-h/school_life/activities.html,club_ul+club_link
408230,福生,ダンス部,運動部,https://www.metro.ed.jp/fussa-h/school_life/activities.html,club_ul+club_link
408230,福生,美術部,文化部,https://www.metro.ed.jp/fussa-h/school_life/activities.html,club_ul+club_link
408230,福生,吹奏楽部,文化部,https://www.metro.ed.jp/fussa-h/school_life/activities.html,club_ul+club_link
408230,福生,演劇部,文化部,https://www.metro.ed.jp/fussa-h/school_life/activities.html,club_ul+club_link
408230,福生,軽音楽部,文化部,https://www.metro.ed.jp/fussa-h/school_life/activities.html,club_ul+club_link
408230,福生,漫画イラスト部,文化部,https://www.metro.ed.jp/fussa-h/school_life/activities.html,club_ul+club_link
408230,福生,パソコン部,文化部,https://www.metro.ed.jp/fussa-h/school_life/activities.html,club_ul+club_link
408230,福生,料理研究部,文化部,https://www.metro.ed.jp/fussa-h/school_life/activities.html,club_ul+club_link
408230,福生,英語部,文化部,https://www.metro.ed.jp/fussa-h/school_life/activities.html,club_ul+club_link
408230,福生,写真部,文化部,https://www.metro.ed.jp/fussa-h/school_life/activities.html,club_ul+club_link
408230,福生,柔道同好会,部活動,https://www.metro.ed.jp/fussa-h/school_life/activities.html,club_ul+club_link
408240,秋留台,剣道部,部活動,https://www.metro.ed.jp/akirudai-h/school_life/activities.html,club_link
408240,秋留台,硬式テニス部,部活動,https://www.metro.ed.jp/akirudai-h/school_life/activities.html,club_link
408240,秋留台,硬式野球部,部活動,https://www.metro.ed.jp/akirudai-h/school_life/activities.html,club_link
408240,秋留台,サッカー部,部活動,https://www.metro.ed.jp/akirudai-h/school_life/activities.html,club_link
408240,秋留台,水泳部,部活動,https://www.metro.ed.jp/akirudai-h/school_life/activities.html,club_link
408240,秋留台,卓球部,部活動,https://www.metro.ed.jp/akirudai-h/school_life/activities.html,club_link
408240,秋留台,男子バスケットボール部,部活動,https://www.metro.ed.jp/akirudai-h/school_life/activities.html,club_link
408240,秋留台,女子バスケットボール部,部活動,https://www.metro.ed.jp/akirudai-h/school_life/activities.html,club_link
408240,秋留台,男子バレーボール部,部活動,https://www.metro.ed.jp/akirudai-h/school_life/activities.html,club_link
408240,秋留台,女子バレーボール部,部活動,https://www.metro.ed.jp/akirudai-h/school_life/activities.html,club_link
408240,秋留台,ソフトボール部,部活動,https://www.metro.ed.jp/akirudai-h/school_life/activities.html,club_link
408240,秋留台,弓道部,部活動,https://www.metro.ed.jp/akirudai-h/school_life/activities.html,club_link
408240,秋留台,バドミントン部,部活動,https://www.metro.ed.jp/akirudai-h/school_life/activities.html,club_link
408240,秋留台,陸上競技部,部活動,https://www.metro.ed.jp/akirudai-h/school_life/activities.html,club_link
408240,秋留台,ハンドボール部,部活動,https://www.metro.ed.jp/akirudai-h/school_life/activities.html,club_link
408240,秋留台,写真部,部活動,https://www.metro.ed.jp/akirudai-h/school_life/activities.html,club_link
408240,秋留台,マンガ・アニメ部,部活動,https://www.metro.ed.jp/akirudai-h/school_life/activities.html,club_link
408240,秋留台,演劇部,部活動,https://www.metro.ed.jp/akirudai-h/school_life/activities.html,club_link
408240,秋留台,吹奏楽部,部活動,https://www.metro.ed.jp/akirudai-h/school_life/activities.html,club_link
408240,秋留台,放送部,部活動,https://www.metro.ed.jp/akirudai-h/school_life/activities.html,club_link
408240,秋留台,茶華道部,部活動,https://www.metro.ed.jp/akirudai-h/school_life/activities.html,club_link
408240,秋留台,和太鼓部,部活動,https://www.metro.ed.jp/akirudai-h/school_life/activities.html,club_link
408240,秋留台,美術部,部活動,https://www.metro.ed.jp/akirudai-h/school_life/activities.html,club_link
408240,秋留台,コーラス部,部活動,https://www.metro.ed.jp/akirudai-h/school_life/activities.html,club_link
408240,秋留台,家庭科部,部活動,https://www.metro.ed.jp/akirudai-h/school_life/activities.html,club_link
408240,秋留台,自然科学部,部活動,https://www.metro.ed.jp/akirudai-h/school_life/activities.html,club_link
408250,羽村,陸上競技部,部活動,https://www.metro.ed.jp/hamura-h/school_life/activities.html,club_link
408250,羽村,硬式野球部,部活動,https://www.metro.ed.jp/hamura-h/school_life/activities.html,club_link
408250,羽村,サッカー部,部活動,https://www.metro.ed.jp/hamura-h/school_life/activities.html,club_link
408250,羽村,男女バドミントン部,部活動,https://www.metro.ed.jp/hamura-h/school_life/activities.html,club_link
408250,羽村,男子バレーボール部,部活動,https://www.metro.ed.jp/hamura-h/school_life/activities.html,club_link
408250,羽村,女子バレーボール部,部活動,https://www.metro.ed.jp/hamura-h/school_life/activities.html,club_link
408250,羽村,男子バスケットボール部,部活動,https://www.metro.ed.jp/hamura-h/school_life/activities.html,club_link
408250,羽村,女子バスケットボール部,部活動,https://www.metro.ed.jp/hamura-h/school_life/activities.html,club_link
408250,羽村,ハンドボール部,部活動,https://www.metro.ed.jp/hamura-h/school_life/activities.html,club_link
408250,羽村,卓球部,部活動,https://www.metro.ed.jp/hamura-h/school_life/activities.html,club_link
408250,羽村,剣道部,部活動,https://www.metro.ed.jp/hamura-h/school_life/activities.html,club_link
408250,羽村,柔道部,部活動,https://www.metro.ed.jp/hamura-h/school_life/activities.html,club_link
408250,羽村,男女硬式テニス部,部活動,https://www.metro.ed.jp/hamura-h/school_life/activities.html,club_link
408250,羽村,水泳部,部活動,https://www.metro.ed.jp/hamura-h/school_life/activities.html,club_link
408250,羽村,山岳部,部活動,https://www.metro.ed.jp/hamura-h/school_life/activities.html,club_link
408250,羽村,ＤＡＮＣＥ部,部活動,https://www.metro.ed.jp/hamura-h/school_life/activities.html,club_link
408250,羽村,軽音楽部,部活動,https://www.metro.ed.jp/hamura-h/school_life/activities.html,club_link
408250,羽村,吹奏楽部,部活動,https://www.metro.ed.jp/hamura-h/school_life/activities.html,club_link
408250,羽村,演劇部,部活動,https://www.metro.ed.jp/hamura-h/school_life/activities.html,club_link
408250,羽村,美術部,部活動,https://www.metro.ed.jp/hamura-h/school_life/activities.html,club_link
408250,羽村,写真部,部活動,https://www.metro.ed.jp/hamura-h/school_life/activities.html,club_link
408250,羽村,漫画研究部,部活動,https://www.metro.ed.jp/hamura-h/school_life/activities.html,club_link
408250,羽村,パソコン部,部活動,https://www.metro.ed.jp/hamura-h/school_life/activities.html,club_link
408250,羽村,ホームメイキング部,部活動,https://www.metro.ed.jp/hamura-h/school_life/activities.html,club_link
408250,羽村,書道部,部活動,https://www.metro.ed.jp/hamura-h/school_life/activities.html,club_link
408250,羽村,華道部,部活動,https://www.metro.ed.jp/hamura-h/school_life/activities.html,club_link
408250,羽村,茶道部,部活動,https://www.metro.ed.jp/hamura-h/school_life/activities.html,club_link
408250,羽村,篠笛部,部活動,https://www.metro.ed.jp/hamura-h/school_life/activities.html,club_link
408250,羽村,ボランティア同好会,部活動,https://www.metro.ed.jp/hamura-h/school_life/activities.html,club_link
408260,五日市,◆ 運 動 部,,https://www.pweb.jp/itsukaichi/cgibukatsudou/club-dsp.php?syori=ichiran,generic
408260,五日市,自転車競技部,,https://www.pweb.jp/itsukaichi/cgibukatsudou/club-dsp.php?syori=ichiran,generic
408260,五日市,◆ 文 化 部,,https://www.pweb.jp/itsukaichi/cgibukatsudou/club-dsp.php?syori=ichiran,generic
408260,五日市,ボランティア同好会,,https://www.pweb.jp/itsukaichi/cgibukatsudou/club-dsp.php?syori=ichiran,generic
408260,五日市,部,,https://www.pweb.jp/itsukaichi/cgibukatsudou/club-dsp.php?syori=ichiran,generic
408420,青梅総合,男子サッカー部,運動部,https://www.metro.ed.jp/omesogo-h/school_life/activities.html,club_ul+club_link
408420,青梅総合,女子サッカー部,運動部,https://www.metro.ed.jp/omesogo-h/school_life/activities.html,club_ul+club_link
408420,青梅総合,硬式野球部,運動部,https://www.metro.ed.jp/omesogo-h/school_life/activities.html,club_ul+club_link
408420,青梅総合,女子ソフトボール部,運動部,https://www.metro.ed.jp/omesogo-h/school_life/activities.html,club_ul+club_link
408420,青梅総合,男子バスケットボール部,運動部,https://www.metro.ed.jp/omesogo-h/school_life/activities.html,club_ul+club_link
408420,青梅総合,女子バスケットボール部,運動部,https://www.metro.ed.jp/omesogo-h/school_life/activities.html,club_ul+club_link
408420,青梅総合,硬式テニス部,運動部,https://www.metro.ed.jp/omesogo-h/school_life/activities.html,club_ul+club_link
408420,青梅総合,ソフトテニス部,運動部,https://www.metro.ed.jp/omesogo-h/school_life/activities.html,club_ul+club_link
408420,青梅総合,陸上競技部,運動部,https://www.metro.ed.jp/omesogo-h/school_life/activities.html,club_ul+club_link
408420,青梅総合,女子バレーボール部,運動部,https://www.metro.ed.jp/omesogo-h/school_life/activities.html,club_ul+club_link
408420,青梅総合,バドミントン部,運動部,https://www.metro.ed.jp/omesogo-h/school_life/activities.html,club_ul+club_link
408420,青梅総合,卓球部,運動部,https://www.metro.ed.jp/omesogo-h/school_life/activities.html,club_ul+club_link
408420,青梅総合,弓道部,運動部,https://www.metro.ed.jp/omesogo-h/school_life/activities.html,club_ul+club_link
408420,青梅総合,剣道部,運動部,https://www.metro.ed.jp/omesogo-h/school_life/activities.html,club_ul+club_link
408420,青梅総合,吹奏楽部,文化部,https://www.metro.ed.jp/omesogo-h/school_life/activities.html,club_ul+club_link
408420,青梅総合,合唱部,文化部,https://www.metro.ed.jp/omesogo-h/school_life/activities.html,club_ul+club_link
408420,青梅総合,和太鼓部,文化部,https://www.metro.ed.jp/omesogo-h/school_life/activities.html,club_ul+club_link
408420,青梅総合,ダンス部,文化部,https://www.metro.ed.jp/omesogo-h/school_life/activities.html,club_ul+club_link
408420,青梅総合,製菓製パン部,文化部,https://www.metro.ed.jp/omesogo-h/school_life/activities.html,club_ul+club_link
408420,青梅総合,日本文化部,文化部,https://www.metro.ed.jp/omesogo-h/school_life/activities.html,club_ul+club_link
408420,青梅総合,文芸部,文化部,https://www.metro.ed.jp/omesogo-h/school_life/activities.html,club_ul+club_link
408420,青梅総合,軽音楽部,文化部,https://www.metro.ed.jp/omesogo-h/school_life/activities.html,club_ul+club_link
408420,青梅総合,パソコン部,文化部,https://www.metro.ed.jp/omesogo-h/school_life/activities.html,club_ul+club_link
408420,青梅総合,園芸部,文化部,https://www.metro.ed.jp/omesogo-h/school_life/activities.html,club_ul+club_link
408420,青梅総合,自然科学同好会,文化部,https://www.metro.ed.jp/omesogo-h/school_life/activities.html,club_ul+club_link
408420,青梅総合,演劇同好会,文化部,https://www.metro.ed.jp/omesogo-h/school_life/activities.html,club_ul+club_link
408420,青梅総合,里山ネイチャー同好会,文化部,https://www.metro.ed.jp/omesogo-h/school_life/activities.html,club_ul+club_link
408420,青梅総合,ソフトボール部,部活動,https://www.metro.ed.jp/omesogo-h/school_life/activities.html,club_ul+club_link
408420,青梅総合,男子バドミントン部・女子バドミントン部,部活動,https://www.metro.ed.jp/omesogo-h/school_life/activities.html,club_ul+club_link
408420,青梅総合,美術同好会,部活動,https://www.metro.ed.jp/omesogo-h/school_life/activities.html,club_ul+club_link
408510,上水,男子バスケットボール部,部活動,https://www.metro.ed.jp/josui-h/school_life/activities.html,club_link
408510,上水,女子バスケットボール部,部活動,https://www.metro.ed.jp/josui-h/school_life/activities.html,club_link
408510,上水,男子バレーボール部,部活動,https://www.metro.ed.jp/josui-h/school_life/activities.html,club_link
408510,上水,女子バレーボール部,部活動,https://www.metro.ed.jp/josui-h/school_life/activities.html,club_link
408510,上水,バドミントン部,部活動,https://www.metro.ed.jp/josui-h/school_life/activities.html,club_link
408510,上水,剣道部,部活動,https://www.metro.ed.jp/josui-h/school_life/activities.html,club_link
408510,上水,卓球部,部活動,https://www.metro.ed.jp/josui-h/school_life/activities.html,club_link
408510,上水,ダンス部,部活動,https://www.metro.ed.jp/josui-h/school_life/activities.html,club_link
408510,上水,硬式野球部,部活動,https://www.metro.ed.jp/josui-h/school_life/activities.html,club_link
408510,上水,男子サッカー部,部活動,https://www.metro.ed.jp/josui-h/school_life/activities.html,club_link
408510,上水,陸上競技部,部活動,https://www.metro.ed.jp/josui-h/school_life/activities.html,club_link
408510,上水,水泳部,部活動,https://www.metro.ed.jp/josui-h/school_life/activities.html,club_link
408510,上水,文芸部,部活動,https://www.metro.ed.jp/josui-h/school_life/activities.html,club_link
408510,上水,吹奏楽部,部活動,https://www.metro.ed.jp/josui-h/school_life/activities.html,club_link
408510,上水,美術部,部活動,https://www.metro.ed.jp/josui-h/school_life/activities.html,club_link
408510,上水,放送部,部活動,https://www.metro.ed.jp/josui-h/school_life/activities.html,club_link
408510,上水,茶道部,部活動,https://www.metro.ed.jp/josui-h/school_life/activities.html,club_link
408510,上水,軽音楽部,部活動,https://www.metro.ed.jp/josui-h/school_life/activities.html,club_link
408510,上水,家庭科部,部活動,https://www.metro.ed.jp/josui-h/school_life/activities.html,club_link
408510,上水,写真部,部活動,https://www.metro.ed.jp/josui-h/school_life/activities.html,club_link
408510,上水,自然科学部,部活動,https://www.metro.ed.jp/josui-h/school_life/activities.html,club_link
408710,多摩工科,野球部,運動部,https://www.metro.ed.jp/tamakoka-h/school_life/activities.html,club_ul+club_link
408710,多摩工科,サッカー部,運動部,https://www.metro.ed.jp/tamakoka-h/school_life/activities.html,club_ul+club_link
408710,多摩工科,陸上競技部,運動部,https://www.metro.ed.jp/tamakoka-h/school_life/activities.html,club_ul+club_link
408710,多摩工科,卓球部,運動部,https://www.metro.ed.jp/tamakoka-h/school_life/activities.html,club_ul+club_link
408710,多摩工科,バスケットボール部,運動部,https://www.metro.ed.jp/tamakoka-h/school_life/activities.html,club_ul+club_link
408710,多摩工科,バドミントン部,運動部,https://www.metro.ed.jp/tamakoka-h/school_life/activities.html,club_ul+club_link
408710,多摩工科,バレーボール部,運動部,https://www.metro.ed.jp/tamakoka-h/school_life/activities.html,club_ul+club_link
408710,多摩工科,空手道部,運動部,https://www.metro.ed.jp/tamakoka-h/school_life/activities.html,club_ul+club_link
408710,多摩工科,剣道部,運動部,https://www.metro.ed.jp/tamakoka-h/school_life/activities.html,club_ul+club_link
408710,多摩工科,柔道部,運動部,https://www.metro.ed.jp/tamakoka-h/school_life/activities.html,club_ul+club_link
408710,多摩工科,ソフトテニス部,運動部,https://www.metro.ed.jp/tamakoka-h/school_life/activities.html,club_ul+club_link
408710,多摩工科,水泳部,運動部,https://www.metro.ed.jp/tamakoka-h/school_life/activities.html,club_ul+club_link
408710,多摩工科,ウェイトトレーニング部,運動部,https://www.metro.ed.jp/tamakoka-h/school_life/activities.html,club_ul+club_link
408710,多摩工科,アウトドア部,運動部,https://www.metro.ed.jp/tamakoka-h/school_life/activities.html,club_ul+club_link
408710,多摩工科,軽音楽部,文化部,https://www.metro.ed.jp/tamakoka-h/school_life/activities.html,club_ul+club_link
408710,多摩工科,JRC部,文化部,https://www.metro.ed.jp/tamakoka-h/school_life/activities.html,club_ul+club_link
408710,多摩工科,自動車部,文化部,https://www.metro.ed.jp/tamakoka-h/school_life/activities.html,club_ul+club_link
408710,多摩工科,写真部,文化部,https://www.metro.ed.jp/tamakoka-h/school_life/activities.html,club_ul+club_link
408710,多摩工科,畑栽培部,文化部,https://www.metro.ed.jp/tamakoka-h/school_life/activities.html,club_ul+club_link
408710,多摩工科,マンガイラスト部,文化部,https://www.metro.ed.jp/tamakoka-h/school_life/activities.html,club_ul+club_link
408710,多摩工科,電子工作部,文化部,https://www.metro.ed.jp/tamakoka-h/school_life/activities.html,club_ul+club_link
408710,多摩工科,囲碁・将棋部,文化部,https://www.metro.ed.jp/tamakoka-h/school_life/activities.html,club_ul+club_link
408710,多摩工科,模型工作部,文化部,https://www.metro.ed.jp/tamakoka-h/school_life/activities.html,club_ul+club_link
408710,多摩工科,ハンドメイド部,文化部,https://www.metro.ed.jp/tamakoka-h/school_life/activities.html,club_ul+club_link
408710,多摩工科,工芸同好会,文化部,https://www.metro.ed.jp/tamakoka-h/school_life/activities.html,club_ul+club_link
408710,多摩工科,文芸同好会,文化部,https://www.metro.ed.jp/tamakoka-h/school_life/activities.html,club_ul+club_link
408710,多摩工科,ソフトウェア開発同好会,文化部,https://www.metro.ed.jp/tamakoka-h/school_life/activities.html,club_ul+club_link
408710,多摩工科,硬式野球部,部活動,https://www.metro.ed.jp/tamakoka-h/school_life/activities.html,club_ul+club_link
408710,多摩工科,テニス部,部活動,https://www.metro.ed.jp/tamakoka-h/school_life/activities.html,club_ul+club_link
408820,瑞穂農芸,男女テニス部,自然科学同好会,https://www.metro.ed.jp/mizuhonogei-h/school_life/activities.html,club_ul+club_link
408820,瑞穂農芸,女子バレーボール部,自然科学同好会,https://www.metro.ed.jp/mizuhonogei-h/school_life/activities.html,club_ul+club_link
408820,瑞穂農芸,男子バスケットボール部,自然科学同好会,https://www.metro.ed.jp/mizuhonogei-h/school_life/activities.html,club_ul+club_link
408820,瑞穂農芸,女子バスケットボール部,自然科学同好会,https://www.metro.ed.jp/mizuhonogei-h/school_life/activities.html,club_ul+club_link
408820,瑞穂農芸,弓道部,自然科学同好会,https://www.metro.ed.jp/mizuhonogei-h/school_life/activities.html,club_ul+club_link
408820,瑞穂農芸,卓球部,自然科学同好会,https://www.metro.ed.jp/mizuhonogei-h/school_life/activities.html,club_ul+club_link
408820,瑞穂農芸,女子ソフトボール部,自然科学同好会,https://www.metro.ed.jp/mizuhonogei-h/school_life/activities.html,club_ul+club_link
408820,瑞穂農芸,バドミントン部,自然科学同好会,https://www.metro.ed.jp/mizuhonogei-h/school_life/activities.html,club_ul+club_link
408820,瑞穂農芸,硬式野球部,自然科学同好会,https://www.metro.ed.jp/mizuhonogei-h/school_life/activities.html,club_ul+club_link
408820,瑞穂農芸,ダンス部,自然科学同好会,https://www.metro.ed.jp/mizuhonogei-h/school_life/activities.html,club_ul+club_link
408820,瑞穂農芸,陸上部,自然科学同好会,https://www.metro.ed.jp/mizuhonogei-h/school_life/activities.html,club_ul+club_link
408820,瑞穂農芸,水泳部,自然科学同好会,https://www.metro.ed.jp/mizuhonogei-h/school_life/activities.html,club_ul+club_link
408820,瑞穂農芸,写真部,自然科学同好会,https://www.metro.ed.jp/mizuhonogei-h/school_life/activities.html,club_ul+club_link
408820,瑞穂農芸,美術部,自然科学同好会,https://www.metro.ed.jp/mizuhonogei-h/school_life/activities.html,club_ul+club_link
408820,瑞穂農芸,茶道部,自然科学同好会,https://www.metro.ed.jp/mizuhonogei-h/school_life/activities.html,club_ul+club_link
408820,瑞穂農芸,軽音楽部,自然科学同好会,https://www.metro.ed.jp/mizuhonogei-h/school_life/activities.html,club_ul+club_link
408820,瑞穂農芸,演劇部,自然科学同好会,https://www.metro.ed.jp/mizuhonogei-h/school_life/activities.html,club_ul+club_link
408820,瑞穂農芸,服飾デザイン部,自然科学同好会,https://www.metro.ed.jp/mizuhonogei-h/school_life/activities.html,club_ul+club_link
408820,瑞穂農芸,吹奏楽部,自然科学同好会,https://www.metro.ed.jp/mizuhonogei-h/school_life/activities.html,club_ul+club_link
408820,瑞穂農芸,クッキング部,自然科学同好会,https://www.metro.ed.jp/mizuhonogei-h/school_life/activities.html,club_ul+club_link
408820,瑞穂農芸,食品研究部,自然科学同好会,https://www.metro.ed.jp/mizuhonogei-h/school_life/activities.html,club_ul+club_link
408820,瑞穂農芸,動物愛好部,自然科学同好会,https://www.metro.ed.jp/mizuhonogei-h/school_life/activities.html,club_ul+club_link
408820,瑞穂農芸,バイテク部,自然科学同好会,https://www.metro.ed.jp/mizuhonogei-h/school_life/activities.html,club_ul+club_link
408820,瑞穂農芸,華道部,自然科学同好会,https://www.metro.ed.jp/mizuhonogei-h/school_life/activities.html,club_ul+club_link
408820,瑞穂農芸,園芸部,自然科学同好会,https://www.metro.ed.jp/mizuhonogei-h/school_life/activities.html,club_ul+club_link
408820,瑞穂農芸,ESS英語同好会,同好会,https://www.metro.ed.jp/mizuhonogei-h/school_life/activities.html,club_ul+club_link
408820,瑞穂農芸,サッカー同好会,同好会,https://www.metro.ed.jp/mizuhonogei-h/school_life/activities.html,club_ul+club_link
408820,瑞穂農芸,自然科学同好会,同好会,https://www.metro.ed.jp/mizuhonogei-h/school_life/activities.html,club_ul+club_link
408820,瑞穂農芸,陸上競技部,部活動,https://www.metro.ed.jp/mizuhonogei-h/school_life/activities.html,club_ul+club_link
408820,瑞穂農芸,ESS同好会,部活動,https://www.metro.ed.jp/mizuhonogei-h/school_life/activities.html,club_ul+club_link
408820,瑞穂農芸,和太鼓部,部活動,https://www.metro.ed.jp/mizuhonogei-h/school_life/activities.html,club_ul+club_link
409020,武蔵野北,硬式野球部,部活動・生徒会,https://www.metro.ed.jp/musashinokita-h/school_life/activities.html,club_link
409020,武蔵野北,剣道部,部活動・生徒会,https://www.metro.ed.jp/musashinokita-h/school_life/activities.html,club_link
409020,武蔵野北,サッカー部,部活動・生徒会,https://www.metro.ed.jp/musashinokita-h/school_life/activities.html,club_link
409020,武蔵野北,新体操部,部活動・生徒会,https://www.metro.ed.jp/musashinokita-h/school_life/activities.html,club_link
409020,武蔵野北,女子ハンドボール部,部活動・生徒会,https://www.metro.ed.jp/musashinokita-h/school_life/activities.html,club_link
409020,武蔵野北,男子バスケットボール部,部活動・生徒会,https://www.metro.ed.jp/musashinokita-h/school_life/activities.html,club_link
409020,武蔵野北,女子バスケットボール部,部活動・生徒会,https://www.metro.ed.jp/musashinokita-h/school_life/activities.html,club_link
409020,武蔵野北,男子バレーボール部,部活動・生徒会,https://www.metro.ed.jp/musashinokita-h/school_life/activities.html,club_link
409020,武蔵野北,女子バレーボール部,部活動・生徒会,https://www.metro.ed.jp/musashinokita-h/school_life/activities.html,club_link
409020,武蔵野北,男子硬式テニス部,部活動・生徒会,https://www.metro.ed.jp/musashinokita-h/school_life/activities.html,club_link
409020,武蔵野北,女子硬式テニス部,部活動・生徒会,https://www.metro.ed.jp/musashinokita-h/school_life/activities.html,club_link
409020,武蔵野北,水泳部,部活動・生徒会,https://www.metro.ed.jp/musashinokita-h/school_life/activities.html,club_link
409020,武蔵野北,ソフトテニス部,部活動・生徒会,https://www.metro.ed.jp/musashinokita-h/school_life/activities.html,club_link
409020,武蔵野北,卓球部,部活動・生徒会,https://www.metro.ed.jp/musashinokita-h/school_life/activities.html,club_link
409020,武蔵野北,バドミントン部,部活動・生徒会,https://www.metro.ed.jp/musashinokita-h/school_life/activities.html,club_link
409020,武蔵野北,陸上競技部,部活動・生徒会,https://www.metro.ed.jp/musashinokita-h/school_life/activities.html,club_link
409020,武蔵野北,囲碁将棋部,部活動・生徒会,https://www.metro.ed.jp/musashinokita-h/school_life/activities.html,club_link
409020,武蔵野北,演劇部,部活動・生徒会,https://www.metro.ed.jp/musashinokita-h/school_life/activities.html,club_link
409020,武蔵野北,合唱部,部活動・生徒会,https://www.metro.ed.jp/musashinokita-h/school_life/activities.html,club_link
409020,武蔵野北,家庭科部,部活動・生徒会,https://www.metro.ed.jp/musashinokita-h/school_life/activities.html,club_link
409020,武蔵野北,茶道部,部活動・生徒会,https://www.metro.ed.jp/musashinokita-h/school_life/activities.html,club_link
409020,武蔵野北,吹奏楽部,部活動・生徒会,https://www.metro.ed.jp/musashinokita-h/school_life/activities.html,club_link
409020,武蔵野北,美術部,部活動・生徒会,https://www.metro.ed.jp/musashinokita-h/school_life/activities.html,club_link
409020,武蔵野北,理科部,部活動・生徒会,https://www.metro.ed.jp/musashinokita-h/school_life/activities.html,club_link
409020,武蔵野北,英語部,部活動・生徒会,https://www.metro.ed.jp/musashinokita-h/school_life/activities.html,club_link
409030,小金井北,サッカー部,部活動,https://www.metro.ed.jp/koganeikita-h/school_life/activities.html,club_link
409030,小金井北,男子バレーボール部,部活動,https://www.metro.ed.jp/koganeikita-h/school_life/activities.html,club_link
409030,小金井北,女子バレーボール部,部活動,https://www.metro.ed.jp/koganeikita-h/school_life/activities.html,club_link
409030,小金井北,陸上競技部,部活動,https://www.metro.ed.jp/koganeikita-h/school_life/activities.html,club_link
409030,小金井北,男子バスケットボール部,部活動,https://www.metro.ed.jp/koganeikita-h/school_life/activities.html,club_link
409030,小金井北,女子バスケットボール部,部活動,https://www.metro.ed.jp/koganeikita-h/school_life/activities.html,club_link
409030,小金井北,ハンドボール部,部活動,https://www.metro.ed.jp/koganeikita-h/school_life/activities.html,club_link
409030,小金井北,男子テニス部,部活動,https://www.metro.ed.jp/koganeikita-h/school_life/activities.html,club_link
409030,小金井北,女子テニス部,部活動,https://www.metro.ed.jp/koganeikita-h/school_life/activities.html,club_link
409030,小金井北,男子バドミントン部,部活動,https://www.metro.ed.jp/koganeikita-h/school_life/activities.html,club_link
409030,小金井北,女子バドミントン部,部活動,https://www.metro.ed.jp/koganeikita-h/school_life/activities.html,club_link
409030,小金井北,水泳部,部活動,https://www.metro.ed.jp/koganeikita-h/school_life/activities.html,club_link
409030,小金井北,剣道部,部活動,https://www.metro.ed.jp/koganeikita-h/school_life/activities.html,club_link
409030,小金井北,ダンス部,部活動,https://www.metro.ed.jp/koganeikita-h/school_life/activities.html,club_link
409030,小金井北,ソフトボール部,部活動,https://www.metro.ed.jp/koganeikita-h/school_life/activities.html,club_link
409030,小金井北,吹奏楽部,部活動,https://www.metro.ed.jp/koganeikita-h/school_life/activities.html,club_link
409030,小金井北,コーラス部,部活動,https://www.metro.ed.jp/koganeikita-h/school_life/activities.html,club_link
409030,小金井北,軽音楽部,部活動,https://www.metro.ed.jp/koganeikita-h/school_life/activities.html,club_link
409030,小金井北,茶道部,部活動,https://www.metro.ed.jp/koganeikita-h/school_life/activities.html,club_link
409030,小金井北,演劇部,部活動,https://www.metro.ed.jp/koganeikita-h/school_life/activities.html,club_link
409030,小金井北,美術部,部活動,https://www.metro.ed.jp/koganeikita-h/school_life/activities.html,club_link
409030,小金井北,パソコン部,部活動,https://www.metro.ed.jp/koganeikita-h/school_life/activities.html,club_link
409030,小金井北,文芸部,部活動,https://www.metro.ed.jp/koganeikita-h/school_life/activities.html,club_link
409030,小金井北,漫画研究部,部活動,https://www.metro.ed.jp/koganeikita-h/school_life/activities.html,club_link
409030,小金井北,写真部,部活動,https://www.metro.ed.jp/koganeikita-h/school_life/activities.html,club_link
409030,小金井北,野外研究部,部活動,https://www.metro.ed.jp/koganeikita-h/school_life/activities.html,club_link
409030,小金井北,ボランティア部,部活動,https://www.metro.ed.jp/koganeikita-h/school_life/activities.html,club_link
409040,保谷,サッカー部,部活動,https://www.metro.ed.jp/hoya-h/school_life/activities.html,club_link
409040,保谷,硬式野球部,部活動,https://www.metro.ed.jp/hoya-h/school_life/activities.html,club_link
409040,保谷,女子バレーボール部,部活動,https://www.metro.ed.jp/hoya-h/school_life/activities.html,club_link
409040,保谷,女子バスケットボール部,部活動,https://www.metro.ed.jp/hoya-h/school_life/activities.html,club_link
409040,保谷,ソフトボール部,部活動,https://www.metro.ed.jp/hoya-h/school_life/activities.html,club_link
409040,保谷,男子バスケットボール部,部活動,https://www.metro.ed.jp/hoya-h/school_life/activities.html,club_link
409040,保谷,バドミントン部,部活動,https://www.metro.ed.jp/hoya-h/school_life/activities.html,club_link
409040,保谷,ハンドボール部,部活動,https://www.metro.ed.jp/hoya-h/school_life/activities.html,club_link
409040,保谷,男子硬式テニス部,部活動,https://www.metro.ed.jp/hoya-h/school_life/activities.html,club_link
409040,保谷,女子硬式テニス部,部活動,https://www.metro.ed.jp/hoya-h/school_life/activities.html,club_link
409040,保谷,水泳部,部活動,https://www.metro.ed.jp/hoya-h/school_life/activities.html,club_link
409040,保谷,卓球部,部活動,https://www.metro.ed.jp/hoya-h/school_life/activities.html,club_link
409040,保谷,剣道部,部活動,https://www.metro.ed.jp/hoya-h/school_life/activities.html,club_link
409040,保谷,ダンス部,部活動,https://www.metro.ed.jp/hoya-h/school_life/activities.html,club_link
409040,保谷,ソフトテニス部,部活動,https://www.metro.ed.jp/hoya-h/school_life/activities.html,club_link
409040,保谷,陸上部,部活動,https://www.metro.ed.jp/hoya-h/school_life/activities.html,club_link
409040,保谷,吹奏楽部,部活動,https://www.metro.ed.jp/hoya-h/school_life/activities.html,club_link
409040,保谷,現代音楽部,部活動,https://www.metro.ed.jp/hoya-h/school_life/activities.html,club_link
409040,保谷,演劇部,部活動,https://www.metro.ed.jp/hoya-h/school_life/activities.html,club_link
409040,保谷,茶道部,部活動,https://www.metro.ed.jp/hoya-h/school_life/activities.html,club_link
409040,保谷,美術部,部活動,https://www.metro.ed.jp/hoya-h/school_life/activities.html,club_link
409040,保谷,科学部,部活動,https://www.metro.ed.jp/hoya-h/school_life/activities.html,club_link
409040,保谷,執筆部,部活動,https://www.metro.ed.jp/hoya-h/school_life/activities.html,club_link
409040,保谷,料理部,部活動,https://www.metro.ed.jp/hoya-h/school_life/activities.html,club_link
409040,保谷,ボランティア部,部活動,https://www.metro.ed.jp/hoya-h/school_life/activities.html,club_link
409040,保谷,歴史研究部,部活動,https://www.metro.ed.jp/hoya-h/school_life/activities.html,club_link
409040,保谷,写真同好会,部活動,https://www.metro.ed.jp/hoya-h/school_life/activities.html,club_link
409040,保谷,パソコン部,部活動,https://www.metro.ed.jp/hoya-h/school_life/activities.html,club_link
409040,保谷,書道同好会,部活動,https://www.metro.ed.jp/hoya-h/school_life/activities.html,club_link
409040,保谷,学力推進同好会,部活動,https://www.metro.ed.jp/hoya-h/school_life/activities.html,club_link
409060,久留米西,女子バスケットボール部,部活動,https://www.metro.ed.jp/kurumenishi-h/school_life/activities.html,club_link
409060,久留米西,写真部,部活動,https://www.metro.ed.jp/kurumenishi-h/school_life/activities.html,club_link
409060,久留米西,硬式野球部,部活動,https://www.metro.ed.jp/kurumenishi-h/school_life/activities.html,club_link
409060,久留米西,男子硬式テニス部,部活動,https://www.metro.ed.jp/kurumenishi-h/school_life/activities.html,club_link
409060,久留米西,サッカー部,部活動,https://www.metro.ed.jp/kurumenishi-h/school_life/activities.html,club_link
409060,久留米西,ダンス部,部活動,https://www.metro.ed.jp/kurumenishi-h/school_life/activities.html,club_link
409060,久留米西,剣道部,部活動,https://www.metro.ed.jp/kurumenishi-h/school_life/activities.html,club_link
409060,久留米西,女子フットサル部,部活動,https://www.metro.ed.jp/kurumenishi-h/school_life/activities.html,club_link
409060,久留米西,女子バレーボール部,部活動,https://www.metro.ed.jp/kurumenishi-h/school_life/activities.html,club_link
409060,久留米西,男子バレーボール部,部活動,https://www.metro.ed.jp/kurumenishi-h/school_life/activities.html,club_link
409060,久留米西,演劇部,部活動,https://www.metro.ed.jp/kurumenishi-h/school_life/activities.html,club_link
409060,久留米西,箏曲部,部活動,https://www.metro.ed.jp/kurumenishi-h/school_life/activities.html,club_link
409060,久留米西,男子バスケットボール部,部活動,https://www.metro.ed.jp/kurumenishi-h/school_life/activities.html,club_link
409060,久留米西,男子ソフトテニス部,部活動,https://www.metro.ed.jp/kurumenishi-h/school_life/activities.html,club_link
409060,久留米西,女子ソフトテニス部,部活動,https://www.metro.ed.jp/kurumenishi-h/school_life/activities.html,club_link
409060,久留米西,バドミントン部,部活動,https://www.metro.ed.jp/kurumenishi-h/school_life/activities.html,club_link
409060,久留米西,女子硬式テニス部,部活動,https://www.metro.ed.jp/kurumenishi-h/school_life/activities.html,club_link
409060,久留米西,陸上競技部,部活動,https://www.metro.ed.jp/kurumenishi-h/school_life/activities.html,club_link
409060,久留米西,ギター部,部活動,https://www.metro.ed.jp/kurumenishi-h/school_life/activities.html,club_link
409060,久留米西,卓球部,部活動,https://www.metro.ed.jp/kurumenishi-h/school_life/activities.html,club_link
409060,久留米西,美術イラスト部,部活動,https://www.metro.ed.jp/kurumenishi-h/school_life/activities.html,club_link
409060,久留米西,茶道部,部活動,https://www.metro.ed.jp/kurumenishi-h/school_life/activities.html,club_link
409060,久留米西,ハイキング・生物部,部活動,https://www.metro.ed.jp/kurumenishi-h/school_life/activities.html,club_link
409060,久留米西,クッキング部,部活動,https://www.metro.ed.jp/kurumenishi-h/school_life/activities.html,club_link
409060,久留米西,パソコン部,部活動,https://www.metro.ed.jp/kurumenishi-h/school_life/activities.html,club_link
409060,久留米西,吹奏楽部,部活動,https://www.metro.ed.jp/kurumenishi-h/school_life/activities.html,club_link
409070,田無,野球部,運動部,https://www.metro.ed.jp/tanashi-h/school_life/activities.html,club_ul+club_link
409070,田無,サッカー部,運動部,https://www.metro.ed.jp/tanashi-h/school_life/activities.html,club_ul+club_link
409070,田無,陸上競技部,運動部,https://www.metro.ed.jp/tanashi-h/school_life/activities.html,club_ul+club_link
409070,田無,女子ハンドボール部,運動部,https://www.metro.ed.jp/tanashi-h/school_life/activities.html,club_ul+club_link
409070,田無,男子テニス部,運動部,https://www.metro.ed.jp/tanashi-h/school_life/activities.html,club_ul+club_link
409070,田無,女子テニス部,運動部,https://www.metro.ed.jp/tanashi-h/school_life/activities.html,club_ul+club_link
409070,田無,ダンス部,運動部,https://www.metro.ed.jp/tanashi-h/school_life/activities.html,club_ul+club_link
409070,田無,卓球部,運動部,https://www.metro.ed.jp/tanashi-h/school_life/activities.html,club_ul+club_link
409070,田無,柔道部,運動部,https://www.metro.ed.jp/tanashi-h/school_life/activities.html,club_ul+club_link
409070,田無,水泳部,運動部,https://www.metro.ed.jp/tanashi-h/school_life/activities.html,club_ul+club_link
409070,田無,男子バスケットボール部,運動部,https://www.metro.ed.jp/tanashi-h/school_life/activities.html,club_ul+club_link
409070,田無,女子バスケットボール部,運動部,https://www.metro.ed.jp/tanashi-h/school_life/activities.html,club_ul+club_link
409070,田無,男子バレーボール部,運動部,https://www.metro.ed.jp/tanashi-h/school_life/activities.html,club_ul+club_link
409070,田無,女子バレーボール部,運動部,https://www.metro.ed.jp/tanashi-h/school_life/activities.html,club_ul+club_link
409070,田無,男子バドミントン部,運動部,https://www.metro.ed.jp/tanashi-h/school_life/activities.html,club_ul+club_link
409070,田無,女子バドミントン部,運動部,https://www.metro.ed.jp/tanashi-h/school_life/activities.html,club_ul+club_link
409070,田無,茶道部,文化部,https://www.metro.ed.jp/tanashi-h/school_life/activities.html,club_ul+club_link
409070,田無,吹奏楽部,文化部,https://www.metro.ed.jp/tanashi-h/school_life/activities.html,club_ul+club_link
409070,田無,演劇部,文化部,https://www.metro.ed.jp/tanashi-h/school_life/activities.html,club_ul+club_link
409070,田無,美術部,文化部,https://www.metro.ed.jp/tanashi-h/school_life/activities.html,club_ul+club_link
409070,田無,科学部,文化部,https://www.metro.ed.jp/tanashi-h/school_life/activities.html,club_ul+club_link
409070,田無,ギター音楽部,文化部,https://www.metro.ed.jp/tanashi-h/school_life/activities.html,club_ul+club_link
409070,田無,イラスト部,文化部,https://www.metro.ed.jp/tanashi-h/school_life/activities.html,club_ul+club_link
409070,田無,コーラス部,文化部,https://www.metro.ed.jp/tanashi-h/school_life/activities.html,club_ul+club_link
409070,田無,パソコン部,文化部,https://www.metro.ed.jp/tanashi-h/school_life/activities.html,club_ul+club_link
409070,田無,調理研究同好会,文化部,https://www.metro.ed.jp/tanashi-h/school_life/activities.html,club_ul+club_link
409070,田無,ボランティア同好会,文化部,https://www.metro.ed.jp/tanashi-h/school_life/activities.html,club_ul+club_link
409210,小平,サッカー部,部活動,https://www.metro.ed.jp/kodaira-h/school_life/activities.html,club_link
409210,小平,女子バレーボール部,部活動,https://www.metro.ed.jp/kodaira-h/school_life/activities.html,club_link
409210,小平,男子バスケットボール部,部活動,https://www.metro.ed.jp/kodaira-h/school_life/activities.html,club_link
409210,小平,女子バスケットボール部,部活動,https://www.metro.ed.jp/kodaira-h/school_life/activities.html,club_link
409210,小平,男子テニス部,部活動,https://www.metro.ed.jp/kodaira-h/school_life/activities.html,club_link
409210,小平,女子テニス部,部活動,https://www.metro.ed.jp/kodaira-h/school_life/activities.html,club_link
409210,小平,硬式野球部,部活動,https://www.metro.ed.jp/kodaira-h/school_life/activities.html,club_link
409210,小平,卓球部,部活動,https://www.metro.ed.jp/kodaira-h/school_life/activities.html,club_link
409210,小平,バドミントン部,部活動,https://www.metro.ed.jp/kodaira-h/school_life/activities.html,club_link
409210,小平,水泳部,部活動,https://www.metro.ed.jp/kodaira-h/school_life/activities.html,club_link
409210,小平,陸上競技部,部活動,https://www.metro.ed.jp/kodaira-h/school_life/activities.html,club_link
409210,小平,ダンス部,部活動,https://www.metro.ed.jp/kodaira-h/school_life/activities.html,club_link
409210,小平,剣道部,部活動,https://www.metro.ed.jp/kodaira-h/school_life/activities.html,club_link
409210,小平,吹奏楽部,部活動,https://www.metro.ed.jp/kodaira-h/school_life/activities.html,club_link
409210,小平,軽音楽部,部活動,https://www.metro.ed.jp/kodaira-h/school_life/activities.html,club_link
409210,小平,合唱部,部活動,https://www.metro.ed.jp/kodaira-h/school_life/activities.html,club_link
409210,小平,文芸部,部活動,https://www.metro.ed.jp/kodaira-h/school_life/activities.html,club_link
409210,小平,華道部,部活動,https://www.metro.ed.jp/kodaira-h/school_life/activities.html,club_link
409210,小平,茶道部,部活動,https://www.metro.ed.jp/kodaira-h/school_life/activities.html,club_link
409210,小平,イラストレーション部,部活動,https://www.metro.ed.jp/kodaira-h/school_life/activities.html,club_link
409210,小平,美術部,部活動,https://www.metro.ed.jp/kodaira-h/school_life/activities.html,club_link
409210,小平,写真部,部活動,https://www.metro.ed.jp/kodaira-h/school_life/activities.html,club_link
409210,小平,家庭科部,部活動,https://www.metro.ed.jp/kodaira-h/school_life/activities.html,club_link
409210,小平,英語同好会,部活動,https://www.metro.ed.jp/kodaira-h/school_life/activities.html,club_link
409210,小平,パソコン同好会,部活動,https://www.metro.ed.jp/kodaira-h/school_life/activities.html,club_link
409220,小平西,硬式野球部,部活動,https://www.metro.ed.jp/kodairanishi-h/school_life/activities.html,club_link
409220,小平西,ラグビー部,部活動,https://www.metro.ed.jp/kodairanishi-h/school_life/activities.html,club_link
409220,小平西,サッカー部,部活動,https://www.metro.ed.jp/kodairanishi-h/school_life/activities.html,club_link
409220,小平西,女子ソフトボール部,部活動,https://www.metro.ed.jp/kodairanishi-h/school_life/activities.html,club_link
409220,小平西,男子バスケットボール部,部活動,https://www.metro.ed.jp/kodairanishi-h/school_life/activities.html,club_link
409220,小平西,女子バスケットボール部,部活動,https://www.metro.ed.jp/kodairanishi-h/school_life/activities.html,club_link
409220,小平西,男子ハンドボール部,部活動,https://www.metro.ed.jp/kodairanishi-h/school_life/activities.html,club_link
409220,小平西,女子ハンドボール部,部活動,https://www.metro.ed.jp/kodairanishi-h/school_life/activities.html,club_link
409220,小平西,男子硬式テニス部,部活動,https://www.metro.ed.jp/kodairanishi-h/school_life/activities.html,club_link
409220,小平西,女子硬式テニス部,部活動,https://www.metro.ed.jp/kodairanishi-h/school_life/activities.html,club_link
409220,小平西,水泳部,部活動,https://www.metro.ed.jp/kodairanishi-h/school_life/activities.html,club_link
409220,小平西,女子バレーボール部,部活動,https://www.metro.ed.jp/kodairanishi-h/school_life/activities.html,club_link
409220,小平西,男子バドミントン部,部活動,https://www.metro.ed.jp/kodairanishi-h/school_life/activities.html,club_link
409220,小平西,女子バドミントン部,部活動,https://www.metro.ed.jp/kodairanishi-h/school_life/activities.html,club_link
409220,小平西,女子ダンス部,部活動,https://www.metro.ed.jp/kodairanishi-h/school_life/activities.html,club_link
409220,小平西,剣道部,部活動,https://www.metro.ed.jp/kodairanishi-h/school_life/activities.html,club_link
409220,小平西,卓球部,部活動,https://www.metro.ed.jp/kodairanishi-h/school_life/activities.html,club_link
409220,小平西,陸上競技部,部活動,https://www.metro.ed.jp/kodairanishi-h/school_life/activities.html,club_link
409220,小平西,吹奏楽部,部活動,https://www.metro.ed.jp/kodairanishi-h/school_life/activities.html,club_link
409220,小平西,演劇部,部活動,https://www.metro.ed.jp/kodairanishi-h/school_life/activities.html,club_link
409220,小平西,華道部,部活動,https://www.metro.ed.jp/kodairanishi-h/school_life/activities.html,club_link
409220,小平西,軽音楽部,部活動,https://www.metro.ed.jp/kodairanishi-h/school_life/activities.html,club_link
409220,小平西,自然研究部,部活動,https://www.metro.ed.jp/kodairanishi-h/school_life/activities.html,club_link
409220,小平西,美術部,部活動,https://www.metro.ed.jp/kodairanishi-h/school_life/activities.html,club_link
409220,小平西,漫画研究部,部活動,https://www.metro.ed.jp/kodairanishi-h/school_life/activities.html,club_link
409220,小平西,家庭部,部活動,https://www.metro.ed.jp/kodairanishi-h/school_life/activities.html,club_link
409230,東村山,硬式野球部,運動部,https://www.metro.ed.jp/higashimurayama-h/school_life/activities.html,club_ul+club_link
409230,東村山,陸上競技部,運動部,https://www.metro.ed.jp/higashimurayama-h/school_life/activities.html,club_ul+club_link
409230,東村山,バドミントン部,運動部,https://www.metro.ed.jp/higashimurayama-h/school_life/activities.html,club_ul+club_link
409230,東村山,ビームライフル部,運動部,https://www.metro.ed.jp/higashimurayama-h/school_life/activities.html,club_ul+club_link
409230,東村山,男子バスケットボール部,運動部,https://www.metro.ed.jp/higashimurayama-h/school_life/activities.html,club_ul+club_link
409230,東村山,女子バスケットボール部,運動部,https://www.metro.ed.jp/higashimurayama-h/school_life/activities.html,club_ul+club_link
409230,東村山,水泳部,運動部,https://www.metro.ed.jp/higashimurayama-h/school_life/activities.html,club_ul+club_link
409230,東村山,バレーボール部,運動部,https://www.metro.ed.jp/higashimurayama-h/school_life/activities.html,club_ul+club_link
409230,東村山,サッカー部,運動部,https://www.metro.ed.jp/higashimurayama-h/school_life/activities.html,club_ul+club_link
409230,東村山,硬式テニス部,運動部,https://www.metro.ed.jp/higashimurayama-h/school_life/activities.html,club_ul+club_link
409230,東村山,卓球部,運動部,https://www.metro.ed.jp/higashimurayama-h/school_life/activities.html,club_ul+club_link
409230,東村山,柔道部,運動部,https://www.metro.ed.jp/higashimurayama-h/school_life/activities.html,club_ul+club_link
409230,東村山,ダンス部,運動部,https://www.metro.ed.jp/higashimurayama-h/school_life/activities.html,club_ul+club_link
409230,東村山,ライトミュージック部,文化部,https://www.metro.ed.jp/higashimurayama-h/school_life/activities.html,club_ul+club_link
409230,東村山,コーラス部,文化部,https://www.metro.ed.jp/higashimurayama-h/school_life/activities.html,club_ul+club_link
409230,東村山,吹奏楽部,文化部,https://www.metro.ed.jp/higashimurayama-h/school_life/activities.html,club_ul+club_link
409230,東村山,茶道部,文化部,https://www.metro.ed.jp/higashimurayama-h/school_life/activities.html,club_ul+club_link
409230,東村山,科学部,文化部,https://www.metro.ed.jp/higashimurayama-h/school_life/activities.html,club_ul+club_link
409230,東村山,華道部,文化部,https://www.metro.ed.jp/higashimurayama-h/school_life/activities.html,club_ul+club_link
409230,東村山,漫画研究部,文化部,https://www.metro.ed.jp/higashimurayama-h/school_life/activities.html,club_ul+club_link
409230,東村山,演劇同好会,文化部,https://www.metro.ed.jp/higashimurayama-h/school_life/activities.html,club_ul+club_link
409230,東村山,剣道部,部活動,https://www.metro.ed.jp/higashimurayama-h/school_life/activities.html,club_ul+club_link
409230,東村山,美術部,部活動,https://www.metro.ed.jp/higashimurayama-h/school_life/activities.html,club_ul+club_link
409240,国分寺,剣道部,運動部,https://www.metro.ed.jp/kokubunji-h/school_life/activities.html,club_ul+club_link
409240,国分寺,男子硬式テニス部,運動部,https://www.metro.ed.jp/kokubunji-h/school_life/activities.html,club_ul+club_link
409240,国分寺,女子硬式テニス部,運動部,https://www.metro.ed.jp/kokubunji-h/school_life/activities.html,club_ul+club_link
409240,国分寺,男子サッカー部,運動部,https://www.metro.ed.jp/kokubunji-h/school_life/activities.html,club_ul+club_link
409240,国分寺,女子サッカー部,運動部,https://www.metro.ed.jp/kokubunji-h/school_life/activities.html,club_ul+club_link
409240,国分寺,山岳部,運動部,https://www.metro.ed.jp/kokubunji-h/school_life/activities.html,club_ul+club_link
409240,国分寺,水泳部,運動部,https://www.metro.ed.jp/kokubunji-h/school_life/activities.html,club_ul+club_link
409240,国分寺,ソフトテニス部,運動部,https://www.metro.ed.jp/kokubunji-h/school_life/activities.html,club_ul+club_link
409240,国分寺,ソフトボール部,運動部,https://www.metro.ed.jp/kokubunji-h/school_life/activities.html,club_ul+club_link
409240,国分寺,卓球部,運動部,https://www.metro.ed.jp/kokubunji-h/school_life/activities.html,club_ul+club_link
409240,国分寺,ダンス部,運動部,https://www.metro.ed.jp/kokubunji-h/school_life/activities.html,club_ul+club_link
409240,国分寺,男子バスケットボール部,運動部,https://www.metro.ed.jp/kokubunji-h/school_life/activities.html,club_ul+club_link
409240,国分寺,女子バスケットボール部,運動部,https://www.metro.ed.jp/kokubunji-h/school_life/activities.html,club_ul+club_link
409240,国分寺,バドミントン部,運動部,https://www.metro.ed.jp/kokubunji-h/school_life/activities.html,club_ul+club_link
409240,国分寺,男子バレーボール部,運動部,https://www.metro.ed.jp/kokubunji-h/school_life/activities.html,club_ul+club_link
409240,国分寺,女子バレーボール部,運動部,https://www.metro.ed.jp/kokubunji-h/school_life/activities.html,club_ul+club_link
409240,国分寺,男子ハンドボール部,運動部,https://www.metro.ed.jp/kokubunji-h/school_life/activities.html,club_ul+club_link
409240,国分寺,女子ハンドボール部,運動部,https://www.metro.ed.jp/kokubunji-h/school_life/activities.html,club_ul+club_link
409240,国分寺,硬式野球部,運動部,https://www.metro.ed.jp/kokubunji-h/school_life/activities.html,club_ul+club_link
409240,国分寺,陸上競技部,運動部,https://www.metro.ed.jp/kokubunji-h/school_life/activities.html,club_ul+club_link
409240,国分寺,ESS部,文化部,https://www.metro.ed.jp/kokubunji-h/school_life/activities.html,club_ul+club_link
409240,国分寺,イラスト文芸部,文化部,https://www.metro.ed.jp/kokubunji-h/school_life/activities.html,club_ul+club_link
409240,国分寺,科学部,文化部,https://www.metro.ed.jp/kokubunji-h/school_life/activities.html,club_ul+club_link
409240,国分寺,華道部,文化部,https://www.metro.ed.jp/kokubunji-h/school_life/activities.html,club_ul+club_link
409240,国分寺,軽音楽部,文化部,https://www.metro.ed.jp/kokubunji-h/school_life/activities.html,club_ul+club_link
409240,国分寺,コーラス部,文化部,https://www.metro.ed.jp/kokubunji-h/school_life/activities.html,club_ul+club_link
409240,国分寺,茶道部,文化部,https://www.metro.ed.jp/kokubunji-h/school_life/activities.html,club_ul+club_link
409240,国分寺,書道部,文化部,https://www.metro.ed.jp/kokubunji-h/school_life/activities.html,club_ul+club_link
409240,国分寺,吹奏楽部,文化部,https://www.metro.ed.jp/kokubunji-h/school_life/activities.html,club_ul+club_link
409240,国分寺,スイーツ研究部,文化部,https://www.metro.ed.jp/kokubunji-h/school_life/activities.html,club_ul+club_link
409240,国分寺,生物部,文化部,https://www.metro.ed.jp/kokubunji-h/school_life/activities.html,club_ul+club_link
409240,国分寺,天文部,文化部,https://www.metro.ed.jp/kokubunji-h/school_life/activities.html,club_ul+club_link
409240,国分寺,美術部,文化部,https://www.metro.ed.jp/kokubunji-h/school_life/activities.html,club_ul+club_link
409240,国分寺,レゴ部,文化部,https://www.metro.ed.jp/kokubunji-h/school_life/activities.html,club_ul+club_link
409240,国分寺,クイズ研究同好会,文化部,https://www.metro.ed.jp/kokubunji-h/school_life/activities.html,club_ul+club_link
409240,国分寺,写真同好会,文化部,https://www.metro.ed.jp/kokubunji-h/school_life/activities.html,club_ul+club_link
409250,清瀬,男子バスケットボール部,部活動,https://www.metro.ed.jp/kiyose-h/school_life/activities.html,club_link
409250,清瀬,女子バスケットボール部,部活動,https://www.metro.ed.jp/kiyose-h/school_life/activities.html,club_link
409250,清瀬,女子ソフトテニス部,部活動,https://www.metro.ed.jp/kiyose-h/school_life/activities.html,club_link
409250,清瀬,男子バレーボール部,部活動,https://www.metro.ed.jp/kiyose-h/school_life/activities.html,club_link
409250,清瀬,女子バレーボール部,部活動,https://www.metro.ed.jp/kiyose-h/school_life/activities.html,club_link
409250,清瀬,男子ソフトテニス部,部活動,https://www.metro.ed.jp/kiyose-h/school_life/activities.html,club_link
409250,清瀬,男子バドミントン部,部活動,https://www.metro.ed.jp/kiyose-h/school_life/activities.html,club_link
409250,清瀬,女子バドミントン部,部活動,https://www.metro.ed.jp/kiyose-h/school_life/activities.html,club_link
409250,清瀬,剣道部,部活動,https://www.metro.ed.jp/kiyose-h/school_life/activities.html,club_link
409250,清瀬,水泳部,部活動,https://www.metro.ed.jp/kiyose-h/school_life/activities.html,club_link
409250,清瀬,陸上競技部,部活動,https://www.metro.ed.jp/kiyose-h/school_life/activities.html,club_link
409250,清瀬,ダンス部,部活動,https://www.metro.ed.jp/kiyose-h/school_life/activities.html,club_link
409250,清瀬,ソフトボール部,部活動,https://www.metro.ed.jp/kiyose-h/school_life/activities.html,club_link
409250,清瀬,男子硬式テニス部,部活動,https://www.metro.ed.jp/kiyose-h/school_life/activities.html,club_link
409250,清瀬,女子硬式テニス部,部活動,https://www.metro.ed.jp/kiyose-h/school_life/activities.html,club_link
409250,清瀬,硬式野球部,部活動,https://www.metro.ed.jp/kiyose-h/school_life/activities.html,club_link
409250,清瀬,山岳部,部活動,https://www.metro.ed.jp/kiyose-h/school_life/activities.html,club_link
409250,清瀬,少林寺拳法部,部活動,https://www.metro.ed.jp/kiyose-h/school_life/activities.html,club_link
409250,清瀬,演劇部,部活動,https://www.metro.ed.jp/kiyose-h/school_life/activities.html,club_link
409250,清瀬,生物部,部活動,https://www.metro.ed.jp/kiyose-h/school_life/activities.html,club_link
409250,清瀬,茶道部,部活動,https://www.metro.ed.jp/kiyose-h/school_life/activities.html,club_link
409250,清瀬,美術部,部活動,https://www.metro.ed.jp/kiyose-h/school_life/activities.html,club_link
409250,清瀬,文芸部,部活動,https://www.metro.ed.jp/kiyose-h/school_life/activities.html,club_link
409250,清瀬,筝曲部,部活動,https://www.metro.ed.jp/kiyose-h/school_life/activities.html,club_link
409250,清瀬,写真部,部活動,https://www.metro.ed.jp/kiyose-h/school_life/activities.html,club_link
409250,清瀬,漫画研究部,部活動,https://www.metro.ed.jp/kiyose-h/school_life/activities.html,club_link
409250,清瀬,地学部,部活動,https://www.metro.ed.jp/kiyose-h/school_life/activities.html,club_link
409250,清瀬,民族音楽部,部活動,https://www.metro.ed.jp/kiyose-h/school_life/activities.html,club_link
409250,清瀬,吹奏楽部,部活動,https://www.metro.ed.jp/kiyose-h/school_life/activities.html,club_link
409250,清瀬,コーラス部,部活動,https://www.metro.ed.jp/kiyose-h/school_life/activities.html,club_link
409270,小平南,サッカー部,運動部,https://www.metro.ed.jp/kodairaminami-h/school_life/activities.html,club_ul+club_link
409270,小平南,ソフトテニス部,運動部,https://www.metro.ed.jp/kodairaminami-h/school_life/activities.html,club_ul+club_link
409270,小平南,ダンス部,運動部,https://www.metro.ed.jp/kodairaminami-h/school_life/activities.html,club_ul+club_link
409270,小平南,ハンドボール部,運動部,https://www.metro.ed.jp/kodairaminami-h/school_life/activities.html,club_ul+club_link
409270,小平南,剣道部,運動部,https://www.metro.ed.jp/kodairaminami-h/school_life/activities.html,club_ul+club_link
409270,小平南,硬式野球部,運動部,https://www.metro.ed.jp/kodairaminami-h/school_life/activities.html,club_ul+club_link
409270,小平南,女子バスケットボール部,運動部,https://www.metro.ed.jp/kodairaminami-h/school_life/activities.html,club_ul+club_link
409270,小平南,女子バドミントン部,運動部,https://www.metro.ed.jp/kodairaminami-h/school_life/activities.html,club_ul+club_link
409270,小平南,女子バレーボール部,運動部,https://www.metro.ed.jp/kodairaminami-h/school_life/activities.html,club_ul+club_link
409270,小平南,女子硬式テニス部,運動部,https://www.metro.ed.jp/kodairaminami-h/school_life/activities.html,club_ul+club_link
409270,小平南,水泳部,運動部,https://www.metro.ed.jp/kodairaminami-h/school_life/activities.html,club_ul+club_link
409270,小平南,卓球部,運動部,https://www.metro.ed.jp/kodairaminami-h/school_life/activities.html,club_ul+club_link
409270,小平南,男子バドミントン部,運動部,https://www.metro.ed.jp/kodairaminami-h/school_life/activities.html,club_ul+club_link
409270,小平南,男子バレーボール部,運動部,https://www.metro.ed.jp/kodairaminami-h/school_life/activities.html,club_ul+club_link
409270,小平南,男子硬式テニス部,運動部,https://www.metro.ed.jp/kodairaminami-h/school_life/activities.html,club_ul+club_link
409270,小平南,男子バスケットボール部,運動部,https://www.metro.ed.jp/kodairaminami-h/school_life/activities.html,club_ul+club_link
409270,小平南,陸上部,運動部,https://www.metro.ed.jp/kodairaminami-h/school_life/activities.html,club_ul+club_link
409270,小平南,空手道部,運動部,https://www.metro.ed.jp/kodairaminami-h/school_life/activities.html,club_ul+club_link
409270,小平南,フォークソング部,文化部,https://www.metro.ed.jp/kodairaminami-h/school_life/activities.html,club_ul+club_link
409270,小平南,家庭科部,文化部,https://www.metro.ed.jp/kodairaminami-h/school_life/activities.html,club_ul+club_link
409270,小平南,科学部,文化部,https://www.metro.ed.jp/kodairaminami-h/school_life/activities.html,club_ul+club_link
409270,小平南,写真部,文化部,https://www.metro.ed.jp/kodairaminami-h/school_life/activities.html,club_ul+club_link
409270,小平南,吹奏楽部,文化部,https://www.metro.ed.jp/kodairaminami-h/school_life/activities.html,club_ul+club_link
409270,小平南,美術部,文化部,https://www.metro.ed.jp/kodairaminami-h/school_life/activities.html,club_ul+club_link
409270,小平南,野外活動研究部,文化部,https://www.metro.ed.jp/kodairaminami-h/school_life/activities.html,club_ul+club_link
409270,小平南,イラスト部,文化部,https://www.metro.ed.jp/kodairaminami-h/school_life/activities.html,club_ul+club_link
409270,小平南,陸上競技部,部活動,https://www.metro.ed.jp/kodairaminami-h/school_life/activities.html,club_ul+club_link
409270,小平南,演劇部,部活動,https://www.metro.ed.jp/kodairaminami-h/school_life/activities.html,club_ul+club_link
409280,東村山西,硬式野球部,部活動,https://www.metro.ed.jp/higashimurayamanishi-h/school_life/activities.html,club_link
409280,東村山西,サッカー部,部活動,https://www.metro.ed.jp/higashimurayamanishi-h/school_life/activities.html,club_link
409280,東村山西,水泳部,部活動,https://www.metro.ed.jp/higashimurayamanishi-h/school_life/activities.html,club_link
409280,東村山西,卓球同好会,部活動,https://www.metro.ed.jp/higashimurayamanishi-h/school_life/activities.html,club_link
409280,東村山西,男子テニス部,部活動,https://www.metro.ed.jp/higashimurayamanishi-h/school_life/activities.html,club_link
409280,東村山西,女子テニス部,部活動,https://www.metro.ed.jp/higashimurayamanishi-h/school_life/activities.html,club_link
409280,東村山西,男子バスケットボール部,部活動,https://www.metro.ed.jp/higashimurayamanishi-h/school_life/activities.html,club_link
409280,東村山西,女子バスケットボール部,部活動,https://www.metro.ed.jp/higashimurayamanishi-h/school_life/activities.html,club_link
409280,東村山西,男子バレー部,部活動,https://www.metro.ed.jp/higashimurayamanishi-h/school_life/activities.html,club_link
409280,東村山西,女子バレー部,部活動,https://www.metro.ed.jp/higashimurayamanishi-h/school_life/activities.html,club_link
409280,東村山西,バドミントン部,部活動,https://www.metro.ed.jp/higashimurayamanishi-h/school_life/activities.html,club_link
409280,東村山西,ハンドボール部,部活動,https://www.metro.ed.jp/higashimurayamanishi-h/school_life/activities.html,club_link
409280,東村山西,陸上競技部,部活動,https://www.metro.ed.jp/higashimurayamanishi-h/school_life/activities.html,club_link
409280,東村山西,イラスト部,部活動,https://www.metro.ed.jp/higashimurayamanishi-h/school_life/activities.html,club_link
409280,東村山西,演劇部,部活動,https://www.metro.ed.jp/higashimurayamanishi-h/school_life/activities.html,club_link
409280,東村山西,軽音楽部,部活動,https://www.metro.ed.jp/higashimurayamanishi-h/school_life/activities.html,club_link
409280,東村山西,写真部,部活動,https://www.metro.ed.jp/higashimurayamanishi-h/school_life/activities.html,club_link
409280,東村山西,茶道部,部活動,https://www.metro.ed.jp/higashimurayamanishi-h/school_life/activities.html,club_link
409280,東村山西,自然科学同好会,部活動,https://www.metro.ed.jp/higashimurayamanishi-h/school_life/activities.html,club_link
409280,東村山西,吹奏楽部,部活動,https://www.metro.ed.jp/higashimurayamanishi-h/school_life/activities.html,club_link
409280,東村山西,筝曲部,部活動,https://www.metro.ed.jp/higashimurayamanishi-h/school_life/activities.html,club_link
409280,東村山西,ダンス部,部活動,https://www.metro.ed.jp/higashimurayamanishi-h/school_life/activities.html,club_link
409280,東村山西,中国切り絵部,部活動,https://www.metro.ed.jp/higashimurayamanishi-h/school_life/activities.html,club_link
409280,東村山西,パソコン部,部活動,https://www.metro.ed.jp/higashimurayamanishi-h/school_life/activities.html,club_link
409280,東村山西,美術部,部活動,https://www.metro.ed.jp/higashimurayamanishi-h/school_life/activities.html,club_link
409280,東村山西,ボランティア部,部活動,https://www.metro.ed.jp/higashimurayamanishi-h/school_life/activities.html,club_link
409280,東村山西,空手道部,部活動,https://www.metro.ed.jp/higashimurayamanishi-h/school_life/activities.html,club_link
409410,東久留米総合,男子サッカー部,運動部,https://www.metro.ed.jp/higashikurumesogo-h/school_life/activities.html,club_ul+club_link
409410,東久留米総合,男子バスケット部,運動部,https://www.metro.ed.jp/higashikurumesogo-h/school_life/activities.html,club_ul+club_link
409410,東久留米総合,女子サッカー部,運動部,https://www.metro.ed.jp/higashikurumesogo-h/school_life/activities.html,club_ul+club_link
409410,東久留米総合,女子バレーボール部,運動部,https://www.metro.ed.jp/higashikurumesogo-h/school_life/activities.html,club_ul+club_link
409410,東久留米総合,男子硬式テニス部,運動部,https://www.metro.ed.jp/higashikurumesogo-h/school_life/activities.html,club_ul+club_link
409410,東久留米総合,女子硬式テニス部,運動部,https://www.metro.ed.jp/higashikurumesogo-h/school_life/activities.html,club_ul+club_link
409410,東久留米総合,ソフトテニス部,運動部,https://www.metro.ed.jp/higashikurumesogo-h/school_life/activities.html,club_ul+club_link
409410,東久留米総合,陸上競技部,運動部,https://www.metro.ed.jp/higashikurumesogo-h/school_life/activities.html,club_ul+club_link
409410,東久留米総合,バドミントン部,運動部,https://www.metro.ed.jp/higashikurumesogo-h/school_life/activities.html,club_ul+club_link
409410,東久留米総合,女子バスケットボール部,運動部,https://www.metro.ed.jp/higashikurumesogo-h/school_life/activities.html,club_ul+club_link
409410,東久留米総合,水泳部,運動部,https://www.metro.ed.jp/higashikurumesogo-h/school_life/activities.html,club_ul+club_link
409410,東久留米総合,剣道部,運動部,https://www.metro.ed.jp/higashikurumesogo-h/school_life/activities.html,club_ul+club_link
409410,東久留米総合,卓球部,運動部,https://www.metro.ed.jp/higashikurumesogo-h/school_life/activities.html,club_ul+club_link
409410,東久留米総合,ソフトボール部,運動部,https://www.metro.ed.jp/higashikurumesogo-h/school_life/activities.html,club_ul+club_link
409410,東久留米総合,ダンス部,文化部,https://www.metro.ed.jp/higashikurumesogo-h/school_life/activities.html,club_ul+club_link
409410,東久留米総合,イラスト部,文化部,https://www.metro.ed.jp/higashikurumesogo-h/school_life/activities.html,club_ul+club_link
409410,東久留米総合,美術部,文化部,https://www.metro.ed.jp/higashikurumesogo-h/school_life/activities.html,club_ul+club_link
409410,東久留米総合,パソコン部,文化部,https://www.metro.ed.jp/higashikurumesogo-h/school_life/activities.html,club_ul+club_link
409410,東久留米総合,クッキング部,文化部,https://www.metro.ed.jp/higashikurumesogo-h/school_life/activities.html,club_ul+club_link
409410,東久留米総合,華道部,文化部,https://www.metro.ed.jp/higashikurumesogo-h/school_life/activities.html,club_ul+club_link
409410,東久留米総合,演劇部,文化部,https://www.metro.ed.jp/higashikurumesogo-h/school_life/activities.html,club_ul+club_link
409410,東久留米総合,囲碁・将棋部,文化部,https://www.metro.ed.jp/higashikurumesogo-h/school_life/activities.html,club_ul+club_link
409410,東久留米総合,写真部,文化部,https://www.metro.ed.jp/higashikurumesogo-h/school_life/activities.html,club_ul+club_link
409410,東久留米総合,映画制作部,文化部,https://www.metro.ed.jp/higashikurumesogo-h/school_life/activities.html,club_ul+club_link
409410,東久留米総合,吹奏楽部,文化部,https://www.metro.ed.jp/higashikurumesogo-h/school_life/activities.html,club_ul+club_link
409410,東久留米総合,生物部,文化部,https://www.metro.ed.jp/higashikurumesogo-h/school_life/activities.html,club_ul+club_link
409410,東久留米総合,ボランティア部,文化部,https://www.metro.ed.jp/higashikurumesogo-h/school_life/activities.html,club_ul+club_link
409410,東久留米総合,茶道部,文化部,https://www.metro.ed.jp/higashikurumesogo-h/school_life/activities.html,club_ul+club_link
409410,東久留米総合,軽音楽部,文化部,https://www.metro.ed.jp/higashikurumesogo-h/school_life/activities.html,club_ul+club_link
409410,東久留米総合,箏曲部,文化部,https://www.metro.ed.jp/higashikurumesogo-h/school_life/activities.html,club_ul+club_link
409410,東久留米総合,文芸同好会,文化部,https://www.metro.ed.jp/higashikurumesogo-h/school_life/activities.html,club_ul+club_link
409410,東久留米総合,硬式テニス部,部活動,https://www.metro.ed.jp/higashikurumesogo-h/school_life/activities.html,club_ul+club_link
409720,田無工科,ラグビー部,部活動,https://www.metro.ed.jp/tanashikoka-h/school_life/activities.html,club_link
409720,田無工科,卓球部,部活動,https://www.metro.ed.jp/tanashikoka-h/school_life/activities.html,club_link
409720,田無工科,ウェイトトレーニング部,部活動,https://www.metro.ed.jp/tanashikoka-h/school_life/activities.html,club_link
409720,田無工科,剣道部,部活動,https://www.metro.ed.jp/tanashikoka-h/school_life/activities.html,club_link
409720,田無工科,バドミントン部,部活動,https://www.metro.ed.jp/tanashikoka-h/school_life/activities.html,club_link
409720,田無工科,硬式テニス部,部活動,https://www.metro.ed.jp/tanashikoka-h/school_life/activities.html,club_link
409720,田無工科,バスケットボール部,部活動,https://www.metro.ed.jp/tanashikoka-h/school_life/activities.html,club_link
409720,田無工科,硬式野球部,部活動,https://www.metro.ed.jp/tanashikoka-h/school_life/activities.html,club_link
409720,田無工科,水泳部,部活動,https://www.metro.ed.jp/tanashikoka-h/school_life/activities.html,club_link
409720,田無工科,陸上部,部活動,https://www.metro.ed.jp/tanashikoka-h/school_life/activities.html,club_link
409720,田無工科,バレーボール部,部活動,https://www.metro.ed.jp/tanashikoka-h/school_life/activities.html,club_link
409720,田無工科,サッカー部,部活動,https://www.metro.ed.jp/tanashikoka-h/school_life/activities.html,club_link
409720,田無工科,合気道同好会,部活動,https://www.metro.ed.jp/tanashikoka-h/school_life/activities.html,club_link
409720,田無工科,カヌー＆ブリッジ同好会,部活動,https://www.metro.ed.jp/tanashikoka-h/school_life/activities.html,club_link
409720,田無工科,軽音楽部,部活動,https://www.metro.ed.jp/tanashikoka-h/school_life/activities.html,club_link
409720,田無工科,イラスト美術部,部活動,https://www.metro.ed.jp/tanashikoka-h/school_life/activities.html,club_link
409720,田無工科,吹奏楽部,部活動,https://www.metro.ed.jp/tanashikoka-h/school_life/activities.html,club_link
409720,田無工科,測量部,部活動,https://www.metro.ed.jp/tanashikoka-h/school_life/activities.html,club_link
409720,田無工科,家庭科部,部活動,https://www.metro.ed.jp/tanashikoka-h/school_life/activities.html,club_link
409720,田無工科,自動車部,部活動,https://www.metro.ed.jp/tanashikoka-h/school_life/activities.html,club_link
409720,田無工科,茶道部,部活動,https://www.metro.ed.jp/tanashikoka-h/school_life/activities.html,club_link
409720,田無工科,写真部,部活動,https://www.metro.ed.jp/tanashikoka-h/school_life/activities.html,club_link
409720,田無工科,ガジェット同好会,部活動,https://www.metro.ed.jp/tanashikoka-h/school_life/activities.html,club_link
409720,田無工科,歩く建築同好会,部活動,https://www.metro.ed.jp/tanashikoka-h/school_life/activities.html,club_link
409720,田無工科,柔道部,部活動,https://www.metro.ed.jp/tanashikoka-h/school_life/activities.html,club_link
409730,多摩科学技術,化学物理班,文化部,https://www.metro.ed.jp/tamakagakugijutsu-h/school_life/activities.html,club_ul+club_link
409730,多摩科学技術,数学班,文化部,https://www.metro.ed.jp/tamakagakugijutsu-h/school_life/activities.html,club_ul+club_link
409730,多摩科学技術,生物班,文化部,https://www.metro.ed.jp/tamakagakugijutsu-h/school_life/activities.html,club_ul+club_link
409730,多摩科学技術,生活科学班,文化部,https://www.metro.ed.jp/tamakagakugijutsu-h/school_life/activities.html,club_ul+club_link
409730,多摩科学技術,写真部,文化部,https://www.metro.ed.jp/tamakagakugijutsu-h/school_life/activities.html,club_ul+club_link
409730,多摩科学技術,美術・イラスト部,文化部,https://www.metro.ed.jp/tamakagakugijutsu-h/school_life/activities.html,club_ul+club_link
409730,多摩科学技術,パソコン部,文化部,https://www.metro.ed.jp/tamakagakugijutsu-h/school_life/activities.html,club_ul+club_link
409730,多摩科学技術,天文部,文化部,https://www.metro.ed.jp/tamakagakugijutsu-h/school_life/activities.html,club_ul+club_link
409730,多摩科学技術,吹奏楽部,文化部,https://www.metro.ed.jp/tamakagakugijutsu-h/school_life/activities.html,club_ul+club_link
409730,多摩科学技術,軽音楽部,文化部,https://www.metro.ed.jp/tamakagakugijutsu-h/school_life/activities.html,club_ul+club_link
409730,多摩科学技術,ロボット研究部,文化部,https://www.metro.ed.jp/tamakagakugijutsu-h/school_life/activities.html,club_ul+club_link
409730,多摩科学技術,無線工作部,文化部,https://www.metro.ed.jp/tamakagakugijutsu-h/school_life/activities.html,club_ul+club_link
409730,多摩科学技術,ボランティア部,文化部,https://www.metro.ed.jp/tamakagakugijutsu-h/school_life/activities.html,club_ul+club_link
409730,多摩科学技術,将棋同好会,文化部,https://www.metro.ed.jp/tamakagakugijutsu-h/school_life/activities.html,club_ul+club_link
409730,多摩科学技術,バレーボール部,運動部,https://www.metro.ed.jp/tamakagakugijutsu-h/school_life/activities.html,club_ul+club_link
409730,多摩科学技術,バスケットボール部,運動部,https://www.metro.ed.jp/tamakagakugijutsu-h/school_life/activities.html,club_ul+club_link
409730,多摩科学技術,サッカー部,運動部,https://www.metro.ed.jp/tamakagakugijutsu-h/school_life/activities.html,club_ul+club_link
409730,多摩科学技術,硬式テニス部,運動部,https://www.metro.ed.jp/tamakagakugijutsu-h/school_life/activities.html,club_ul+club_link
409730,多摩科学技術,卓球部,運動部,https://www.metro.ed.jp/tamakagakugijutsu-h/school_life/activities.html,club_ul+club_link
409730,多摩科学技術,剣道部,運動部,https://www.metro.ed.jp/tamakagakugijutsu-h/school_life/activities.html,club_ul+club_link
409730,多摩科学技術,バドミントン部,運動部,https://www.metro.ed.jp/tamakagakugijutsu-h/school_life/activities.html,club_ul+club_link
409730,多摩科学技術,陸上競技部,運動部,https://www.metro.ed.jp/tamakagakugijutsu-h/school_life/activities.html,club_ul+club_link
409730,多摩科学技術,水泳部,運動部,https://www.metro.ed.jp/tamakagakugijutsu-h/school_life/activities.html,club_ul+club_link
409730,多摩科学技術,科学研究部数学班,部活動,https://www.metro.ed.jp/tamakagakugijutsu-h/school_life/activities.html,club_ul+club_link
409730,多摩科学技術,科学研究部生物班,部活動,https://www.metro.ed.jp/tamakagakugijutsu-h/school_life/activities.html,club_ul+club_link
409730,多摩科学技術,科学研究部生活科学班,部活動,https://www.metro.ed.jp/tamakagakugijutsu-h/school_life/activities.html,club_ul+club_link
409730,多摩科学技術,科学研究部化学物理班,部活動,https://www.metro.ed.jp/tamakagakugijutsu-h/school_life/activities.html,club_ul+club_link
410020,神代,ダンス部,部活動,https://www.metro.ed.jp/jindai-h/school_life/activities.html,club_link
410020,神代,女子バスケットボール部,部活動,https://www.metro.ed.jp/jindai-h/school_life/activities.html,club_link
410020,神代,男子バスケットボール部,部活動,https://www.metro.ed.jp/jindai-h/school_life/activities.html,club_link
410020,神代,女子ハンドボール部,部活動,https://www.metro.ed.jp/jindai-h/school_life/activities.html,club_link
410020,神代,男子ハンドボール部,部活動,https://www.metro.ed.jp/jindai-h/school_life/activities.html,club_link
410020,神代,女子硬式テニス部,部活動,https://www.metro.ed.jp/jindai-h/school_life/activities.html,club_link
410020,神代,男子硬式テニス部,部活動,https://www.metro.ed.jp/jindai-h/school_life/activities.html,club_link
410020,神代,女子バレーボール部,部活動,https://www.metro.ed.jp/jindai-h/school_life/activities.html,club_link
410020,神代,バドミントン部,部活動,https://www.metro.ed.jp/jindai-h/school_life/activities.html,club_link
410020,神代,剣道部,部活動,https://www.metro.ed.jp/jindai-h/school_life/activities.html,club_link
410020,神代,卓球部,部活動,https://www.metro.ed.jp/jindai-h/school_life/activities.html,club_link
410020,神代,水泳部,部活動,https://www.metro.ed.jp/jindai-h/school_life/activities.html,club_link
410020,神代,サッカー部,部活動,https://www.metro.ed.jp/jindai-h/school_life/activities.html,club_link
410020,神代,陸上競技部,部活動,https://www.metro.ed.jp/jindai-h/school_life/activities.html,club_link
410020,神代,硬式野球部,部活動,https://www.metro.ed.jp/jindai-h/school_life/activities.html,club_link
410020,神代,吹奏楽部,部活動,https://www.metro.ed.jp/jindai-h/school_life/activities.html,club_link
410020,神代,写真部,部活動,https://www.metro.ed.jp/jindai-h/school_life/activities.html,club_link
410020,神代,文芸部,部活動,https://www.metro.ed.jp/jindai-h/school_life/activities.html,club_link
410020,神代,文芸漫画部,部活動,https://www.metro.ed.jp/jindai-h/school_life/activities.html,club_link
410020,神代,茶道部,部活動,https://www.metro.ed.jp/jindai-h/school_life/activities.html,club_link
410020,神代,華道部,部活動,https://www.metro.ed.jp/jindai-h/school_life/activities.html,club_link
410020,神代,ハンドメイキング部,部活動,https://www.metro.ed.jp/jindai-h/school_life/activities.html,club_link
410020,神代,音楽部,部活動,https://www.metro.ed.jp/jindai-h/school_life/activities.html,club_link
410020,神代,演劇部,部活動,https://www.metro.ed.jp/jindai-h/school_life/activities.html,club_link
410020,神代,アコースティックギター部,部活動,https://www.metro.ed.jp/jindai-h/school_life/activities.html,club_link
410020,神代,コンピュータ部,部活動,https://www.metro.ed.jp/jindai-h/school_life/activities.html,club_link
410020,神代,自然観察部,部活動,https://www.metro.ed.jp/jindai-h/school_life/activities.html,club_link
410020,神代,美術部,部活動,https://www.metro.ed.jp/jindai-h/school_life/activities.html,club_link
410020,神代,トレーニング同好会,部活動,https://www.metro.ed.jp/jindai-h/school_life/activities.html,club_link
410030,調布北,硬式野球部,部活動,https://www.metro.ed.jp/chofukita-h/school_life/activities.html,club_link
410030,調布北,陸上競技部,部活動,https://www.metro.ed.jp/chofukita-h/school_life/activities.html,club_link
410030,調布北,水泳部,部活動,https://www.metro.ed.jp/chofukita-h/school_life/activities.html,club_link
410030,調布北,なぎなた部,部活動,https://www.metro.ed.jp/chofukita-h/school_life/activities.html,club_link
410030,調布北,バドミントン部,部活動,https://www.metro.ed.jp/chofukita-h/school_life/activities.html,club_link
410030,調布北,卓球部,部活動,https://www.metro.ed.jp/chofukita-h/school_life/activities.html,club_link
410030,調布北,男子硬式テニス部,部活動,https://www.metro.ed.jp/chofukita-h/school_life/activities.html,club_link
410030,調布北,女子硬式テニス部,部活動,https://www.metro.ed.jp/chofukita-h/school_life/activities.html,club_link
410030,調布北,女子バレーボール部,部活動,https://www.metro.ed.jp/chofukita-h/school_life/activities.html,club_link
410030,調布北,男子バスケットボール部,部活動,https://www.metro.ed.jp/chofukita-h/school_life/activities.html,club_link
410030,調布北,女子バスケットボール部,部活動,https://www.metro.ed.jp/chofukita-h/school_life/activities.html,club_link
410030,調布北,男女ハンドボール部,部活動,https://www.metro.ed.jp/chofukita-h/school_life/activities.html,club_link
410030,調布北,ダンス部,部活動,https://www.metro.ed.jp/chofukita-h/school_life/activities.html,club_link
410030,調布北,男子バレーボール部,部活動,https://www.metro.ed.jp/chofukita-h/school_life/activities.html,club_link
410030,調布北,剣道部,部活動,https://www.metro.ed.jp/chofukita-h/school_life/activities.html,club_link
410030,調布北,サッカー部,部活動,https://www.metro.ed.jp/chofukita-h/school_life/activities.html,club_link
410030,調布北,音楽部,部活動,https://www.metro.ed.jp/chofukita-h/school_life/activities.html,club_link
410030,調布北,写真部,部活動,https://www.metro.ed.jp/chofukita-h/school_life/activities.html,club_link
410030,調布北,放送部,部活動,https://www.metro.ed.jp/chofukita-h/school_life/activities.html,club_link
410030,調布北,創作部,部活動,https://www.metro.ed.jp/chofukita-h/school_life/activities.html,club_link
410030,調布北,軽音楽部,部活動,https://www.metro.ed.jp/chofukita-h/school_life/activities.html,club_link
410030,調布北,書道部,部活動,https://www.metro.ed.jp/chofukita-h/school_life/activities.html,club_link
410030,調布北,華道同好会,部活動,https://www.metro.ed.jp/chofukita-h/school_life/activities.html,club_link
410030,調布北,科学同好会,部活動,https://www.metro.ed.jp/chofukita-h/school_life/activities.html,club_link
410030,調布北,家庭科同好会,部活動,https://www.metro.ed.jp/chofukita-h/school_life/activities.html,club_link
410030,調布北,競技かるた同好会,部活動,https://www.metro.ed.jp/chofukita-h/school_life/activities.html,club_link
410040,調布南,男子バレーボール部,運動部,https://www.metro.ed.jp/chofuminami-h/school_life/activities.html,club_ul+club_link
410040,調布南,女子バレーボール部,運動部,https://www.metro.ed.jp/chofuminami-h/school_life/activities.html,club_ul+club_link
410040,調布南,男子バスケットボール部,運動部,https://www.metro.ed.jp/chofuminami-h/school_life/activities.html,club_ul+club_link
410040,調布南,女子バスケットボール部,運動部,https://www.metro.ed.jp/chofuminami-h/school_life/activities.html,club_ul+club_link
410040,調布南,バドミントン部,運動部,https://www.metro.ed.jp/chofuminami-h/school_life/activities.html,club_ul+club_link
410040,調布南,水泳部,運動部,https://www.metro.ed.jp/chofuminami-h/school_life/activities.html,club_ul+club_link
410040,調布南,硬式野球部,運動部,https://www.metro.ed.jp/chofuminami-h/school_life/activities.html,club_ul+club_link
410040,調布南,サッカー部,運動部,https://www.metro.ed.jp/chofuminami-h/school_life/activities.html,club_ul+club_link
410040,調布南,陸上競技部,運動部,https://www.metro.ed.jp/chofuminami-h/school_life/activities.html,club_ul+club_link
410040,調布南,男子テニス部,運動部,https://www.metro.ed.jp/chofuminami-h/school_life/activities.html,club_ul+club_link
410040,調布南,女子テニス部,運動部,https://www.metro.ed.jp/chofuminami-h/school_life/activities.html,club_ul+club_link
410040,調布南,ユニバーサルホッケー部,運動部,https://www.metro.ed.jp/chofuminami-h/school_life/activities.html,club_ul+club_link
410040,調布南,卓球部,運動部,https://www.metro.ed.jp/chofuminami-h/school_life/activities.html,club_ul+club_link
410040,調布南,ハンドボール部,運動部,https://www.metro.ed.jp/chofuminami-h/school_life/activities.html,club_ul+club_link
410040,調布南,ダンス部,運動部,https://www.metro.ed.jp/chofuminami-h/school_life/activities.html,club_ul+club_link
410040,調布南,剣道同好会,運動部,https://www.metro.ed.jp/chofuminami-h/school_life/activities.html,club_ul+club_link
410040,調布南,吹奏楽部,文化部,https://www.metro.ed.jp/chofuminami-h/school_life/activities.html,club_ul+club_link
410040,調布南,演劇部,文化部,https://www.metro.ed.jp/chofuminami-h/school_life/activities.html,club_ul+club_link
410040,調布南,ファッション部,文化部,https://www.metro.ed.jp/chofuminami-h/school_life/activities.html,club_ul+club_link
410040,調布南,茶道部,文化部,https://www.metro.ed.jp/chofuminami-h/school_life/activities.html,club_ul+club_link
410040,調布南,イラストアート部,文化部,https://www.metro.ed.jp/chofuminami-h/school_life/activities.html,club_ul+club_link
410040,調布南,音楽同好会,文化部,https://www.metro.ed.jp/chofuminami-h/school_life/activities.html,club_ul+club_link
410040,調布南,コンピュータ同好会,文化部,https://www.metro.ed.jp/chofuminami-h/school_life/activities.html,club_ul+club_link
410040,調布南,自然科学同好会,文化部,https://www.metro.ed.jp/chofuminami-h/school_life/activities.html,club_ul+club_link
410040,調布南,合唱同好会,文化部,https://www.metro.ed.jp/chofuminami-h/school_life/activities.html,club_ul+club_link
410040,調布南,英語同好会,文化部,https://www.metro.ed.jp/chofuminami-h/school_life/activities.html,club_ul+club_link
410040,調布南,東京都立調布南高等学校硬式野球部,部活動,https://www.metro.ed.jp/chofuminami-h/school_life/activities.html,club_ul+club_link
410050,狛江,男子硬式テニス部,部活動,https://www.metro.ed.jp/komae-h/school_life/activities.html,club_link
410050,狛江,女子硬式テニス部,部活動,https://www.metro.ed.jp/komae-h/school_life/activities.html,club_link
410050,狛江,ソフトテニス部,部活動,https://www.metro.ed.jp/komae-h/school_life/activities.html,club_link
410050,狛江,陸上競技部,部活動,https://www.metro.ed.jp/komae-h/school_life/activities.html,club_link
410050,狛江,剣道部,部活動,https://www.metro.ed.jp/komae-h/school_life/activities.html,club_link
410050,狛江,硬式野球部,部活動,https://www.metro.ed.jp/komae-h/school_life/activities.html,club_link
410050,狛江,男子サッカー部,部活動,https://www.metro.ed.jp/komae-h/school_life/activities.html,club_link
410050,狛江,女子サッカー部,部活動,https://www.metro.ed.jp/komae-h/school_life/activities.html,club_link
410050,狛江,ラグビー部,部活動,https://www.metro.ed.jp/komae-h/school_life/activities.html,club_link
410050,狛江,男子バレー部,部活動,https://www.metro.ed.jp/komae-h/school_life/activities.html,club_link
410050,狛江,女子バレー部,部活動,https://www.metro.ed.jp/komae-h/school_life/activities.html,club_link
410050,狛江,男子バスケット部,部活動,https://www.metro.ed.jp/komae-h/school_life/activities.html,club_link
410050,狛江,女子バスケット部,部活動,https://www.metro.ed.jp/komae-h/school_life/activities.html,club_link
410050,狛江,バドミントン部,部活動,https://www.metro.ed.jp/komae-h/school_life/activities.html,club_link
410050,狛江,ダンス部,部活動,https://www.metro.ed.jp/komae-h/school_life/activities.html,club_link
410050,狛江,卓球部,部活動,https://www.metro.ed.jp/komae-h/school_life/activities.html,club_link
410050,狛江,水泳部,部活動,https://www.metro.ed.jp/komae-h/school_life/activities.html,club_link
410050,狛江,美術部,部活動,https://www.metro.ed.jp/komae-h/school_life/activities.html,club_link
410050,狛江,サイエンス部,部活動,https://www.metro.ed.jp/komae-h/school_life/activities.html,club_link
410050,狛江,軽音楽部,部活動,https://www.metro.ed.jp/komae-h/school_life/activities.html,club_link
410050,狛江,合唱部,部活動,https://www.metro.ed.jp/komae-h/school_life/activities.html,club_link
410050,狛江,弦楽合奏部,部活動,https://www.metro.ed.jp/komae-h/school_life/activities.html,club_link
410050,狛江,JRC部,部活動,https://www.metro.ed.jp/komae-h/school_life/activities.html,club_link
410050,狛江,漫画研究部,部活動,https://www.metro.ed.jp/komae-h/school_life/activities.html,club_link
410050,狛江,パソコン部,部活動,https://www.metro.ed.jp/komae-h/school_life/activities.html,club_link
410050,狛江,英語研究部,部活動,https://www.metro.ed.jp/komae-h/school_life/activities.html,club_link
410050,狛江,茶道部,部活動,https://www.metro.ed.jp/komae-h/school_life/activities.html,club_link
410050,狛江,華道部,部活動,https://www.metro.ed.jp/komae-h/school_life/activities.html,club_link
410050,狛江,吹奏楽部,部活動,https://www.metro.ed.jp/komae-h/school_life/activities.html,club_link
410050,狛江,筝曲部,部活動,https://www.metro.ed.jp/komae-h/school_life/activities.html,club_link
410210,府中,男子バスケットボール部,部活動,https://www.metro.ed.jp/fuchu-h/school_life/activities.html,club_link
410210,府中,女子バスケットボール部,部活動,https://www.metro.ed.jp/fuchu-h/school_life/activities.html,club_link
410210,府中,男子バレーボール部,部活動,https://www.metro.ed.jp/fuchu-h/school_life/activities.html,club_link
410210,府中,女子バレーボール部,部活動,https://www.metro.ed.jp/fuchu-h/school_life/activities.html,club_link
410210,府中,バドミントン部,部活動,https://www.metro.ed.jp/fuchu-h/school_life/activities.html,club_link
410210,府中,剣道部,部活動,https://www.metro.ed.jp/fuchu-h/school_life/activities.html,club_link
410210,府中,ハンドボール部,部活動,https://www.metro.ed.jp/fuchu-h/school_life/activities.html,club_link
410210,府中,サッカー部,部活動,https://www.metro.ed.jp/fuchu-h/school_life/activities.html,club_link
410210,府中,テニス部,部活動,https://www.metro.ed.jp/fuchu-h/school_life/activities.html,club_link
410210,府中,水泳部,部活動,https://www.metro.ed.jp/fuchu-h/school_life/activities.html,club_link
410210,府中,硬式野球部,部活動,https://www.metro.ed.jp/fuchu-h/school_life/activities.html,club_link
410210,府中,卓球部,部活動,https://www.metro.ed.jp/fuchu-h/school_life/activities.html,club_link
410210,府中,ダンス部,部活動,https://www.metro.ed.jp/fuchu-h/school_life/activities.html,club_link
410210,府中,生物部,部活動,https://www.metro.ed.jp/fuchu-h/school_life/activities.html,club_link
410210,府中,地学部,部活動,https://www.metro.ed.jp/fuchu-h/school_life/activities.html,club_link
410210,府中,美術部,部活動,https://www.metro.ed.jp/fuchu-h/school_life/activities.html,club_link
410210,府中,漫画研究部,部活動,https://www.metro.ed.jp/fuchu-h/school_life/activities.html,club_link
410210,府中,茶道部,部活動,https://www.metro.ed.jp/fuchu-h/school_life/activities.html,club_link
410210,府中,ジャズ部,部活動,https://www.metro.ed.jp/fuchu-h/school_life/activities.html,club_link
410210,府中,写真部,部活動,https://www.metro.ed.jp/fuchu-h/school_life/activities.html,club_link
410210,府中,軽音楽部,部活動,https://www.metro.ed.jp/fuchu-h/school_life/activities.html,club_link
410210,府中,演劇部,部活動,https://www.metro.ed.jp/fuchu-h/school_life/activities.html,club_link
410210,府中,文芸部,部活動,https://www.metro.ed.jp/fuchu-h/school_life/activities.html,club_link
410210,府中,競技かるた部,部活動,https://www.metro.ed.jp/fuchu-h/school_life/activities.html,club_link
410210,府中,料理研究同好会,部活動,https://www.metro.ed.jp/fuchu-h/school_life/activities.html,club_link
410210,府中,英語部,部活動,https://www.metro.ed.jp/fuchu-h/school_life/activities.html,club_link
410210,府中,コンピュータ研究同好会,部活動,https://www.metro.ed.jp/fuchu-h/school_life/activities.html,club_link
410220,府中東,サッカー部,部活動,https://www.metro.ed.jp/fuchuhigashi-h/school_life/activities.html,club_link
410220,府中東,硬式野球部,部活動,https://www.metro.ed.jp/fuchuhigashi-h/school_life/activities.html,club_link
410220,府中東,男子バスケットボール部,部活動,https://www.metro.ed.jp/fuchuhigashi-h/school_life/activities.html,club_link
410220,府中東,女子バスケットボール部,部活動,https://www.metro.ed.jp/fuchuhigashi-h/school_life/activities.html,club_link
410220,府中東,男子バレーボール部,部活動,https://www.metro.ed.jp/fuchuhigashi-h/school_life/activities.html,club_link
410220,府中東,女子バレーボール部,部活動,https://www.metro.ed.jp/fuchuhigashi-h/school_life/activities.html,club_link
410220,府中東,ボクシング部,部活動,https://www.metro.ed.jp/fuchuhigashi-h/school_life/activities.html,club_link
410220,府中東,バドミントン部,部活動,https://www.metro.ed.jp/fuchuhigashi-h/school_life/activities.html,club_link
410220,府中東,男子硬式テニス部,部活動,https://www.metro.ed.jp/fuchuhigashi-h/school_life/activities.html,club_link
410220,府中東,女子硬式テニス部,部活動,https://www.metro.ed.jp/fuchuhigashi-h/school_life/activities.html,club_link
410220,府中東,陸上競技部,部活動,https://www.metro.ed.jp/fuchuhigashi-h/school_life/activities.html,club_link
410220,府中東,ダンス部,部活動,https://www.metro.ed.jp/fuchuhigashi-h/school_life/activities.html,club_link
410220,府中東,美術部,部活動,https://www.metro.ed.jp/fuchuhigashi-h/school_life/activities.html,club_link
410220,府中東,生物部,部活動,https://www.metro.ed.jp/fuchuhigashi-h/school_life/activities.html,club_link
410220,府中東,茶道部,部活動,https://www.metro.ed.jp/fuchuhigashi-h/school_life/activities.html,club_link
410220,府中東,吹奏楽部,部活動,https://www.metro.ed.jp/fuchuhigashi-h/school_life/activities.html,club_link
410220,府中東,軽音学部,部活動,https://www.metro.ed.jp/fuchuhigashi-h/school_life/activities.html,club_link
410220,府中東,和太鼓部,部活動,https://www.metro.ed.jp/fuchuhigashi-h/school_life/activities.html,club_link
410220,府中東,家庭科部,部活動,https://www.metro.ed.jp/fuchuhigashi-h/school_life/activities.html,club_link
410220,府中東,文芸部,部活動,https://www.metro.ed.jp/fuchuhigashi-h/school_life/activities.html,club_link
410230,府中西,サッカー部,部活動,https://www.metro.ed.jp/fuchunishi-h/school_life/activities.html,club_link
410230,府中西,ラグビー部,部活動,https://www.metro.ed.jp/fuchunishi-h/school_life/activities.html,club_link
410230,府中西,男子ハンドボール部,部活動,https://www.metro.ed.jp/fuchunishi-h/school_life/activities.html,club_link
410230,府中西,女子ハンドボール部,部活動,https://www.metro.ed.jp/fuchunishi-h/school_life/activities.html,club_link
410230,府中西,男子硬式テニス部,部活動,https://www.metro.ed.jp/fuchunishi-h/school_life/activities.html,club_link
410230,府中西,女子硬式テニス部,部活動,https://www.metro.ed.jp/fuchunishi-h/school_life/activities.html,club_link
410230,府中西,陸上競技部,部活動,https://www.metro.ed.jp/fuchunishi-h/school_life/activities.html,club_link
410230,府中西,剣道部,部活動,https://www.metro.ed.jp/fuchunishi-h/school_life/activities.html,club_link
410230,府中西,男子バスケットボール部,部活動,https://www.metro.ed.jp/fuchunishi-h/school_life/activities.html,club_link
410230,府中西,女子バスケットボール部,部活動,https://www.metro.ed.jp/fuchunishi-h/school_life/activities.html,club_link
410230,府中西,男子バレーボール部,部活動,https://www.metro.ed.jp/fuchunishi-h/school_life/activities.html,club_link
410230,府中西,女子バレーボール部,部活動,https://www.metro.ed.jp/fuchunishi-h/school_life/activities.html,club_link
410230,府中西,バドミントン部,部活動,https://www.metro.ed.jp/fuchunishi-h/school_life/activities.html,club_link
410230,府中西,水泳部,部活動,https://www.metro.ed.jp/fuchunishi-h/school_life/activities.html,club_link
410230,府中西,体操部,部活動,https://www.metro.ed.jp/fuchunishi-h/school_life/activities.html,club_link
410230,府中西,硬式野球部,部活動,https://www.metro.ed.jp/fuchunishi-h/school_life/activities.html,club_link
410230,府中西,ソフトテニス部,部活動,https://www.metro.ed.jp/fuchunishi-h/school_life/activities.html,club_link
410230,府中西,卓球部,部活動,https://www.metro.ed.jp/fuchunishi-h/school_life/activities.html,club_link
410230,府中西,ダンス部,部活動,https://www.metro.ed.jp/fuchunishi-h/school_life/activities.html,club_link
410230,府中西,演劇部,部活動,https://www.metro.ed.jp/fuchunishi-h/school_life/activities.html,club_link
410230,府中西,写真部,部活動,https://www.metro.ed.jp/fuchunishi-h/school_life/activities.html,club_link
410230,府中西,漫画研究部,部活動,https://www.metro.ed.jp/fuchunishi-h/school_life/activities.html,club_link
410230,府中西,天文部,部活動,https://www.metro.ed.jp/fuchunishi-h/school_life/activities.html,club_link
410230,府中西,合唱部,部活動,https://www.metro.ed.jp/fuchunishi-h/school_life/activities.html,club_link
410230,府中西,吹奏楽部,部活動,https://www.metro.ed.jp/fuchunishi-h/school_life/activities.html,club_link
410230,府中西,美術部,部活動,https://www.metro.ed.jp/fuchunishi-h/school_life/activities.html,club_link
410230,府中西,軽音楽部,部活動,https://www.metro.ed.jp/fuchunishi-h/school_life/activities.html,club_link
410230,府中西,デジタルクリエイト部,部活動,https://www.metro.ed.jp/fuchunishi-h/school_life/activities.html,club_link
410230,府中西,茶華道部,部活動,https://www.metro.ed.jp/fuchunishi-h/school_life/activities.html,club_link
410230,府中西,ホームメイキング部,部活動,https://www.metro.ed.jp/fuchunishi-h/school_life/activities.html,club_link
410230,府中西,日本語クラブ,部活動,https://www.metro.ed.jp/fuchunishi-h/school_life/activities.html,club_link
410240,国立,バドミントン部,運動部,https://www.metro.ed.jp/kunitachi-h/school_life/activities.html,club_ul+club_link
410240,国立,男子バレーボール部,運動部,https://www.metro.ed.jp/kunitachi-h/school_life/activities.html,club_ul+club_link
410240,国立,女子バレーボール部,運動部,https://www.metro.ed.jp/kunitachi-h/school_life/activities.html,club_ul+club_link
410240,国立,男子バスケットボール部,運動部,https://www.metro.ed.jp/kunitachi-h/school_life/activities.html,club_ul+club_link
410240,国立,女子バスケットボール部,運動部,https://www.metro.ed.jp/kunitachi-h/school_life/activities.html,club_ul+club_link
410240,国立,ダンス部,運動部,https://www.metro.ed.jp/kunitachi-h/school_life/activities.html,club_ul+club_link
410240,国立,クラシックバレエ部,運動部,https://www.metro.ed.jp/kunitachi-h/school_life/activities.html,club_ul+club_link
410240,国立,硬式野球部,運動部,https://www.metro.ed.jp/kunitachi-h/school_life/activities.html,club_ul+club_link
410240,国立,男子硬式テニス部,運動部,https://www.metro.ed.jp/kunitachi-h/school_life/activities.html,club_ul+club_link
410240,国立,女子硬式テニス部,運動部,https://www.metro.ed.jp/kunitachi-h/school_life/activities.html,club_ul+club_link
410240,国立,男子ハンドボール部,運動部,https://www.metro.ed.jp/kunitachi-h/school_life/activities.html,club_ul+club_link
410240,国立,女子ハンドボール部,運動部,https://www.metro.ed.jp/kunitachi-h/school_life/activities.html,club_ul+club_link
410240,国立,ラグビー部,運動部,https://www.metro.ed.jp/kunitachi-h/school_life/activities.html,club_ul+club_link
410240,国立,サッカー部,運動部,https://www.metro.ed.jp/kunitachi-h/school_life/activities.html,club_ul+club_link
410240,国立,少林寺拳法部,運動部,https://www.metro.ed.jp/kunitachi-h/school_life/activities.html,club_ul+club_link
410240,国立,水泳部,運動部,https://www.metro.ed.jp/kunitachi-h/school_life/activities.html,club_ul+club_link
410240,国立,体操部,運動部,https://www.metro.ed.jp/kunitachi-h/school_life/activities.html,club_ul+club_link
410240,国立,卓球部,運動部,https://www.metro.ed.jp/kunitachi-h/school_life/activities.html,club_ul+club_link
410240,国立,剣道部,運動部,https://www.metro.ed.jp/kunitachi-h/school_life/activities.html,club_ul+club_link
410240,国立,ソフトテニス部,運動部,https://www.metro.ed.jp/kunitachi-h/school_life/activities.html,club_ul+club_link
410240,国立,陸上部,運動部,https://www.metro.ed.jp/kunitachi-h/school_life/activities.html,club_ul+club_link
410240,国立,山岳部,運動部,https://www.metro.ed.jp/kunitachi-h/school_life/activities.html,club_ul+club_link
410240,国立,美術部,文化部,https://www.metro.ed.jp/kunitachi-h/school_life/activities.html,club_ul+club_link
410240,国立,生物部,文化部,https://www.metro.ed.jp/kunitachi-h/school_life/activities.html,club_ul+club_link
410240,国立,化学部,文化部,https://www.metro.ed.jp/kunitachi-h/school_life/activities.html,club_ul+club_link
410240,国立,物理部,文化部,https://www.metro.ed.jp/kunitachi-h/school_life/activities.html,club_ul+club_link
410240,国立,地学部,文化部,https://www.metro.ed.jp/kunitachi-h/school_life/activities.html,club_ul+club_link
410240,国立,吹奏楽部,文化部,https://www.metro.ed.jp/kunitachi-h/school_life/activities.html,club_ul+club_link
410240,国立,弦楽合奏部,文化部,https://www.metro.ed.jp/kunitachi-h/school_life/activities.html,club_ul+club_link
410240,国立,音楽部,文化部,https://www.metro.ed.jp/kunitachi-h/school_life/activities.html,club_ul+club_link
410240,国立,民俗音楽研究部,文化部,https://www.metro.ed.jp/kunitachi-h/school_life/activities.html,club_ul+club_link
410240,国立,漫画研究部,文化部,https://www.metro.ed.jp/kunitachi-h/school_life/activities.html,club_ul+club_link
410240,国立,ESS部,文化部,https://www.metro.ed.jp/kunitachi-h/school_life/activities.html,club_ul+club_link
410240,国立,放送部,文化部,https://www.metro.ed.jp/kunitachi-h/school_life/activities.html,club_ul+club_link
410240,国立,文学研究部,文化部,https://www.metro.ed.jp/kunitachi-h/school_life/activities.html,club_ul+club_link
410240,国立,演劇部,文化部,https://www.metro.ed.jp/kunitachi-h/school_life/activities.html,club_ul+club_link
410240,国立,茶道部,文化部,https://www.metro.ed.jp/kunitachi-h/school_life/activities.html,club_ul+club_link
410240,国立,囲碁・将棋部,文化部,https://www.metro.ed.jp/kunitachi-h/school_life/activities.html,club_ul+club_link
410240,国立,マジック研究部,文化部,https://www.metro.ed.jp/kunitachi-h/school_life/activities.html,club_ul+club_link
410240,国立,料理部,文化部,https://www.metro.ed.jp/kunitachi-h/school_life/activities.html,club_ul+club_link
410240,国立,落語研究同好会,文化部,https://www.metro.ed.jp/kunitachi-h/school_life/activities.html,club_ul+club_link
410240,国立,写真同好会,文化部,https://www.metro.ed.jp/kunitachi-h/school_life/activities.html,club_ul+club_link
410240,国立,ボランティア同好会,文化部,https://www.metro.ed.jp/kunitachi-h/school_life/activities.html,club_ul+club_link
410240,国立,新聞部,文化部,https://www.metro.ed.jp/kunitachi-h/school_life/activities.html,club_ul+club_link
410240,国立,野球部,部活動,https://www.metro.ed.jp/kunitachi-h/school_life/activities.html,club_ul+club_link
410240,国立,陸上競技部,部活動,https://www.metro.ed.jp/kunitachi-h/school_life/activities.html,club_ul+club_link
410250,永山,硬式野球部,運動部,https://www.metro.ed.jp/nagayama-h/school_life/activities.html,club_ul+club_link
410250,永山,サッカー部,運動部,https://www.metro.ed.jp/nagayama-h/school_life/activities.html,club_ul+club_link
410250,永山,陸上部,運動部,https://www.metro.ed.jp/nagayama-h/school_life/activities.html,club_ul+club_link
410250,永山,テニス部,運動部,https://www.metro.ed.jp/nagayama-h/school_life/activities.html,club_ul+club_link
410250,永山,ハンドボール部,運動部,https://www.metro.ed.jp/nagayama-h/school_life/activities.html,club_ul+club_link
410250,永山,女子ソフトボール部,運動部,https://www.metro.ed.jp/nagayama-h/school_life/activities.html,club_ul+club_link
410250,永山,男子バスケットボール部,運動部,https://www.metro.ed.jp/nagayama-h/school_life/activities.html,club_ul+club_link
410250,永山,女子バスケットボール部,運動部,https://www.metro.ed.jp/nagayama-h/school_life/activities.html,club_ul+club_link
410250,永山,男子バレーボール部,運動部,https://www.metro.ed.jp/nagayama-h/school_life/activities.html,club_ul+club_link
410250,永山,女子バレーボール部,運動部,https://www.metro.ed.jp/nagayama-h/school_life/activities.html,club_ul+club_link
410250,永山,バドミンドン部,運動部,https://www.metro.ed.jp/nagayama-h/school_life/activities.html,club_ul+club_link
410250,永山,卓球部,運動部,https://www.metro.ed.jp/nagayama-h/school_life/activities.html,club_ul+club_link
410250,永山,ダンス部,運動部,https://www.metro.ed.jp/nagayama-h/school_life/activities.html,club_ul+club_link
410250,永山,剣道部,運動部,https://www.metro.ed.jp/nagayama-h/school_life/activities.html,club_ul+club_link
410250,永山,水泳部,運動部,https://www.metro.ed.jp/nagayama-h/school_life/activities.html,club_ul+club_link
410250,永山,吹奏楽部,文化部,https://www.metro.ed.jp/nagayama-h/school_life/activities.html,club_ul+club_link
410250,永山,軽音部,文化部,https://www.metro.ed.jp/nagayama-h/school_life/activities.html,club_ul+club_link
410250,永山,美術部,文化部,https://www.metro.ed.jp/nagayama-h/school_life/activities.html,club_ul+club_link
410250,永山,イラスト部,文化部,https://www.metro.ed.jp/nagayama-h/school_life/activities.html,club_ul+club_link
410250,永山,写真部,文化部,https://www.metro.ed.jp/nagayama-h/school_life/activities.html,club_ul+club_link
410250,永山,茶道部,文化部,https://www.metro.ed.jp/nagayama-h/school_life/activities.html,club_ul+club_link
410250,永山,書道部,文化部,https://www.metro.ed.jp/nagayama-h/school_life/activities.html,club_ul+club_link
410250,永山,演劇部,文化部,https://www.metro.ed.jp/nagayama-h/school_life/activities.html,club_ul+club_link
410250,永山,映画部,文化部,https://www.metro.ed.jp/nagayama-h/school_life/activities.html,club_ul+club_link
410250,永山,園芸部,文化部,https://www.metro.ed.jp/nagayama-h/school_life/activities.html,club_ul+club_link
410250,永山,クッキング部,文化部,https://www.metro.ed.jp/nagayama-h/school_life/activities.html,club_ul+club_link
410250,永山,合唱部,文化部,https://www.metro.ed.jp/nagayama-h/school_life/activities.html,club_ul+club_link
410250,永山,国際交流部,文化部,https://www.metro.ed.jp/nagayama-h/school_life/activities.html,club_ul+club_link
410250,永山,現代文芸同好会,文化部,https://www.metro.ed.jp/nagayama-h/school_life/activities.html,club_ul+club_link
410250,永山,陸上競技部,部活動,https://www.metro.ed.jp/nagayama-h/school_life/activities.html,club_ul+club_link
410250,永山,バドミントン部,部活動,https://www.metro.ed.jp/nagayama-h/school_life/activities.html,club_ul+club_link
410250,永山,軽音楽部,部活動,https://www.metro.ed.jp/nagayama-h/school_life/activities.html,club_ul+club_link
410250,永山,和太鼓同好会,部活動,https://www.metro.ed.jp/nagayama-h/school_life/activities.html,club_ul+club_link
410410,若葉総合,陸上競技部,運動部,https://www.metro.ed.jp/wakabasogo-h/school_life/activities.html,club_ul+club_link
410410,若葉総合,男子サッカー部,運動部,https://www.metro.ed.jp/wakabasogo-h/school_life/activities.html,club_ul+club_link
410410,若葉総合,女子サッカー部,運動部,https://www.metro.ed.jp/wakabasogo-h/school_life/activities.html,club_ul+club_link
410410,若葉総合,硬式テニス部,運動部,https://www.metro.ed.jp/wakabasogo-h/school_life/activities.html,club_ul+club_link
410410,若葉総合,ソフトボール部（男女）,運動部,https://www.metro.ed.jp/wakabasogo-h/school_life/activities.html,club_ul+club_link
410410,若葉総合,男子バスケットボール部,運動部,https://www.metro.ed.jp/wakabasogo-h/school_life/activities.html,club_ul+club_link
410410,若葉総合,女子バスケットボール部,運動部,https://www.metro.ed.jp/wakabasogo-h/school_life/activities.html,club_ul+club_link
410410,若葉総合,女子バレーボール部,運動部,https://www.metro.ed.jp/wakabasogo-h/school_life/activities.html,club_ul+club_link
410410,若葉総合,バドミントン部,運動部,https://www.metro.ed.jp/wakabasogo-h/school_life/activities.html,club_ul+club_link
410410,若葉総合,剣道部,運動部,https://www.metro.ed.jp/wakabasogo-h/school_life/activities.html,club_ul+club_link
410410,若葉総合,チアダンス部,運動部,https://www.metro.ed.jp/wakabasogo-h/school_life/activities.html,club_ul+club_link
410410,若葉総合,水泳部,運動部,https://www.metro.ed.jp/wakabasogo-h/school_life/activities.html,club_ul+club_link
410410,若葉総合,卓球研究会,運動部,https://www.metro.ed.jp/wakabasogo-h/school_life/activities.html,club_ul+club_link
410410,若葉総合,吹奏楽部,文化部,https://www.metro.ed.jp/wakabasogo-h/school_life/activities.html,club_ul+club_link
410410,若葉総合,合唱部,文化部,https://www.metro.ed.jp/wakabasogo-h/school_life/activities.html,club_ul+club_link
410410,若葉総合,演劇部,文化部,https://www.metro.ed.jp/wakabasogo-h/school_life/activities.html,club_ul+club_link
410410,若葉総合,美術部,文化部,https://www.metro.ed.jp/wakabasogo-h/school_life/activities.html,club_ul+club_link
410410,若葉総合,映画制作部,文化部,https://www.metro.ed.jp/wakabasogo-h/school_life/activities.html,club_ul+club_link
410410,若葉総合,天文部,文化部,https://www.metro.ed.jp/wakabasogo-h/school_life/activities.html,club_ul+club_link
410410,若葉総合,イラスト・小説同好会,文化部,https://www.metro.ed.jp/wakabasogo-h/school_life/activities.html,club_ul+club_link
410410,若葉総合,軽音楽部,文化部,https://www.metro.ed.jp/wakabasogo-h/school_life/activities.html,club_ul+club_link
410410,若葉総合,パソコン同好会,文化部,https://www.metro.ed.jp/wakabasogo-h/school_life/activities.html,club_ul+club_link
410410,若葉総合,ダブルダッチ同好会,文化部,https://www.metro.ed.jp/wakabasogo-h/school_life/activities.html,club_ul+club_link
410410,若葉総合,和（なごみ）同好会,文化部,https://www.metro.ed.jp/wakabasogo-h/school_life/activities.html,club_ul+club_link
410410,若葉総合,弦楽同好会,文化部,https://www.metro.ed.jp/wakabasogo-h/school_life/activities.html,club_ul+club_link
410410,若葉総合,ピアノ研究会,文化部,https://www.metro.ed.jp/wakabasogo-h/school_life/activities.html,club_ul+club_link
410410,若葉総合,ESS,文化部,https://www.metro.ed.jp/wakabasogo-h/school_life/activities.html,club_ul+club_link
410410,若葉総合,卓球同好会,部活動,https://www.metro.ed.jp/wakabasogo-h/school_life/activities.html,club_ul+club_link
410610,第五商業,男子サッカー部,運動部,https://www.metro.ed.jp/daigosyogyo-h/school_life/activities.html,club_ul+club_link
410610,第五商業,女子サッカー部,運動部,https://www.metro.ed.jp/daigosyogyo-h/school_life/activities.html,club_ul+club_link
410610,第五商業,男子バスケット部,運動部,https://www.metro.ed.jp/daigosyogyo-h/school_life/activities.html,club_ul+club_link
410610,第五商業,女子バスケット部,運動部,https://www.metro.ed.jp/daigosyogyo-h/school_life/activities.html,club_ul+club_link
410610,第五商業,テニス部,運動部,https://www.metro.ed.jp/daigosyogyo-h/school_life/activities.html,club_ul+club_link
410610,第五商業,バドミントン部,運動部,https://www.metro.ed.jp/daigosyogyo-h/school_life/activities.html,club_ul+club_link
410610,第五商業,弓道部,運動部,https://www.metro.ed.jp/daigosyogyo-h/school_life/activities.html,club_ul+club_link
410610,第五商業,硬式野球部,運動部,https://www.metro.ed.jp/daigosyogyo-h/school_life/activities.html,club_ul+club_link
410610,第五商業,陸上競技部,運動部,https://www.metro.ed.jp/daigosyogyo-h/school_life/activities.html,club_ul+club_link
410610,第五商業,男子バレー同好会,運動部,https://www.metro.ed.jp/daigosyogyo-h/school_life/activities.html,club_ul+club_link
410610,第五商業,女子バレー部,運動部,https://www.metro.ed.jp/daigosyogyo-h/school_life/activities.html,club_ul+club_link
410610,第五商業,卓球部,運動部,https://www.metro.ed.jp/daigosyogyo-h/school_life/activities.html,club_ul+club_link
410610,第五商業,ソフトボール同好会,運動部,https://www.metro.ed.jp/daigosyogyo-h/school_life/activities.html,club_ul+club_link
410610,第五商業,ダンス部,運動部,https://www.metro.ed.jp/daigosyogyo-h/school_life/activities.html,club_ul+club_link
410610,第五商業,イラスト部,文化部,https://www.metro.ed.jp/daigosyogyo-h/school_life/activities.html,club_ul+club_link
410610,第五商業,クッキング部,文化部,https://www.metro.ed.jp/daigosyogyo-h/school_life/activities.html,club_ul+club_link
410610,第五商業,パソコン部,文化部,https://www.metro.ed.jp/daigosyogyo-h/school_life/activities.html,club_ul+club_link
410610,第五商業,ボランティア部,文化部,https://www.metro.ed.jp/daigosyogyo-h/school_life/activities.html,club_ul+club_link
410610,第五商業,英語同好会,文化部,https://www.metro.ed.jp/daigosyogyo-h/school_life/activities.html,club_ul+club_link
410610,第五商業,演劇部,文化部,https://www.metro.ed.jp/daigosyogyo-h/school_life/activities.html,club_ul+club_link
410610,第五商業,華道部,文化部,https://www.metro.ed.jp/daigosyogyo-h/school_life/activities.html,club_ul+club_link
410610,第五商業,軽音楽部,文化部,https://www.metro.ed.jp/daigosyogyo-h/school_life/activities.html,club_ul+club_link
410610,第五商業,珠算部,文化部,https://www.metro.ed.jp/daigosyogyo-h/school_life/activities.html,club_ul+club_link
410610,第五商業,書道部,文化部,https://www.metro.ed.jp/daigosyogyo-h/school_life/activities.html,club_ul+club_link
410610,第五商業,吹奏楽部,文化部,https://www.metro.ed.jp/daigosyogyo-h/school_life/activities.html,club_ul+club_link
410610,第五商業,茶道部,文化部,https://www.metro.ed.jp/daigosyogyo-h/school_life/activities.html,club_ul+club_link
410610,第五商業,簿記部,文化部,https://www.metro.ed.jp/daigosyogyo-h/school_life/activities.html,club_ul+club_link
410610,第五商業,男子バスケットボール部,部活動,https://www.metro.ed.jp/daigosyogyo-h/school_life/activities.html,club_ul+club_link
410610,第五商業,女子バスケットボール部,部活動,https://www.metro.ed.jp/daigosyogyo-h/school_life/activities.html,club_ul+club_link
410610,第五商業,硬式テニス部,部活動,https://www.metro.ed.jp/daigosyogyo-h/school_life/activities.html,club_ul+club_link
410610,第五商業,男子バレーボール部,部活動,https://www.metro.ed.jp/daigosyogyo-h/school_life/activities.html,club_ul+club_link
410610,第五商業,女子バレーボール部,部活動,https://www.metro.ed.jp/daigosyogyo-h/school_life/activities.html,club_ul+club_link
410710,府中工科,硬式野球部,運動部,https://www.metro.ed.jp/fuchukoka-h/school_life/activities.html,club_ul+club_link
410710,府中工科,陸上競技部,運動部,https://www.metro.ed.jp/fuchukoka-h/school_life/activities.html,club_ul+club_link
410710,府中工科,サッカー部,運動部,https://www.metro.ed.jp/fuchukoka-h/school_life/activities.html,club_ul+club_link
410710,府中工科,硬式テニス部,運動部,https://www.metro.ed.jp/fuchukoka-h/school_life/activities.html,club_ul+club_link
410710,府中工科,バスケットボール部,運動部,https://www.metro.ed.jp/fuchukoka-h/school_life/activities.html,club_ul+club_link
410710,府中工科,バドミントン部,運動部,https://www.metro.ed.jp/fuchukoka-h/school_life/activities.html,club_ul+club_link
410710,府中工科,ウェイトトレーニング部,運動部,https://www.metro.ed.jp/fuchukoka-h/school_life/activities.html,club_ul+club_link
410710,府中工科,卓球部,運動部,https://www.metro.ed.jp/fuchukoka-h/school_life/activities.html,club_ul+club_link
410710,府中工科,水泳部,運動部,https://www.metro.ed.jp/fuchukoka-h/school_life/activities.html,club_ul+club_link
410710,府中工科,剣道部,運動部,https://www.metro.ed.jp/fuchukoka-h/school_life/activities.html,club_ul+club_link
410710,府中工科,自動車整備部,文化部,https://www.metro.ed.jp/fuchukoka-h/school_life/activities.html,club_ul+club_link
410710,府中工科,軽音楽部,文化部,https://www.metro.ed.jp/fuchukoka-h/school_life/activities.html,club_ul+club_link
410710,府中工科,写真部,文化部,https://www.metro.ed.jp/fuchukoka-h/school_life/activities.html,club_ul+club_link
410710,府中工科,パソコン部,文化部,https://www.metro.ed.jp/fuchukoka-h/school_life/activities.html,club_ul+club_link
410710,府中工科,英会話部,文化部,https://www.metro.ed.jp/fuchukoka-h/school_life/activities.html,club_ul+club_link
410710,府中工科,茶道部,文化部,https://www.metro.ed.jp/fuchukoka-h/school_life/activities.html,club_ul+club_link
410710,府中工科,マンガ研究部,文化部,https://www.metro.ed.jp/fuchukoka-h/school_life/activities.html,club_ul+club_link
410710,府中工科,囲碁将棋部,文化部,https://www.metro.ed.jp/fuchukoka-h/school_life/activities.html,club_ul+club_link
410710,府中工科,鉄道研究部,文化部,https://www.metro.ed.jp/fuchukoka-h/school_life/activities.html,club_ul+club_link
410710,府中工科,情報技術部,文化部,https://www.metro.ed.jp/fuchukoka-h/school_life/activities.html,club_ul+club_link
410710,府中工科,CAD部,文化部,https://www.metro.ed.jp/fuchukoka-h/school_life/activities.html,club_ul+club_link
410710,府中工科,模型部,文化部,https://www.metro.ed.jp/fuchukoka-h/school_life/activities.html,club_ul+club_link
410810,農業,女子バレーボール部,運動部,https://www.metro.ed.jp/nogyo-h/school_life/activities.html,club_ul+club_link
410810,農業,男子バスケットボール部,運動部,https://www.metro.ed.jp/nogyo-h/school_life/activities.html,club_ul+club_link
410810,農業,女子バスケットボール部,運動部,https://www.metro.ed.jp/nogyo-h/school_life/activities.html,club_ul+club_link
410810,農業,バドミントン部,運動部,https://www.metro.ed.jp/nogyo-h/school_life/activities.html,club_ul+club_link
410810,農業,サッカー部,運動部,https://www.metro.ed.jp/nogyo-h/school_life/activities.html,club_ul+club_link
410810,農業,硬式テニス部,運動部,https://www.metro.ed.jp/nogyo-h/school_life/activities.html,club_ul+club_link
410810,農業,硬式野球部,運動部,https://www.metro.ed.jp/nogyo-h/school_life/activities.html,club_ul+club_link
410810,農業,水泳部,運動部,https://www.metro.ed.jp/nogyo-h/school_life/activities.html,club_ul+club_link
410810,農業,卓球部,運動部,https://www.metro.ed.jp/nogyo-h/school_life/activities.html,club_ul+club_link
410810,農業,合気道部,運動部,https://www.metro.ed.jp/nogyo-h/school_life/activities.html,club_ul+club_link
410810,農業,トレッキング部,運動部,https://www.metro.ed.jp/nogyo-h/school_life/activities.html,club_ul+club_link
410810,農業,ダンス部,運動部,https://www.metro.ed.jp/nogyo-h/school_life/activities.html,club_ul+club_link
410810,農業,陸上競技部,運動部,https://www.metro.ed.jp/nogyo-h/school_life/activities.html,club_ul+club_link
410810,農業,食品加工部,専門部・文化部,https://www.metro.ed.jp/nogyo-h/school_life/activities.html,club_ul+club_link
410810,農業,食品化学部,専門部・文化部,https://www.metro.ed.jp/nogyo-h/school_life/activities.html,club_ul+club_link
410810,農業,クッキング部,専門部・文化部,https://www.metro.ed.jp/nogyo-h/school_life/activities.html,club_ul+club_link
410810,農業,児童研究部,専門部・文化部,https://www.metro.ed.jp/nogyo-h/school_life/activities.html,club_ul+club_link
410810,農業,園芸部,専門部・文化部,https://www.metro.ed.jp/nogyo-h/school_life/activities.html,club_ul+club_link
410810,農業,果樹部,専門部・文化部,https://www.metro.ed.jp/nogyo-h/school_life/activities.html,club_ul+club_link
410810,農業,神代農場部,専門部・文化部,https://www.metro.ed.jp/nogyo-h/school_life/activities.html,club_ul+club_link
410810,農業,造園部,専門部・文化部,https://www.metro.ed.jp/nogyo-h/school_life/activities.html,club_ul+club_link
410810,農業,漫画研究部,専門部・文化部,https://www.metro.ed.jp/nogyo-h/school_life/activities.html,club_ul+club_link
410810,農業,サウンド部,専門部・文化部,https://www.metro.ed.jp/nogyo-h/school_life/activities.html,club_ul+club_link
410810,農業,文芸部,専門部・文化部,https://www.metro.ed.jp/nogyo-h/school_life/activities.html,club_ul+club_link
410810,農業,美術部,専門部・文化部,https://www.metro.ed.jp/nogyo-h/school_life/activities.html,club_ul+club_link
410810,農業,合唱部,専門部・文化部,https://www.metro.ed.jp/nogyo-h/school_life/activities.html,club_ul+club_link
410810,農業,落語研究部,専門部・文化部,https://www.metro.ed.jp/nogyo-h/school_life/activities.html,club_ul+club_link
410810,農業,演劇(同好会),専門部・文化部,https://www.metro.ed.jp/nogyo-h/school_life/activities.html,club_ul+club_link
410810,農業,専門部・文化部,運動部,https://www.metro.ed.jp/nogyo-h/school_life/activities.html,club_ul+club_link
411010,大島,野球部,運動部,https://www.metro.ed.jp/oshima-h/school_life/activities.html,club_ul+club_link
411010,大島,女子バレーボール部,運動部,https://www.metro.ed.jp/oshima-h/school_life/activities.html,club_ul+club_link
411010,大島,サッカー部,運動部,https://www.metro.ed.jp/oshima-h/school_life/activities.html,club_ul+club_link
411010,大島,陸上競技部,運動部,https://www.metro.ed.jp/oshima-h/school_life/activities.html,club_ul+club_link
411010,大島,水泳部,運動部,https://www.metro.ed.jp/oshima-h/school_life/activities.html,club_ul+club_link
411010,大島,硬式テニス部,運動部,https://www.metro.ed.jp/oshima-h/school_life/activities.html,club_ul+club_link
411010,大島,ダンス部,運動部,https://www.metro.ed.jp/oshima-h/school_life/activities.html,club_ul+club_link
411010,大島,男子バスケトボール部,運動部,https://www.metro.ed.jp/oshima-h/school_life/activities.html,club_ul+club_link
411010,大島,バドミントン部,運動部,https://www.metro.ed.jp/oshima-h/school_life/activities.html,club_ul+club_link
411010,大島,郷土芸能部,文化部,https://www.metro.ed.jp/oshima-h/school_life/activities.html,club_ul+club_link
411010,大島,茶華道部,文化部,https://www.metro.ed.jp/oshima-h/school_life/activities.html,club_ul+club_link
411010,大島,美術部,文化部,https://www.metro.ed.jp/oshima-h/school_life/activities.html,club_ul+club_link
411010,大島,吹奏楽部,文化部,https://www.metro.ed.jp/oshima-h/school_life/activities.html,club_ul+club_link
411010,大島,農産加工同好会,文化部,https://www.metro.ed.jp/oshima-h/school_life/activities.html,club_ul+club_link
411010,大島,ハンドメイド同好会,文化部,https://www.metro.ed.jp/oshima-h/school_life/activities.html,club_ul+club_link
411010,大島,Hawaii Project,文化部,https://www.metro.ed.jp/oshima-h/school_life/activities.html,club_ul+club_link
411010,大島,男子バスケットボール部,部活動,https://www.metro.ed.jp/oshima-h/school_life/activities.html,club_ul+club_link
411030,新島,硬式テニス部,運動部,https://www.metro.ed.jp/niijima-h/school_life/activities.html,club_ul+club_link
411030,新島,バスケットボール部,運動部,https://www.metro.ed.jp/niijima-h/school_life/activities.html,club_ul+club_link
411030,新島,野球部,運動部,https://www.metro.ed.jp/niijima-h/school_life/activities.html,club_ul+club_link
411030,新島,バレーボール部,運動部,https://www.metro.ed.jp/niijima-h/school_life/activities.html,club_ul+club_link
411030,新島,太鼓部,文化部,https://www.metro.ed.jp/niijima-h/school_life/activities.html,club_ul+club_link
411030,新島,ボランティア部,文化部,https://www.metro.ed.jp/niijima-h/school_life/activities.html,club_ul+club_link
411030,新島,茶道部,文化部,https://www.metro.ed.jp/niijima-h/school_life/activities.html,club_ul+club_link
411030,新島,軽音楽部,文化部,https://www.metro.ed.jp/niijima-h/school_life/activities.html,club_ul+club_link
411040,神津,サッカー部,運動部,https://www.metro.ed.jp/kouzu-h/school_life/activities.html,club_ul+club_link
411040,神津,バレーボール部,運動部,https://www.metro.ed.jp/kouzu-h/school_life/activities.html,club_ul+club_link
411040,神津,バスケットボール部,運動部,https://www.metro.ed.jp/kouzu-h/school_life/activities.html,club_ul+club_link
411040,神津,バドミントン部,運動部,https://www.metro.ed.jp/kouzu-h/school_life/activities.html,club_ul+club_link
411040,神津,卓球部,運動部,https://www.metro.ed.jp/kouzu-h/school_life/activities.html,club_ul+club_link
411040,神津,テニス部,運動部,https://www.metro.ed.jp/kouzu-h/school_life/activities.html,club_ul+club_link
411040,神津,トレーニング部,運動部,https://www.metro.ed.jp/kouzu-h/school_life/activities.html,club_ul+club_link
411040,神津,吹奏楽部,文化部,https://www.metro.ed.jp/kouzu-h/school_life/activities.html,club_ul+club_link
411040,神津,家庭科部,文化部,https://www.metro.ed.jp/kouzu-h/school_life/activities.html,club_ul+club_link
411040,神津,軽音楽部,文化部,https://www.metro.ed.jp/kouzu-h/school_life/activities.html,club_ul+club_link
411040,神津,美術部,文化部,https://www.metro.ed.jp/kouzu-h/school_life/activities.html,club_ul+club_link
411040,神津,天文部,部活動,https://www.metro.ed.jp/kouzu-h/school_life/activities.html,club_ul+club_link
411040,神津,神津高チャレンジ同好会,部活動,https://www.metro.ed.jp/kouzu-h/school_life/activities.html,club_ul+club_link
411910,大島海洋国際,サッカー部,運動部,https://www.metro.ed.jp/oosimakaiyokokusai-h/school_life/activities.html,club_ul+club_link
411910,大島海洋国際,セーリング部,運動部,https://www.metro.ed.jp/oosimakaiyokokusai-h/school_life/activities.html,club_ul+club_link
411910,大島海洋国際,バスケットボール部,運動部,https://www.metro.ed.jp/oosimakaiyokokusai-h/school_life/activities.html,club_ul+club_link
411910,大島海洋国際,バレーボール部,運動部,https://www.metro.ed.jp/oosimakaiyokokusai-h/school_life/activities.html,club_ul+club_link
411910,大島海洋国際,軟式テニス部,運動部,https://www.metro.ed.jp/oosimakaiyokokusai-h/school_life/activities.html,club_ul+club_link
411910,大島海洋国際,硬式野球部,運動部,https://www.metro.ed.jp/oosimakaiyokokusai-h/school_life/activities.html,club_ul+club_link
411910,大島海洋国際,硬式テニス部,運動部,https://www.metro.ed.jp/oosimakaiyokokusai-h/school_life/activities.html,club_ul+club_link
411910,大島海洋国際,水泳部,運動部,https://www.metro.ed.jp/oosimakaiyokokusai-h/school_life/activities.html,club_ul+club_link
411910,大島海洋国際,潜水部,運動部,https://www.metro.ed.jp/oosimakaiyokokusai-h/school_life/activities.html,club_ul+club_link
411910,大島海洋国際,陸上競技部,運動部,https://www.metro.ed.jp/oosimakaiyokokusai-h/school_life/activities.html,club_ul+club_link
411910,大島海洋国際,カッター部,運動部,https://www.metro.ed.jp/oosimakaiyokokusai-h/school_life/activities.html,club_ul+club_link
411910,大島海洋国際,ボランティア部,文化部,https://www.metro.ed.jp/oosimakaiyokokusai-h/school_life/activities.html,club_ul+club_link
411910,大島海洋国際,郷土芸能部,文化部,https://www.metro.ed.jp/oosimakaiyokokusai-h/school_life/activities.html,club_ul+club_link
411910,大島海洋国際,軽音楽部,文化部,https://www.metro.ed.jp/oosimakaiyokokusai-h/school_life/activities.html,club_ul+club_link
411910,大島海洋国際,吹奏楽部,文化部,https://www.metro.ed.jp/oosimakaiyokokusai-h/school_life/activities.html,club_ul+club_link
411910,大島海洋国際,生物部,文化部,https://www.metro.ed.jp/oosimakaiyokokusai-h/school_life/activities.html,club_ul+club_link
411910,大島海洋国際,釣り部,文化部,https://www.metro.ed.jp/oosimakaiyokokusai-h/school_life/activities.html,club_ul+club_link
411910,大島海洋国際,セーリング部,部活動,https://www.metro.ed.jp/oosimakaiyokokusai-h/school_life/activities.html,club_ul+club_link
412010,三宅,サッカー部,部活動,https://www.metro.ed.jp/miyake-h/school_life/activities.html,club_link
412010,三宅,バレーボール部,部活動,https://www.metro.ed.jp/miyake-h/school_life/activities.html,club_link
412010,三宅,ボルダリング部,部活動,https://www.metro.ed.jp/miyake-h/school_life/activities.html,club_link
412010,三宅,ラケットスポーツ部,部活動,https://www.metro.ed.jp/miyake-h/school_life/activities.html,club_link
412010,三宅,野球部,部活動,https://www.metro.ed.jp/miyake-h/school_life/activities.html,club_link
412010,三宅,音楽部,部活動,https://www.metro.ed.jp/miyake-h/school_life/activities.html,club_link
412010,三宅,家庭科部,部活動,https://www.metro.ed.jp/miyake-h/school_life/activities.html,club_link
412010,三宅,軽音楽部,部活動,https://www.metro.ed.jp/miyake-h/school_life/activities.html,club_link
412010,三宅,自然科学部,部活動,https://www.metro.ed.jp/miyake-h/school_life/activities.html,club_link
412010,三宅,農産加工部,部活動,https://www.metro.ed.jp/miyake-h/school_life/activities.html,club_link
412010,三宅,美術工芸部,部活動,https://www.metro.ed.jp/miyake-h/school_life/activities.html,club_link
412010,三宅,大学受験同好会,部活動,https://www.metro.ed.jp/miyake-h/school_life/activities.html,club_link
412010,三宅,空手部,部活動,https://www.metro.ed.jp/miyake-h/school_life/activities.html,club_link
413010,八丈,硬式野球部,太鼓同好会,https://www.metro.ed.jp/hachijo-h/school_life/activities.html,club_ul+club_link
413010,八丈,サッカー部,太鼓同好会,https://www.metro.ed.jp/hachijo-h/school_life/activities.html,club_ul+club_link
413010,八丈,陸上部,太鼓同好会,https://www.metro.ed.jp/hachijo-h/school_life/activities.html,club_ul+club_link
413010,八丈,硬式テニス部,太鼓同好会,https://www.metro.ed.jp/hachijo-h/school_life/activities.html,club_ul+club_link
413010,八丈,女子バレーボール部,太鼓同好会,https://www.metro.ed.jp/hachijo-h/school_life/activities.html,club_ul+club_link
413010,八丈,男子バスケットボール部,太鼓同好会,https://www.metro.ed.jp/hachijo-h/school_life/activities.html,club_ul+club_link
413010,八丈,女子バスケットボール部,太鼓同好会,https://www.metro.ed.jp/hachijo-h/school_life/activities.html,club_ul+club_link
413010,八丈,吹奏楽部,太鼓同好会,https://www.metro.ed.jp/hachijo-h/school_life/activities.html,club_ul+club_link
413010,八丈,美術部,太鼓同好会,https://www.metro.ed.jp/hachijo-h/school_life/activities.html,club_ul+club_link
413010,八丈,パソコン部,太鼓同好会,https://www.metro.ed.jp/hachijo-h/school_life/activities.html,club_ul+club_link
413010,八丈,茶道部,太鼓同好会,https://www.metro.ed.jp/hachijo-h/school_life/activities.html,club_ul+club_link
413010,八丈,写真部,太鼓同好会,https://www.metro.ed.jp/hachijo-h/school_life/activities.html,club_ul+club_link
413010,八丈,陸上競技部,部活動,https://www.metro.ed.jp/hachijo-h/school_life/activities.html,club_ul+club_link
413010,八丈,太鼓同好会,部活動,https://www.metro.ed.jp/hachijo-h/school_life/activities.html,club_ul+club_link
414010,小笠原,チアリーディング部,運動部,https://www.metro.ed.jp/ogasawara-h/school_life/activities.html,club_ul+club_link
414010,小笠原,バスケットボール部,運動部,https://www.metro.ed.jp/ogasawara-h/school_life/activities.html,club_ul+club_link
414010,小笠原,バドミントン部,運動部,https://www.metro.ed.jp/ogasawara-h/school_life/activities.html,club_ul+club_link
414010,小笠原,硬式テニス部,運動部,https://www.metro.ed.jp/ogasawara-h/school_life/activities.html,club_ul+club_link
414010,小笠原,応援部,運動部,https://www.metro.ed.jp/ogasawara-h/school_life/activities.html,club_ul+club_link
414010,小笠原,バレーボール同好会,運動部,https://www.metro.ed.jp/ogasawara-h/school_life/activities.html,club_ul+club_link
414010,小笠原,野球同好会,運動部,https://www.metro.ed.jp/ogasawara-h/school_life/activities.html,club_ul+club_link
414010,小笠原,音楽部,文化部,https://www.metro.ed.jp/ogasawara-h/school_life/activities.html,club_ul+club_link
414010,小笠原,写真部,文化部,https://www.metro.ed.jp/ogasawara-h/school_life/activities.html,club_ul+club_link
414010,小笠原,イラスト部,文化部,https://www.metro.ed.jp/ogasawara-h/school_life/activities.html,club_ul+club_link
414010,小笠原,自然保護研究会,文化部,https://www.metro.ed.jp/ogasawara-h/school_life/activities.html,club_ul+club_link
414010,小笠原,サッカー部,部活動,https://www.metro.ed.jp/ogasawara-h/school_life/activities.html,club_ul+club_link
